id,designation,kind,chemical_name,formula,cas_number,ashrae_safety_group,ped_fluid_group,odp,gwp_ar4_100,gwp_eu_2024_573_100yr,gwp_eu_2024_573_basis,gwp_eu_2024_590_100yr,gwp_eu_2024_590_basis,normal_boiling_c,critical_temp_c,critical_pressure_bar_abs,triple_point_c,nominal_glide_k,normal_density_kg_m3,molar_mass_g_mol,thermo_conditions_json,lower_flammability_limit_vol_pct,autoignition_c,oil_notes_fi,oil_notes_en,oil_typical,oil_possible,legal_family,eu_annex,identity_status,composition_status,safety_status,thermo_status,regulatory_eu_fi_status,pt_status,identity_source_id,safety_source_id,environmental_source_id,thermo_source_id,regulatory_source_id,reviewed_at,fact_source_ids_json
r11,R11,pure,Trichlorofluoromethane,C_{1}Cl_{3}F_{1},75-69-4,A1,,1,,,,5560,EU-2024/590-Annex-I-GWP100,23.8,197.91,43.94,-110.47,not_applicable,,137.368000,"{""normal_boiling_c"":{""method"":""BITZER normal boiling/bubble point at ambient pressure"",""phase"":""saturation"",""pressureKPaAbsolute"":101.325,""temperatureC"":23.8}}",,,BITZERin taulukossa tavallinen öljy on mineraaliöljy (MO); muut mahdolliset: alkyylibentseeni (AB). Tarkista sopiva öljy ja viskositeetti kompressorimallin valmistajalta.,BITZER lists MO as typical oil; other possible types: AB. Confirm the oil and viscosity for the specific compressor model with its manufacturer.,MO,AB,CFC,ODS-I,verified,not_applicable,verified,partial,verified,unsupported,coolprop-mit;epa-ods-names,bitzer-refreport-table;coolprop-mit,eu-2024-590,bitzer-refreport-table;coolprop-mit,eu-2024-590,2026-09-25,"{""ashrae_safety_group"":[""coolprop-mit""],""chemical_name"":[""epa-ods-names""],""normal_boiling_c"":[""bitzer-refreport-table""],""odp"":[""eu-2024-590""],""oil_notes"":[""bitzer-refreport-table""],""oil_notes_en"":[""bitzer-refreport-table""],""oil_possible"":[""bitzer-refreport-table""],""oil_typical"":[""bitzer-refreport-table""]}"
r1123,R1123,pure,Trifluoroethylene,C2HF3,359-11-5,,,,,,,,,-61.239,58.58,45.488,-78.00,not_applicable,,82.02455000,"{""normal_boiling_c"":{""method"":""NIST-hosted paper Table 3; its footnote states all table properties were determined in this work except molar mass, critical temperature, and triple-point temperature."",""phase"":""saturation"",""pressureKPaAbsolute"":101.325,""temperatureC"":-61.239}}",,,,,,,,,verified,not_applicable,partial,partial,unsupported,unsupported,coolprop-mit;nist-refprop-identities,,,coolprop-mit;nist-r1123-eos-930091,,2026-09-30,"{""chemical_name"":[""nist-refprop-identities""],""normal_boiling_c"":[""nist-r1123-eos-930091""]}"
r113,R113,pure,"1,1,2-Trichlorotrifluoroethane",C_{2}Cl_{3}F_{3},76-13-1,A1,,0.8,,,,6520,EU-2024/590-Annex-I-GWP100,47.6,214.06000000000004,33.922,-36.22,not_applicable,,187.375000,"{""normal_boiling_c"":{""method"":""BITZER normal boiling/bubble point at ambient pressure"",""phase"":""saturation"",""pressureKPaAbsolute"":101.325,""temperatureC"":47.6}}",,,BITZERin taulukossa tavallinen öljy on mineraaliöljy (MO); muut mahdolliset: alkyylibentseeni (AB). Tarkista sopiva öljy ja viskositeetti kompressorimallin valmistajalta.,BITZER lists MO as typical oil; other possible types: AB. Confirm the oil and viscosity for the specific compressor model with its manufacturer.,MO,AB,CFC,ODS-I,verified,not_applicable,verified,partial,verified,unsupported,coolprop-mit;epa-ods-names,bitzer-refreport-table;coolprop-mit,eu-2024-590,bitzer-refreport-table;coolprop-mit,eu-2024-590,2026-09-25,"{""ashrae_safety_group"":[""coolprop-mit""],""chemical_name"":[""epa-ods-names""],""normal_boiling_c"":[""bitzer-refreport-table""],""odp"":[""eu-2024-590""],""oil_notes"":[""bitzer-refreport-table""],""oil_notes_en"":[""bitzer-refreport-table""],""oil_possible"":[""bitzer-refreport-table""],""oil_typical"":[""bitzer-refreport-table""]}"
r1130e,R1130(E),pure,"Trans-1,2-dichloroethene",ClCH=CHCl (trans),156-60-5,B2,,0.00024,,0,EU-2024/573-Annex-VI,,,48,242.54,52.5546,-49.84,not_applicable,,96.94328000,"{""normal_boiling_c"":{""method"":""BITZER normal boiling/bubble point at ambient pressure"",""phase"":""saturation"",""pressureKPaAbsolute"":101.325,""temperatureC"":48.0}}",,,,,,,non_fluorinated,none,verified,not_applicable,verified,partial,verified,unsupported,coolprop-mit;nist-r1130e-study,bitzer-refreport-table,coolprop-mit;eu-2024-573,bitzer-refreport-table;coolprop-mit,eu-2024-573;eu-2024-590,2026-09-25,"{""ashrae_safety_group"":[""bitzer-refreport-table""],""chemical_name"":[""nist-r1130e-study""],""gwp_eu_2024_573_100yr"":[""eu-2024-573""],""normal_boiling_c"":[""bitzer-refreport-table""],""odp"":[""coolprop-mit""]}"
r1132a,R1132a,pure,"1,1-Difluoroethylene",CH2=CF2,75-38-7,A2,,0,,0.052,EU-2024/573-Annex-II-AR6,,,-84,29.47,44.60494408005374,-162.15,not_applicable,,64.0340864000,"{""normal_boiling_c"":{""method"":""BITZER normal boiling/bubble point at ambient pressure"",""phase"":""saturation"",""pressureKPaAbsolute"":101.325,""temperatureC"":-84.0}}",,,BITZERin taulukossa tavallinen öljy on POE; muut mahdolliset: ei ilmoitettu. Tarkista sopiva öljy ja viskositeetti kompressorimallin valmistajalta.,BITZER lists POE as typical oil. Confirm the oil and viscosity for the specific compressor model with its manufacturer.,POE,,HFO,II-1,verified,not_applicable,verified,partial,verified,unsupported,coolprop-mit;eu-2024-573,bitzer-refreport-table;coolprop-mit,bitzer-refreport-table;eu-2024-573,bitzer-refreport-table;coolprop-mit,eu-2024-573,2026-09-25,"{""ashrae_safety_group"":[""coolprop-mit""],""chemical_name"":[""eu-2024-573""],""normal_boiling_c"":[""bitzer-refreport-table""],""odp"":[""bitzer-refreport-table""],""oil_notes"":[""bitzer-refreport-table""],""oil_notes_en"":[""bitzer-refreport-table""],""oil_typical"":[""bitzer-refreport-table""]}"
r1132e,R1132(E),pure,"Trans-1,2-difluoroethylene",CHF=CHF (trans),1630-78-0,B2,,0,,,,,,-52.5,75.67,51.737,-88.25,not_applicable,,64.035000,"{""normal_boiling_c"":{""method"":""BITZER normal boiling/bubble point at ambient pressure"",""phase"":""saturation"",""pressureKPaAbsolute"":101.325,""temperatureC"":-52.5},""triple_point_c"":{""method"":""NIST-hosted paper Table 1, fixed-point constants; the triple-point row cites Tomassetti et al. [8], not this EOS work."",""phase"":""triple_point"",""temperatureC"":-88.25}}",,,BITZERin taulukossa tavallinen öljy on POE; muut mahdolliset: ei ilmoitettu. Tarkista sopiva öljy ja viskositeetti kompressorimallin valmistajalta.,BITZER lists POE as typical oil. Confirm the oil and viscosity for the specific compressor model with its manufacturer.,POE,,HFO,II-1,verified,not_applicable,verified,partial,verified,unsupported,coolprop-mit;eu-2024-573,bitzer-refreport-table,bitzer-refreport-table,bitzer-refreport-table;coolprop-mit;nist-r1132e-eos-958728,eu-2024-573,2026-09-30,"{""ashrae_safety_group"":[""bitzer-refreport-table""],""chemical_name"":[""eu-2024-573""],""normal_boiling_c"":[""bitzer-refreport-table""],""odp"":[""bitzer-refreport-table""],""oil_notes"":[""bitzer-refreport-table""],""oil_notes_en"":[""bitzer-refreport-table""],""oil_typical"":[""bitzer-refreport-table""],""triple_point_c"":[""nist-r1132e-eos-958728""]}"
r114,R114,pure,Dichlorotetrafluoroethane,C_{2}Cl_{2}F_{4},76-14-2,A1,,1,,,,9430,EU-2024/590-Annex-I-GWP100,3.6,145.68,32.57,3E-14,not_applicable,,170.921000,"{""normal_boiling_c"":{""method"":""BITZER normal boiling/bubble point at ambient pressure"",""phase"":""saturation"",""pressureKPaAbsolute"":101.325,""temperatureC"":3.6}}",,,BITZERin taulukossa tavallinen öljy on mineraaliöljy (MO); muut mahdolliset: alkyylibentseeni (AB). Tarkista sopiva öljy ja viskositeetti kompressorimallin valmistajalta.,BITZER lists MO as typical oil; other possible types: AB. Confirm the oil and viscosity for the specific compressor model with its manufacturer.,MO,AB,CFC,ODS-I,verified,not_applicable,verified,partial,verified,unsupported,coolprop-mit;epa-ods-names,bitzer-refreport-table;coolprop-mit,eu-2024-590,bitzer-refreport-table;coolprop-mit,eu-2024-590,2026-09-25,"{""ashrae_safety_group"":[""coolprop-mit""],""chemical_name"":[""epa-ods-names""],""normal_boiling_c"":[""bitzer-refreport-table""],""odp"":[""eu-2024-590""],""oil_notes"":[""bitzer-refreport-table""],""oil_notes_en"":[""bitzer-refreport-table""],""oil_possible"":[""bitzer-refreport-table""],""oil_typical"":[""bitzer-refreport-table""]}"
r115,R115,pure,Monochloropentafluoroethane,C_{2}F_{5}Cl_{1},76-15-3,A1,,0.6,,,,9600,EU-2024/590-Annex-I-GWP100,-39.2,79.95,31.29036968278708,-99.58,not_applicable,,154.466416000,"{""normal_boiling_c"":{""method"":""BITZER normal boiling/bubble point at ambient pressure"",""phase"":""saturation"",""pressureKPaAbsolute"":101.325,""temperatureC"":-39.2}}",,,BITZERin taulukossa tavallinen öljy on mineraaliöljy (MO); muut mahdolliset: alkyylibentseeni (AB). Tarkista sopiva öljy ja viskositeetti kompressorimallin valmistajalta.,BITZER lists MO as typical oil; other possible types: AB. Confirm the oil and viscosity for the specific compressor model with its manufacturer.,MO,AB,CFC,ODS-I,verified,not_applicable,verified,partial,verified,unsupported,coolprop-mit;epa-ods-names,bitzer-refreport-table,eu-2024-590,bitzer-refreport-table;coolprop-mit,eu-2024-590,2026-09-25,"{""ashrae_safety_group"":[""bitzer-refreport-table""],""chemical_name"":[""epa-ods-names""],""normal_boiling_c"":[""bitzer-refreport-table""],""odp"":[""eu-2024-590""],""oil_notes"":[""bitzer-refreport-table""],""oil_notes_en"":[""bitzer-refreport-table""],""oil_possible"":[""bitzer-refreport-table""],""oil_typical"":[""bitzer-refreport-table""]}"
r1150,R1150,pure,Ethylene,C_{2}H_{4},74-85-1,A3,,0,,,,,,-103.8,9.20,50.418,-169.161,not_applicable,,28.05316000,"{""normal_boiling_c"":{""method"":""BITZER normal boiling/bubble point at ambient pressure"",""phase"":""saturation"",""pressureKPaAbsolute"":101.325,""temperatureC"":-103.8}}",,,BITZERin taulukossa tavallinen öljy on mineraaliöljy (MO); muut mahdolliset: PAO. Tarkista sopiva öljy ja viskositeetti kompressorimallin valmistajalta.,BITZER lists MO as typical oil; other possible types: PAO. Confirm the oil and viscosity for the specific compressor model with its manufacturer.,MO,PAO,natural,none,verified,not_applicable,verified,partial,verified,unsupported,coolprop-mit;epa-gwp-identities,bitzer-refreport-table;coolprop-mit,bitzer-refreport-table,bitzer-refreport-table;coolprop-mit,eu-2024-573;eu-2024-590,2026-09-25,"{""ashrae_safety_group"":[""coolprop-mit""],""chemical_name"":[""coolprop-mit""],""normal_boiling_c"":[""bitzer-refreport-table""],""odp"":[""bitzer-refreport-table""],""oil_notes"":[""bitzer-refreport-table""],""oil_notes_en"":[""bitzer-refreport-table""],""oil_possible"":[""bitzer-refreport-table""],""oil_typical"":[""bitzer-refreport-table""]}"
r116,R116,pure,Hexafluoroethane,C_{2}F_{6},76-16-4,A1,,0,,12400,EU-2024/573-Annex-I-AR6,,,-78.1,19.88000000000003,30.48,-100.04999999999998,not_applicable,,138.01182000,"{""normal_boiling_c"":{""method"":""BITZER normal boiling/bubble point at ambient pressure"",""phase"":""saturation"",""pressureKPaAbsolute"":101.325,""temperatureC"":-78.1}}",,,BITZERin taulukossa tavallinen öljy on POE; muut mahdolliset: ei ilmoitettu. Tarkista sopiva öljy ja viskositeetti kompressorimallin valmistajalta.,BITZER lists POE as typical oil. Confirm the oil and viscosity for the specific compressor model with its manufacturer.,POE,,PFC,I,verified,not_applicable,verified,partial,verified,unsupported,coolprop-mit;eu-2024-573,bitzer-refreport-table;coolprop-mit,bitzer-refreport-table;eu-2024-573,bitzer-refreport-table;coolprop-mit,eu-2024-573,2026-09-25,"{""ashrae_safety_group"":[""coolprop-mit""],""chemical_name"":[""eu-2024-573""],""normal_boiling_c"":[""bitzer-refreport-table""],""odp"":[""bitzer-refreport-table""],""oil_notes"":[""bitzer-refreport-table""],""oil_notes_en"":[""bitzer-refreport-table""],""oil_typical"":[""bitzer-refreport-table""]}"
r12,R12,pure,Dichlorodifluoromethane,C_{1}Cl_{2}F_{2},75-71-8,A1,,1,,,,11200,EU-2024/590-Annex-I-GWP100,-29.8,111.97,41.36100000000001,-157.051,not_applicable,,120.913000,"{""normal_boiling_c"":{""method"":""BITZER normal boiling/bubble point at ambient pressure"",""phase"":""saturation"",""pressureKPaAbsolute"":101.325,""temperatureC"":-29.8}}",,,BITZERin taulukossa tavallinen öljy on mineraaliöljy (MO); muut mahdolliset: alkyylibentseeni (AB). Tarkista sopiva öljy ja viskositeetti kompressorimallin valmistajalta.,BITZER lists MO as typical oil; other possible types: AB. Confirm the oil and viscosity for the specific compressor model with its manufacturer.,MO,AB,CFC,ODS-I,verified,not_applicable,verified,partial,verified,unsupported,coolprop-mit;epa-ods-names,bitzer-refreport-table;coolprop-mit,eu-2024-590,bitzer-refreport-table;coolprop-mit,eu-2024-590,2026-09-25,"{""ashrae_safety_group"":[""coolprop-mit""],""chemical_name"":[""epa-ods-names""],""normal_boiling_c"":[""bitzer-refreport-table""],""odp"":[""eu-2024-590""],""oil_notes"":[""bitzer-refreport-table""],""oil_notes_en"":[""bitzer-refreport-table""],""oil_possible"":[""bitzer-refreport-table""],""oil_typical"":[""bitzer-refreport-table""]}"
r1224ydz,R1224YDZ,pure,"(Z)-1-Chloro-2,3,3,3-tetrafluoropropene",CF3CF=CHCl (cis),111512-60-8,A1,,0.00012,,,,,,14.6,155.54,33.34,-115.35,not_applicable,,148.48670000000003000,"{""normal_boiling_c"":{""method"":""BITZER normal boiling/bubble point at ambient pressure"",""phase"":""saturation"",""pressureKPaAbsolute"":101.325,""temperatureC"":14.6}}",,,BITZERin taulukossa tavallinen öljy on POE; muut mahdolliset: ei ilmoitettu. Tarkista sopiva öljy ja viskositeetti kompressorimallin valmistajalta.,BITZER lists POE as typical oil. Confirm the oil and viscosity for the specific compressor model with its manufacturer.,POE,,,,verified,not_applicable,verified,partial,unsupported,unsupported,agc-1224yd-technical;coolprop-mit,bitzer-refreport-table,bitzer-refreport-table,bitzer-refreport-table;coolprop-mit,,2026-09-25,"{""ashrae_safety_group"":[""bitzer-refreport-table""],""chemical_name"":[""agc-1224yd-technical""],""normal_boiling_c"":[""bitzer-refreport-table""],""odp"":[""bitzer-refreport-table""],""oil_notes"":[""bitzer-refreport-table""],""oil_notes_en"":[""bitzer-refreport-table""],""oil_typical"":[""bitzer-refreport-table""]}"
r123,R123,pure,Dichlorotrifluoroethane,C_{2}Cl_{2}F_{3}H_{1},306-83-2,B1,,0.020,,,,90.4,EU-2024/590-Annex-I-GWP100,27.8,183.681,36.72,-107.15,not_applicable,,152.931000,"{""normal_boiling_c"":{""method"":""BITZER normal boiling/bubble point at ambient pressure"",""phase"":""saturation"",""pressureKPaAbsolute"":101.325,""temperatureC"":27.8}}",,,BITZERin taulukossa tavallinen öljy on mineraaliöljy (MO); muut mahdolliset: alkyylibentseeni (AB). Tarkista sopiva öljy ja viskositeetti kompressorimallin valmistajalta.,BITZER lists MO as typical oil; other possible types: AB. Confirm the oil and viscosity for the specific compressor model with its manufacturer.,MO,AB,HCFC,ODS-I,verified,not_applicable,verified,partial,verified,unsupported,coolprop-mit;epa-ods-names,bitzer-refreport-table;coolprop-mit,eu-2024-590,bitzer-refreport-table;coolprop-mit,eu-2024-590,2026-09-25,"{""ashrae_safety_group"":[""coolprop-mit""],""chemical_name"":[""epa-ods-names""],""normal_boiling_c"":[""bitzer-refreport-table""],""odp"":[""eu-2024-590""],""oil_notes"":[""bitzer-refreport-table""],""oil_notes_en"":[""bitzer-refreport-table""],""oil_possible"":[""bitzer-refreport-table""],""oil_typical"":[""bitzer-refreport-table""]}"
r1233zde,R1233zd(E),pure,"Trans-1-chloro-3,3,3-trifluoropropene",CF3CH=CHCl,102687-65-0,A1,,0.00034,,,,,,18.3,165.71,35.828,-107.40,not_applicable,,130.4962000,"{""normal_boiling_c"":{""method"":""BITZER normal boiling/bubble point at ambient pressure"",""phase"":""saturation"",""pressureKPaAbsolute"":101.325,""temperatureC"":18.3}}",,,BITZERin taulukossa tavallinen öljy on POE; muut mahdolliset: ei ilmoitettu. Tarkista sopiva öljy ja viskositeetti kompressorimallin valmistajalta.,BITZER lists POE as typical oil. Confirm the oil and viscosity for the specific compressor model with its manufacturer.,POE,,,,verified,not_applicable,verified,partial,unsupported,unsupported,coolprop-mit;honeywell-1233zd-identity,bitzer-refreport-table,bitzer-refreport-table,bitzer-refreport-table;coolprop-mit,,2026-09-25,"{""ashrae_safety_group"":[""bitzer-refreport-table""],""chemical_name"":[""honeywell-1233zd-identity""],""normal_boiling_c"":[""bitzer-refreport-table""],""odp"":[""bitzer-refreport-table""],""oil_notes"":[""bitzer-refreport-table""],""oil_notes_en"":[""bitzer-refreport-table""],""oil_typical"":[""bitzer-refreport-table""]}"
r1234yf,R1234yf,pure,"2,3,3,3-Tetrafluoroprop-1-ene",C_{3}F_{4}H_{2},754-12-1,A2L,,0,,0.501,EU-2024/573-Annex-II-AR6,,,-29.5,94.70,33.844,-151.55,not_applicable,,114.0416000,"{""autoignition_c"":{""method"":""EC Physico/Chemical Test A15; measured by Chilworth Technology"",""phase"":""gas_in_air""},""lower_flammability_limit_vol_pct"":{""method"":""ASTM E681-04"",""phase"":""gas_in_air"",""temperatureC"":21},""normal_boiling_c"":{""method"":""BITZER normal boiling/bubble point at ambient pressure"",""phase"":""saturation"",""pressureKPaAbsolute"":101.325,""temperatureC"":-29.5}}",6.2,405,BITZERin taulukossa tavallinen öljy on POE; muut mahdolliset: PVE. Tarkista sopiva öljy ja viskositeetti kompressorimallin valmistajalta.,BITZER lists POE as typical oil; other possible types: PVE. Confirm the oil and viscosity for the specific compressor model with its manufacturer.,POE,PVE,HFO,II-1,verified,not_applicable,verified,partial,verified,unsupported,coolprop-mit;epa-hfo-yf-name,bitzer-refreport-table;chemours-opteon-2021;chemours-yf-bulletin,bitzer-refreport-table;eu-2024-573,bitzer-refreport-table;coolprop-mit,eu-2024-573,2026-09-25,"{""autoignition_c"":[""chemours-yf-bulletin""],""chemical_name"":[""epa-hfo-yf-name""],""lower_flammability_limit_vol_pct"":[""chemours-yf-bulletin""],""normal_boiling_c"":[""bitzer-refreport-table""],""odp"":[""bitzer-refreport-table""],""oil_notes"":[""bitzer-refreport-table""],""oil_notes_en"":[""bitzer-refreport-table""],""oil_possible"":[""bitzer-refreport-table""],""oil_typical"":[""bitzer-refreport-table""]}"
r1234zee,R1234ze(E),pure,"Trans-1,3,3,3-tetrafluoroprop-1-ene",C_{3}F_{4}H_{2},29118-24-9,A2L,,0,,1.37,EU-2024/573-Annex-II-AR6,,,-19,109.37,36.353763491348797,-104.53,not_applicable,,114.0415928000,"{""normal_boiling_c"":{""method"":""BITZER normal boiling/bubble point at ambient pressure"",""phase"":""saturation"",""pressureKPaAbsolute"":101.325,""temperatureC"":-19.0}}",,,BITZERin taulukossa tavallinen öljy on POE; muut mahdolliset: PVE. Tarkista sopiva öljy ja viskositeetti kompressorimallin valmistajalta.,BITZER lists POE as typical oil; other possible types: PVE. Confirm the oil and viscosity for the specific compressor model with its manufacturer.,POE,PVE,HFO,II-1,verified,not_applicable,verified,partial,verified,unsupported,coolprop-mit;epa-hfo-ze-name,bitzer-refreport-table,bitzer-refreport-table;eu-2024-573,bitzer-refreport-table;coolprop-mit,eu-2024-573,2026-09-25,"{""ashrae_safety_group"":[""bitzer-refreport-table""],""chemical_name"":[""epa-hfo-ze-name""],""normal_boiling_c"":[""bitzer-refreport-table""],""odp"":[""bitzer-refreport-table""],""oil_notes"":[""bitzer-refreport-table""],""oil_notes_en"":[""bitzer-refreport-table""],""oil_possible"":[""bitzer-refreport-table""],""oil_typical"":[""bitzer-refreport-table""]}"
r1234zez,R1234ze(Z),pure,"Cis-1,3,3,3-tetrafluoropropene",C_{3}F_{4}H_{2},29118-25-0,,,,,,,,,,150.12,35.306196704496597,-0.15,not_applicable,,114.0416000,,,,,,,,,,verified,not_applicable,partial,partial,unsupported,unsupported,coolprop-mit;nist-refprop-identities,,,coolprop-mit,,2026-09-25,"{""chemical_name"":[""nist-refprop-identities""]}"
r124,R124,pure,Monochlorotetrafluoroethane,C_{2}Cl_{1}F_{4}H_{1},2837-89-0,A1,,0.022,,,,597,EU-2024/590-Annex-I-GWP100,-12,122.275,36.24295,-153.15,not_applicable,,136.4762000,"{""normal_boiling_c"":{""method"":""BITZER normal boiling/bubble point at ambient pressure"",""phase"":""saturation"",""pressureKPaAbsolute"":101.325,""temperatureC"":-12.0}}",,,BITZERin taulukossa tavallinen öljy on mineraaliöljy (MO); muut mahdolliset: alkyylibentseeni (AB). Tarkista sopiva öljy ja viskositeetti kompressorimallin valmistajalta.,BITZER lists MO as typical oil; other possible types: AB. Confirm the oil and viscosity for the specific compressor model with its manufacturer.,MO,AB,HCFC,ODS-I,verified,not_applicable,verified,partial,verified,unsupported,coolprop-mit;epa-ods-names,bitzer-refreport-table;coolprop-mit,eu-2024-590,bitzer-refreport-table;coolprop-mit,eu-2024-590,2026-09-25,"{""ashrae_safety_group"":[""coolprop-mit""],""chemical_name"":[""epa-ods-names""],""normal_boiling_c"":[""bitzer-refreport-table""],""odp"":[""eu-2024-590""],""oil_notes"":[""bitzer-refreport-table""],""oil_notes_en"":[""bitzer-refreport-table""],""oil_possible"":[""bitzer-refreport-table""],""oil_typical"":[""bitzer-refreport-table""]}"
r1243zf,R1243zf,pure,"3,3,3-Trifluoropropene",C_{3}F_{3}H_{3},677-21-4,,,0.0,,,,,,,103.78,35.137,-150.80,not_applicable,,96.05113000,,,,,,,,HFO,,verified,not_applicable,partial,partial,unsupported,unsupported,coolprop-mit;nist-refprop-identities;epa-hfo-1243zf-family,,coolprop-mit,coolprop-mit,,2026-10-02,"{""chemical_name"":[""nist-refprop-identities""],""odp"":[""coolprop-mit""]}"
r125,R125,pure,Pentafluoroethane,C_{2}F_{5}H_{1},354-33-6,A1,,0,3500,3500,EU-2024/573-Annex-I-AR4,,,-48.5,66.023,36.177,-100.63,not_applicable,,120.0214000,"{""normal_boiling_c"":{""method"":""BITZER normal boiling/bubble point at ambient pressure"",""phase"":""saturation"",""pressureKPaAbsolute"":101.325,""temperatureC"":-48.5}}",,,BITZERin taulukossa tavallinen öljy on POE; muut mahdolliset: PVE. Tarkista sopiva öljy ja viskositeetti kompressorimallin valmistajalta.,BITZER lists POE as typical oil; other possible types: PVE. Confirm the oil and viscosity for the specific compressor model with its manufacturer.,POE,PVE,HFC,I,verified,not_applicable,verified,partial,verified,unsupported,coolprop-mit;eu-2024-573,bitzer-refreport-table,bitzer-refreport-table;eu-2024-573,bitzer-refreport-table;coolprop-mit,eu-2024-573,2026-09-25,"{""ashrae_safety_group"":[""bitzer-refreport-table""],""chemical_name"":[""eu-2024-573""],""normal_boiling_c"":[""bitzer-refreport-table""],""odp"":[""bitzer-refreport-table""],""oil_notes"":[""bitzer-refreport-table""],""oil_notes_en"":[""bitzer-refreport-table""],""oil_possible"":[""bitzer-refreport-table""],""oil_typical"":[""bitzer-refreport-table""]}"
r1270,R1270,pure,Propylene,C_{3}H_{6},115-07-1,A3,,0,,,,,,-47.6,91.061,45.55,-185.197,not_applicable,,42.07974000,"{""normal_boiling_c"":{""method"":""BITZER normal boiling/bubble point at ambient pressure"",""phase"":""saturation"",""pressureKPaAbsolute"":101.325,""temperatureC"":-47.6}}",,,"BITZERin taulukossa tavallinen öljy on PAO; muut mahdolliset: PAG, POE. Tarkista sopiva öljy ja viskositeetti kompressorimallin valmistajalta.","BITZER lists PAO as typical oil; other possible types: PAG, POE. Confirm the oil and viscosity for the specific compressor model with its manufacturer.",PAO,PAG;POE,natural,none,verified,not_applicable,verified,partial,verified,unsupported,coolprop-mit;epa-gwp-identities,bitzer-refreport-table;linde-2019-safety,bitzer-refreport-table,bitzer-refreport-table;coolprop-mit,eu-2024-573;eu-2024-590,2026-09-25,"{""chemical_name"":[""coolprop-mit""],""normal_boiling_c"":[""bitzer-refreport-table""],""odp"":[""bitzer-refreport-table""],""oil_notes"":[""bitzer-refreport-table""],""oil_notes_en"":[""bitzer-refreport-table""],""oil_possible"":[""bitzer-refreport-table""],""oil_typical"":[""bitzer-refreport-table""]}"
r13,R13,pure,Chlorotrifluoromethane,C_{1}Cl_{1}F_{3},75-72-9,A1,,1,,,,16200,EU-2024/590-Annex-I-GWP100,-81.4,28.73,38.79,-175.00,not_applicable,,104.459000,"{""normal_boiling_c"":{""method"":""BITZER normal boiling/bubble point at ambient pressure"",""phase"":""saturation"",""pressureKPaAbsolute"":101.325,""temperatureC"":-81.4}}",,,BITZERin taulukossa tavallinen öljy on mineraaliöljy (MO); muut mahdolliset: alkyylibentseeni (AB). Tarkista sopiva öljy ja viskositeetti kompressorimallin valmistajalta.,BITZER lists MO as typical oil; other possible types: AB. Confirm the oil and viscosity for the specific compressor model with its manufacturer.,MO,AB,CFC,ODS-I,verified,not_applicable,verified,partial,verified,unsupported,coolprop-mit;epa-ods-names,bitzer-refreport-table;coolprop-mit,eu-2024-590,bitzer-refreport-table;coolprop-mit,eu-2024-590,2026-09-25,"{""ashrae_safety_group"":[""coolprop-mit""],""chemical_name"":[""epa-ods-names""],""normal_boiling_c"":[""bitzer-refreport-table""],""odp"":[""eu-2024-590""],""oil_notes"":[""bitzer-refreport-table""],""oil_notes_en"":[""bitzer-refreport-table""],""oil_possible"":[""bitzer-refreport-table""],""oil_typical"":[""bitzer-refreport-table""]}"
r1336mzze,R1336mzz(E),pure,"Trans-1,1,1,4,4,4-hexafluoro-2-butene",C_{4}H_{2}F_{6},66711-86-2,A1,,0.0,,17.9,EU-2024/573-Annex-II-AR6,,,7.6,130.38,27.790022154927077,-73.00,not_applicable,,164.0491000,"{""normal_boiling_c"":{""method"":""BITZER normal boiling/bubble point at ambient pressure"",""phase"":""saturation"",""pressureKPaAbsolute"":101.325,""temperatureC"":7.6}}",,,,,,,HFO,II-1,verified,not_applicable,verified,partial,verified,unsupported,coolprop-mit;epa-1336-isomers,coolprop-mit,coolprop-mit;eu-2024-573,bitzer-refreport-table;coolprop-mit,eu-2024-573,2026-09-25,"{""ashrae_safety_group"":[""coolprop-mit""],""chemical_name"":[""epa-1336-isomers""],""gwp_eu_2024_573_100yr"":[""eu-2024-573""],""normal_boiling_c"":[""bitzer-refreport-table""],""odp"":[""coolprop-mit""]}"
r1336mzzz,R1336mzz(Z),pure,"Cis-1,1,1,4,4,4-hexafluoro-2-butene",C4H2F6,692-49-9,A1,,0.0,,2.08,EU-2024/573-Annex-II-AR6,,,33.5,171.35,29.03,-90.50,not_applicable,,164.056000,"{""normal_boiling_c"":{""method"":""BITZER normal boiling/bubble point at ambient pressure"",""phase"":""saturation"",""pressureKPaAbsolute"":101.325,""temperatureC"":33.5}}",,,,,,,HFO,II-1,verified,not_applicable,verified,partial,verified,unsupported,coolprop-mit;epa-1336-isomers,coolprop-mit,coolprop-mit;eu-2024-573,bitzer-refreport-table;coolprop-mit,eu-2024-573,2026-09-25,"{""ashrae_safety_group"":[""coolprop-mit""],""chemical_name"":[""epa-1336-isomers""],""gwp_eu_2024_573_100yr"":[""eu-2024-573""],""normal_boiling_c"":[""bitzer-refreport-table""],""odp"":[""coolprop-mit""]}"
r134a,R134a,pure,"1,1,1,2-Tetrafluoroethane",C_{2}F_{4}H_{2},811-97-2,A1,,0,1430,1430,EU-2024/573-Annex-I-AR4,,,-26.1,101.06,40.5928,-103.30,not_applicable,,102.032000,"{""normal_boiling_c"":{""method"":""BITZER normal boiling/bubble point at ambient pressure"",""phase"":""saturation"",""pressureKPaAbsolute"":101.325,""temperatureC"":-26.1}}",,,BITZERin taulukossa tavallinen öljy on POE; muut mahdolliset: PVE. Tarkista sopiva öljy ja viskositeetti kompressorimallin valmistajalta.,BITZER lists POE as typical oil; other possible types: PVE. Confirm the oil and viscosity for the specific compressor model with its manufacturer.,POE,PVE,HFC,I,verified,not_applicable,verified,partial,verified,unsupported,arkema-r134a;coolprop-mit,arkema-r134a;bitzer-refreport-table,bitzer-refreport-table;eu-2024-573,bitzer-refreport-table;coolprop-mit,eu-2024-573,2026-09-25,"{""chemical_name"":[""arkema-r134a""],""normal_boiling_c"":[""bitzer-refreport-table""],""odp"":[""bitzer-refreport-table""],""oil_notes"":[""bitzer-refreport-table""],""oil_notes_en"":[""bitzer-refreport-table""],""oil_possible"":[""bitzer-refreport-table""],""oil_typical"":[""bitzer-refreport-table""]}"
r13i1,R13I1,pure,Trifluoroiodomethane,CF3I,2314-97-8,A1,,,,,,,,,,,,not_applicable,,,,,,,,,,,,verified,not_applicable,verified,unsupported,unsupported,unsupported,coolprop-r13i1-v3;epa-cf3i-identity-v3,ashrae-handbook-f25-safety,,,,2026-09-25,"{""chemical_name"":[""epa-cf3i-identity-v3""],""ashrae_safety_group"":[""ashrae-handbook-f25-safety""]}"
r14,R14,pure,Tetrafluoromethane,C_{1}F_{4},75-73-0,A1,,0,,7380,EU-2024/573-Annex-I-AR6,,,-127.9,-45.64,37.5,-153.15,not_applicable,,88.0046000,"{""normal_boiling_c"":{""method"":""BITZER normal boiling/bubble point at ambient pressure"",""phase"":""saturation"",""pressureKPaAbsolute"":101.325,""temperatureC"":-127.9}}",,,BITZERin taulukossa tavallinen öljy on POE; muut mahdolliset: ei ilmoitettu. Tarkista sopiva öljy ja viskositeetti kompressorimallin valmistajalta.,BITZER lists POE as typical oil. Confirm the oil and viscosity for the specific compressor model with its manufacturer.,POE,,PFC,I,verified,not_applicable,verified,partial,verified,unsupported,coolprop-mit;eu-2024-573,bitzer-refreport-table,bitzer-refreport-table;eu-2024-573,bitzer-refreport-table;coolprop-mit,eu-2024-573,2026-09-25,"{""ashrae_safety_group"":[""bitzer-refreport-table""],""chemical_name"":[""eu-2024-573""],""normal_boiling_c"":[""bitzer-refreport-table""],""odp"":[""bitzer-refreport-table""],""oil_notes"":[""bitzer-refreport-table""],""oil_notes_en"":[""bitzer-refreport-table""],""oil_typical"":[""bitzer-refreport-table""]}"
r141b,R141b,pure,Dichlorofluoroethane,C_{2}Cl_{2}F_{1}H_{3},1717-00-6,,,0.110,,,,860,EU-2024/590-Annex-I-GWP100,32,204.35,42.12,-103.47,not_applicable,,116.94962000,"{""normal_boiling_c"":{""method"":""BITZER normal boiling/bubble point at ambient pressure"",""phase"":""saturation"",""pressureKPaAbsolute"":101.325,""temperatureC"":32.0}}",,,BITZERin taulukossa tavallinen öljy on mineraaliöljy (MO); muut mahdolliset: alkyylibentseeni (AB). Tarkista sopiva öljy ja viskositeetti kompressorimallin valmistajalta.,BITZER lists MO as typical oil; other possible types: AB. Confirm the oil and viscosity for the specific compressor model with its manufacturer.,MO,AB,HCFC,ODS-I,verified,not_applicable,partial,partial,verified,unsupported,coolprop-mit;epa-ods-names,bitzer-refreport-table,eu-2024-590,bitzer-refreport-table;coolprop-mit,eu-2024-590,2026-09-25,"{""chemical_name"":[""epa-ods-names""],""normal_boiling_c"":[""bitzer-refreport-table""],""odp"":[""eu-2024-590""],""oil_notes"":[""bitzer-refreport-table""],""oil_notes_en"":[""bitzer-refreport-table""],""oil_possible"":[""bitzer-refreport-table""],""oil_typical"":[""bitzer-refreport-table""]}"
r142b,R142b,pure,Monochlorodifluoroethane,C_{2}Cl_{1}F_{2}H_{3},75-68-3,A2,,0.065,,,,2300,EU-2024/590-Annex-I-GWP100,-9.1,137.11,40.55,-130.43,not_applicable,,100.49503000,"{""normal_boiling_c"":{""method"":""BITZER normal boiling/bubble point at ambient pressure"",""phase"":""saturation"",""pressureKPaAbsolute"":101.325,""temperatureC"":-9.1}}",,,BITZERin taulukossa tavallinen öljy on mineraaliöljy (MO); muut mahdolliset: alkyylibentseeni (AB). Tarkista sopiva öljy ja viskositeetti kompressorimallin valmistajalta.,BITZER lists MO as typical oil; other possible types: AB. Confirm the oil and viscosity for the specific compressor model with its manufacturer.,MO,AB,HCFC,ODS-I,verified,not_applicable,verified,partial,verified,unsupported,coolprop-mit;epa-ods-names,bitzer-refreport-table;coolprop-mit,eu-2024-590,bitzer-refreport-table;coolprop-mit,eu-2024-590,2026-09-25,"{""ashrae_safety_group"":[""coolprop-mit""],""chemical_name"":[""epa-ods-names""],""normal_boiling_c"":[""bitzer-refreport-table""],""odp"":[""eu-2024-590""],""oil_notes"":[""bitzer-refreport-table""],""oil_notes_en"":[""bitzer-refreport-table""],""oil_possible"":[""bitzer-refreport-table""],""oil_typical"":[""bitzer-refreport-table""]}"
r143a,R143a,pure,"1,1,1-Trifluoroethane",C_{2}F_{3}H_{3},420-46-2,A2L,,0,4470,4470,EU-2024/573-Annex-I-AR4,,,-47.2,72.707,37.61,-111.81,not_applicable,,84.04099999999999000,"{""normal_boiling_c"":{""method"":""BITZER normal boiling/bubble point at ambient pressure"",""phase"":""saturation"",""pressureKPaAbsolute"":101.325,""temperatureC"":-47.2}}",,,BITZERin taulukossa tavallinen öljy on POE; muut mahdolliset: PVE. Tarkista sopiva öljy ja viskositeetti kompressorimallin valmistajalta.,BITZER lists POE as typical oil; other possible types: PVE. Confirm the oil and viscosity for the specific compressor model with its manufacturer.,POE,PVE,HFC,I,verified,not_applicable,verified,partial,verified,unsupported,coolprop-mit;eu-2024-573,bitzer-refreport-table;coolprop-mit,bitzer-refreport-table;eu-2024-573,bitzer-refreport-table;coolprop-mit,eu-2024-573,2026-09-25,"{""ashrae_safety_group"":[""bitzer-refreport-table""],""chemical_name"":[""eu-2024-573""],""normal_boiling_c"":[""bitzer-refreport-table""],""odp"":[""bitzer-refreport-table""],""oil_notes"":[""bitzer-refreport-table""],""oil_notes_en"":[""bitzer-refreport-table""],""oil_possible"":[""bitzer-refreport-table""],""oil_typical"":[""bitzer-refreport-table""]}"
r152a,R152A,pure,"1,1-Difluoroethane",C_{2}F_{2}H_{4},75-37-6,A2,,0,124,124,EU-2024/573-Annex-I-AR4,,,-24,113.261,45.2,-118.59,not_applicable,,66.051000,"{""lower_flammability_limit_vol_pct"":{""method"":""Chemours comparison table 2; test temperature not stated"",""phase"":""gas_in_air""},""normal_boiling_c"":{""method"":""BITZER normal boiling/bubble point at ambient pressure"",""phase"":""saturation"",""pressureKPaAbsolute"":101.325,""temperatureC"":-24.0}}",3.9,,BITZERin taulukossa tavallinen öljy on POE; muut mahdolliset: PVE. Tarkista sopiva öljy ja viskositeetti kompressorimallin valmistajalta.,BITZER lists POE as typical oil; other possible types: PVE. Confirm the oil and viscosity for the specific compressor model with its manufacturer.,POE,PVE,HFC,I,verified,not_applicable,verified,partial,verified,unsupported,coolprop-mit;eu-2024-573,bitzer-refreport-table;chemours-a2l-charge-guidance;coolprop-mit,bitzer-refreport-table;eu-2024-573,bitzer-refreport-table;coolprop-mit,eu-2024-573,2026-09-25,"{""ashrae_safety_group"":[""coolprop-mit""],""chemical_name"":[""eu-2024-573""],""lower_flammability_limit_vol_pct"":[""chemours-a2l-charge-guidance""],""normal_boiling_c"":[""bitzer-refreport-table""],""odp"":[""bitzer-refreport-table""],""oil_notes"":[""bitzer-refreport-table""],""oil_notes_en"":[""bitzer-refreport-table""],""oil_possible"":[""bitzer-refreport-table""],""oil_typical"":[""bitzer-refreport-table""]}"
r161,R161,pure,Fluoroethane,C_{2}F_{1}H_{5},353-36-6,,,,12,12,EU-2024/573-Annex-I-AR4,,,,102.10,50.1,-143.15,not_applicable,,48.0595000,,,,,,,,HFC,I,verified,not_applicable,partial,partial,verified,unsupported,coolprop-mit;eu-2024-573,,eu-2024-573,coolprop-mit,eu-2024-573,2026-09-25,"{""chemical_name"":[""eu-2024-573""]}"
r170,R170,pure,Ethane,C_{2}H_{6},74-84-0,A3,,0,,,,,,-88.6,32.172,48.722,-182.782,not_applicable,,30.06904000,"{""normal_boiling_c"":{""method"":""BITZER normal boiling/bubble point at ambient pressure"",""phase"":""saturation"",""pressureKPaAbsolute"":101.325,""temperatureC"":-88.6}}",,,"BITZERin taulukossa tavallinen öljy on PAO; muut mahdolliset: mineraaliöljy (MO), POE. Tarkista sopiva öljy ja viskositeetti kompressorimallin valmistajalta.","BITZER lists PAO as typical oil; other possible types: MO, POE. Confirm the oil and viscosity for the specific compressor model with its manufacturer.",PAO,MO;POE,natural,none,verified,not_applicable,verified,partial,verified,unsupported,coolprop-mit;epa-gwp-identities,bitzer-refreport-table;coolprop-mit,bitzer-refreport-table,bitzer-refreport-table;coolprop-mit,eu-2024-573;eu-2024-590,2026-09-25,"{""ashrae_safety_group"":[""coolprop-mit""],""chemical_name"":[""coolprop-mit""],""normal_boiling_c"":[""bitzer-refreport-table""],""odp"":[""bitzer-refreport-table""],""oil_notes"":[""bitzer-refreport-table""],""oil_notes_en"":[""bitzer-refreport-table""],""oil_possible"":[""bitzer-refreport-table""],""oil_typical"":[""bitzer-refreport-table""]}"
r21,R21,pure,Dichlorofluoromethane,C_{1}Cl_{2}F_{1}H_{1},75-43-4,B1,,0.040,,,,160,EU-2024/590-Annex-I-GWP100,,178.33,51.812,-73.15,not_applicable,,102.9227000,,,,,,,,HCFC,ODS-I,verified,not_applicable,verified,partial,verified,unsupported,coolprop-mit;epa-ods-names,coolprop-mit,eu-2024-590,coolprop-mit,eu-2024-590,2026-09-25,"{""ashrae_safety_group"":[""coolprop-mit""],""chemical_name"":[""epa-ods-names""],""odp"":[""eu-2024-590""]}"
r218,R218,pure,Octafluoropropane,C_{3}F_{8},76-19-7,A1,,0,,9290,EU-2024/573-Annex-I-AR6,,,-36.8,71.87,26.4,-147.70,not_applicable,,188.01933000,"{""normal_boiling_c"":{""method"":""BITZER normal boiling/bubble point at ambient pressure"",""phase"":""saturation"",""pressureKPaAbsolute"":101.325,""temperatureC"":-36.8}}",,,BITZERin taulukossa tavallinen öljy on POE; muut mahdolliset: ei ilmoitettu. Tarkista sopiva öljy ja viskositeetti kompressorimallin valmistajalta.,BITZER lists POE as typical oil. Confirm the oil and viscosity for the specific compressor model with its manufacturer.,POE,,PFC,I,verified,not_applicable,verified,partial,verified,unsupported,coolprop-mit;eu-2024-573,bitzer-refreport-table;coolprop-mit,bitzer-refreport-table;eu-2024-573,bitzer-refreport-table;coolprop-mit,eu-2024-573,2026-09-25,"{""ashrae_safety_group"":[""coolprop-mit""],""chemical_name"":[""eu-2024-573""],""normal_boiling_c"":[""bitzer-refreport-table""],""odp"":[""bitzer-refreport-table""],""oil_notes"":[""bitzer-refreport-table""],""oil_notes_en"":[""bitzer-refreport-table""],""oil_typical"":[""bitzer-refreport-table""]}"
r22,R22,pure,Monochlorodifluoromethane,C_{1}Cl_{1}F_{2}H_{1},75-45-6,A1,,0.055,,,,1960,EU-2024/590-Annex-I-GWP100,-40.7,96.145,49.9,-157.42,not_applicable,,86.468000,"{""normal_boiling_c"":{""method"":""BITZER normal boiling/bubble point at ambient pressure"",""phase"":""saturation"",""pressureKPaAbsolute"":101.325,""temperatureC"":-40.7}}",,,BITZERin taulukossa tavallinen öljy on mineraaliöljy (MO); muut mahdolliset: alkyylibentseeni (AB). Tarkista sopiva öljy ja viskositeetti kompressorimallin valmistajalta.,BITZER lists MO as typical oil; other possible types: AB. Confirm the oil and viscosity for the specific compressor model with its manufacturer.,MO,AB,HCFC,ODS-I,verified,not_applicable,verified,partial,verified,unsupported,coolprop-mit;epa-ods-names,arkema-r22-2025;bitzer-refreport-table,eu-2024-590,bitzer-refreport-table;coolprop-mit,eu-2024-590,2026-09-25,"{""chemical_name"":[""epa-ods-names""],""normal_boiling_c"":[""bitzer-refreport-table""],""odp"":[""eu-2024-590""],""oil_notes"":[""bitzer-refreport-table""],""oil_notes_en"":[""bitzer-refreport-table""],""oil_possible"":[""bitzer-refreport-table""],""oil_typical"":[""bitzer-refreport-table""]}"
r227ea,R227EA,pure,"1,1,1,2,3,3,3-Heptafluoropropane",C_{3}F_{7}H_{1},431-89-0,A1,,0,3220,3220,EU-2024/573-Annex-I-AR4,,,-16.3,101.75000000000003,29.252422339447653,-126.80,not_applicable,,170.02886000,"{""normal_boiling_c"":{""method"":""BITZER normal boiling/bubble point at ambient pressure"",""phase"":""saturation"",""pressureKPaAbsolute"":101.325,""temperatureC"":-16.3}}",,,BITZERin taulukossa tavallinen öljy on POE; muut mahdolliset: PVE. Tarkista sopiva öljy ja viskositeetti kompressorimallin valmistajalta.,BITZER lists POE as typical oil; other possible types: PVE. Confirm the oil and viscosity for the specific compressor model with its manufacturer.,POE,PVE,HFC,I,verified,not_applicable,verified,partial,verified,unsupported,coolprop-mit;eu-2024-573,bitzer-refreport-table;coolprop-mit,bitzer-refreport-table;eu-2024-573,bitzer-refreport-table;coolprop-mit,eu-2024-573,2026-09-25,"{""ashrae_safety_group"":[""coolprop-mit""],""chemical_name"":[""eu-2024-573""],""normal_boiling_c"":[""bitzer-refreport-table""],""odp"":[""bitzer-refreport-table""],""oil_notes"":[""bitzer-refreport-table""],""oil_notes_en"":[""bitzer-refreport-table""],""oil_possible"":[""bitzer-refreport-table""],""oil_typical"":[""bitzer-refreport-table""]}"
r23,R23,pure,Trifluoromethane,C_{1}F_{3}H_{1},75-46-7,A1,,0,14800,14800,EU-2024/573-Annex-I-AR4,,,-82,26.143,48.32,-155.13,not_applicable,,70.01385000,"{""normal_boiling_c"":{""method"":""BITZER normal boiling/bubble point at ambient pressure"",""phase"":""saturation"",""pressureKPaAbsolute"":101.325,""temperatureC"":-82.0}}",,,BITZERin taulukossa tavallinen öljy on POE; muut mahdolliset: PVE. Tarkista sopiva öljy ja viskositeetti kompressorimallin valmistajalta.,BITZER lists POE as typical oil; other possible types: PVE. Confirm the oil and viscosity for the specific compressor model with its manufacturer.,POE,PVE,HFC,I,verified,not_applicable,verified,partial,verified,unsupported,coolprop-mit;eu-2024-573,bitzer-refreport-table;coolprop-mit,bitzer-refreport-table;eu-2024-573,bitzer-refreport-table;coolprop-mit,eu-2024-573,2026-09-25,"{""ashrae_safety_group"":[""coolprop-mit""],""chemical_name"":[""eu-2024-573""],""normal_boiling_c"":[""bitzer-refreport-table""],""odp"":[""bitzer-refreport-table""],""oil_notes"":[""bitzer-refreport-table""],""oil_notes_en"":[""bitzer-refreport-table""],""oil_possible"":[""bitzer-refreport-table""],""oil_typical"":[""bitzer-refreport-table""]}"
r236ea,R236EA,pure,"1,1,1,2,3,3-Hexafluoropropane",C_{3}F_{6}H_{2},431-63-0,,,,1370,1370,EU-2024/573-Annex-I-AR4,,,,139.29,34.157007078681667,-30.15,not_applicable,,152.0384000,,,,,,,,HFC,I,verified,not_applicable,partial,partial,verified,unsupported,coolprop-mit;eu-2024-573,,eu-2024-573,coolprop-mit,eu-2024-573,2026-09-25,"{""chemical_name"":[""eu-2024-573""]}"
r236fa,R236FA,pure,"1,1,1,3,3,3-Hexafluoropropane",C_{3}F_{6}H_{2},690-39-1,A1,,0,9810,9810,EU-2024/573-Annex-I-AR4,,,-1.5,124.92,32.0,-93.54999999999998,not_applicable,,152.0384000,"{""normal_boiling_c"":{""method"":""BITZER normal boiling/bubble point at ambient pressure"",""phase"":""saturation"",""pressureKPaAbsolute"":101.325,""temperatureC"":-1.5}}",,,BITZERin taulukossa tavallinen öljy on POE; muut mahdolliset: PVE. Tarkista sopiva öljy ja viskositeetti kompressorimallin valmistajalta.,BITZER lists POE as typical oil; other possible types: PVE. Confirm the oil and viscosity for the specific compressor model with its manufacturer.,POE,PVE,HFC,I,verified,not_applicable,verified,partial,verified,unsupported,coolprop-mit;eu-2024-573,bitzer-refreport-table;coolprop-mit,bitzer-refreport-table;eu-2024-573,bitzer-refreport-table;coolprop-mit,eu-2024-573,2026-09-25,"{""ashrae_safety_group"":[""coolprop-mit""],""chemical_name"":[""eu-2024-573""],""normal_boiling_c"":[""bitzer-refreport-table""],""odp"":[""bitzer-refreport-table""],""oil_notes"":[""bitzer-refreport-table""],""oil_notes_en"":[""bitzer-refreport-table""],""oil_possible"":[""bitzer-refreport-table""],""oil_typical"":[""bitzer-refreport-table""]}"
r245ca,R245ca,pure,"1,1,2,2,3-Pentafluoropropane",C_{3}F_{5}H_{3},679-86-7,,,,693,693,EU-2024/573-Annex-I-AR4,,,,174.42,39.40740488750428,-77.15,not_applicable,,134.04794000,,,,,,,,HFC,I,verified,not_applicable,partial,partial,verified,unsupported,coolprop-mit;eu-2024-573,,eu-2024-573,coolprop-mit,eu-2024-573,2026-09-25,"{""chemical_name"":[""eu-2024-573""]}"
r245fa,R245fa,pure,"1,1,1,3,3-Pentafluoropropane",C_{3}F_{5}H_{3},460-73-1,B1,,0,1030,1030,EU-2024/573-Annex-I-AR4,,,15.1,153.86,36.51,-102.10,not_applicable,,134.04794000,"{""normal_boiling_c"":{""method"":""BITZER normal boiling/bubble point at ambient pressure"",""phase"":""saturation"",""pressureKPaAbsolute"":101.325,""temperatureC"":15.1}}",,,BITZERin taulukossa tavallinen öljy on POE; muut mahdolliset: ei ilmoitettu. Tarkista sopiva öljy ja viskositeetti kompressorimallin valmistajalta.,BITZER lists POE as typical oil. Confirm the oil and viscosity for the specific compressor model with its manufacturer.,POE,,HFC,I,verified,not_applicable,verified,partial,verified,unsupported,coolprop-mit;eu-2024-573,bitzer-refreport-table;coolprop-mit,bitzer-refreport-table;eu-2024-573,bitzer-refreport-table;coolprop-mit,eu-2024-573,2026-09-25,"{""ashrae_safety_group"":[""coolprop-mit""],""chemical_name"":[""eu-2024-573""],""normal_boiling_c"":[""bitzer-refreport-table""],""odp"":[""bitzer-refreport-table""],""oil_notes"":[""bitzer-refreport-table""],""oil_notes_en"":[""bitzer-refreport-table""],""oil_typical"":[""bitzer-refreport-table""]}"
r290,R290,pure,n-Propane,C_{3}H_{8},74-98-6,A3,,0,,,,,,-42.1,96.74,42.512,-187.625,not_applicable,,44.09562000,"{""normal_boiling_c"":{""method"":""BITZER normal boiling/bubble point at ambient pressure"",""phase"":""saturation"",""pressureKPaAbsolute"":101.325,""temperatureC"":-42.1}}",2.1,470,"BITZERin taulukossa tavallinen öljy on PAO; muut mahdolliset: PAG, POE. Tarkista sopiva öljy ja viskositeetti kompressorimallin valmistajalta.","BITZER lists PAO as typical oil; other possible types: PAG, POE. Confirm the oil and viscosity for the specific compressor model with its manufacturer.",PAO,PAG;POE,natural,none,verified,not_applicable,verified,partial,verified,unsupported,coolprop-mit;epa-gwp-identities,bitzer-refreport-table;linde-2019-safety;ul-flammable-whitepaper,bitzer-refreport-table,bitzer-refreport-table;coolprop-mit,eu-2024-573;eu-2024-590,2026-09-25,"{""autoignition_c"":[""ul-flammable-whitepaper""],""chemical_name"":[""coolprop-mit""],""lower_flammability_limit_vol_pct"":[""ul-flammable-whitepaper""],""normal_boiling_c"":[""bitzer-refreport-table""],""odp"":[""bitzer-refreport-table""],""oil_notes"":[""bitzer-refreport-table""],""oil_notes_en"":[""bitzer-refreport-table""],""oil_possible"":[""bitzer-refreport-table""],""oil_typical"":[""bitzer-refreport-table""]}"
r31,R31,pure,Monochlorofluoromethane,CH2FCl,593-70-4,,,0.020,,,,79.4,EU-2024/590-Annex-I-GWP100,,,,,not_applicable,,,,,,,,,,HCFC,ODS-I,verified,not_applicable,partial,unsupported,verified,unsupported,epa-ods-r31-v3;epa-r31-designation-v3,,eu-2024-590,,eu-2024-590,2026-09-25,"{""chemical_name"":[""epa-ods-r31-v3""],""euAnnex"":[""eu-2024-590""],""gwp_eu_2024_590_100yr"":[""eu-2024-590""],""odp"":[""eu-2024-590""]}"
r32,R32,pure,Difluoromethane,C_{1}F_{2}H_{2},75-10-5,A2L,,0,675,675,EU-2024/573-Annex-I-AR4,,,-51.7,78.105,57.82,-136.81,not_applicable,,52.024000,"{""lower_flammability_limit_vol_pct"":{""method"":""Daikin SDS section 9: lower explosive limit, Japanese High Pressure Gas Safety Act; test temperature not stated"",""phase"":""gas_in_air""},""normal_boiling_c"":{""method"":""BITZER normal boiling/bubble point at ambient pressure"",""phase"":""saturation"",""pressureKPaAbsolute"":101.325,""temperatureC"":-51.7}}",13.8,,BITZERin taulukossa tavallinen öljy on POE; muut mahdolliset: PVE. Tarkista sopiva öljy ja viskositeetti kompressorimallin valmistajalta.,BITZER lists POE as typical oil; other possible types: PVE. Confirm the oil and viscosity for the specific compressor model with its manufacturer.,POE,PVE,HFC,I,verified,not_applicable,verified,partial,verified,unsupported,coolprop-mit;eu-2024-573,bitzer-refreport-table;daikin-r32-sds-2023;linde-2019-safety,bitzer-refreport-table;eu-2024-573,bitzer-refreport-table;coolprop-mit,eu-2024-573,2026-09-25,"{""chemical_name"":[""eu-2024-573""],""lower_flammability_limit_vol_pct"":[""daikin-r32-sds-2023""],""normal_boiling_c"":[""bitzer-refreport-table""],""odp"":[""bitzer-refreport-table""],""oil_notes"":[""bitzer-refreport-table""],""oil_notes_en"":[""bitzer-refreport-table""],""oil_possible"":[""bitzer-refreport-table""],""oil_typical"":[""bitzer-refreport-table""]}"
r365mfc,R365MFC,pure,"1,1,1,3,3-Pentafluorobutane",C_{4}F_{5}H_{5},406-58-6,,,,794,794,EU-2024/573-Annex-I-AR4,,,,186.85,32.662070678832484,-34.15,not_applicable,,148.07452000,,,,,,,,HFC,I,verified,not_applicable,partial,partial,verified,unsupported,coolprop-mit;eu-2024-573,,eu-2024-573,coolprop-mit,eu-2024-573,2026-09-25,"{""chemical_name"":[""eu-2024-573""]}"
r40,R40,pure,Methyl chloride,C_{1}Cl_{1}H_{3},74-87-3,B2,,0.02,,,,,,-23.8,143.15,66.71686977141849,-43.15,not_applicable,,50.48752000,"{""normal_boiling_c"":{""method"":""BITZER normal boiling/bubble point at ambient pressure"",""phase"":""saturation"",""pressureKPaAbsolute"":101.325,""temperatureC"":-23.8}}",,,BITZERin taulukossa tavallinen öljy on mineraaliöljy (MO); muut mahdolliset: ei ilmoitettu. Tarkista sopiva öljy ja viskositeetti kompressorimallin valmistajalta.,BITZER lists MO as typical oil. Confirm the oil and viscosity for the specific compressor model with its manufacturer.,MO,,,,verified,not_applicable,verified,partial,unsupported,unsupported,coolprop-mit;ul-r40-name,bitzer-refreport-table,bitzer-refreport-table,bitzer-refreport-table;coolprop-mit,,2026-09-25,"{""ashrae_safety_group"":[""bitzer-refreport-table""],""chemical_name"":[""ul-r40-name""],""normal_boiling_c"":[""bitzer-refreport-table""],""odp"":[""bitzer-refreport-table""],""oil_notes"":[""bitzer-refreport-table""],""oil_notes_en"":[""bitzer-refreport-table""],""oil_typical"":[""bitzer-refreport-table""]}"
r401a,R401A,blend,R401A,,,A1,,0.04,,,,,,-32.9,,,,5.7,,94.44,"{""nominal_glide_k"":{""method"":""BITZER normal dew minus bubble point at ambient pressure"",""phase"":""two_phase"",""pressureKPaAbsolute"":101.325,""temperatureC"":-32.9},""normal_boiling_c"":{""method"":""BITZER normal boiling/bubble point at ambient pressure"",""phase"":""bubble"",""pressureKPaAbsolute"":101.325,""temperatureC"":-32.9}}",,,BITZERin taulukossa tavallinen öljy on mineraaliöljy (MO); muut mahdolliset: alkyylibentseeni (AB). Tarkista sopiva öljy ja viskositeetti kompressorimallin valmistajalta.,BITZER lists MO as typical oil; other possible types: AB. Confirm the oil and viscosity for the specific compressor model with its manufacturer.,MO,AB,,,verified,verified,verified,partial,verified,unsupported,epa-snap-compositions,bitzer-refreport-table,bitzer-refreport-table,bitzer-refreport-table,eu-2024-573;eu-2024-590,2026-09-25,"{""ashrae_safety_group"":[""bitzer-refreport-table""],""molar_mass_g_mol"":[""bitzer-refreport-table""],""nominal_glide_k"":[""bitzer-refreport-table""],""normal_boiling_c"":[""bitzer-refreport-table""],""odp"":[""bitzer-refreport-table""],""oil_notes"":[""bitzer-refreport-table""],""oil_notes_en"":[""bitzer-refreport-table""],""oil_possible"":[""bitzer-refreport-table""],""oil_typical"":[""bitzer-refreport-table""]}"
r401b,R401B,blend,R401B,,,A1,,0.04,,,,,,-34.6,,,,5.6,,92.84,"{""nominal_glide_k"":{""method"":""BITZER normal dew minus bubble point at ambient pressure"",""phase"":""two_phase"",""pressureKPaAbsolute"":101.325,""temperatureC"":-34.6},""normal_boiling_c"":{""method"":""BITZER normal boiling/bubble point at ambient pressure"",""phase"":""bubble"",""pressureKPaAbsolute"":101.325,""temperatureC"":-34.6}}",,,BITZERin taulukossa tavallinen öljy on mineraaliöljy (MO); muut mahdolliset: alkyylibentseeni (AB). Tarkista sopiva öljy ja viskositeetti kompressorimallin valmistajalta.,BITZER lists MO as typical oil; other possible types: AB. Confirm the oil and viscosity for the specific compressor model with its manufacturer.,MO,AB,,,verified,verified,verified,partial,verified,unsupported,epa-snap-compositions,bitzer-refreport-table,bitzer-refreport-table,bitzer-refreport-table,eu-2024-573;eu-2024-590,2026-09-25,"{""ashrae_safety_group"":[""bitzer-refreport-table""],""molar_mass_g_mol"":[""bitzer-refreport-table""],""nominal_glide_k"":[""bitzer-refreport-table""],""normal_boiling_c"":[""bitzer-refreport-table""],""odp"":[""bitzer-refreport-table""],""oil_notes"":[""bitzer-refreport-table""],""oil_notes_en"":[""bitzer-refreport-table""],""oil_possible"":[""bitzer-refreport-table""],""oil_typical"":[""bitzer-refreport-table""]}"
r401c,R401C,blend,R401C,,,A1,,,,,,,,,,,,,,,,,,,,,,,,verified,verified,verified,unsupported,verified,unsupported,epa-snap-compositions,ashrae-handbook-f25-safety,,,eu-2024-573;eu-2024-590,2026-09-25,"{""ashrae_safety_group"":[""ashrae-handbook-f25-safety""]}"
r402a,R402A,blend,R402A,,,A1,,0.02,,,,,,-48.9,,,,1.9,,101.55,"{""nominal_glide_k"":{""method"":""BITZER normal dew minus bubble point at ambient pressure"",""phase"":""two_phase"",""pressureKPaAbsolute"":101.325,""temperatureC"":-48.9},""normal_boiling_c"":{""method"":""BITZER normal boiling/bubble point at ambient pressure"",""phase"":""bubble"",""pressureKPaAbsolute"":101.325,""temperatureC"":-48.9}}",,,BITZERin taulukossa tavallinen öljy on alkyylibentseeni (AB); muut mahdolliset: ei ilmoitettu. Tarkista sopiva öljy ja viskositeetti kompressorimallin valmistajalta.,BITZER lists AB as typical oil. Confirm the oil and viscosity for the specific compressor model with its manufacturer.,AB,,,,verified,verified,verified,partial,verified,unsupported,epa-snap-compositions,bitzer-refreport-table,bitzer-refreport-table,bitzer-refreport-table,eu-2024-573;eu-2024-590,2026-09-25,"{""ashrae_safety_group"":[""bitzer-refreport-table""],""molar_mass_g_mol"":[""bitzer-refreport-table""],""nominal_glide_k"":[""bitzer-refreport-table""],""normal_boiling_c"":[""bitzer-refreport-table""],""odp"":[""bitzer-refreport-table""],""oil_notes"":[""bitzer-refreport-table""],""oil_notes_en"":[""bitzer-refreport-table""],""oil_typical"":[""bitzer-refreport-table""]}"
r402b,R402B,blend,R402B,,,A1,,0.03,,,,,,-47,,,,2.2,,94.71,"{""nominal_glide_k"":{""method"":""BITZER normal dew minus bubble point at ambient pressure"",""phase"":""two_phase"",""pressureKPaAbsolute"":101.325,""temperatureC"":-47.0},""normal_boiling_c"":{""method"":""BITZER normal boiling/bubble point at ambient pressure"",""phase"":""bubble"",""pressureKPaAbsolute"":101.325,""temperatureC"":-47.0}}",,,BITZERin taulukossa tavallinen öljy on alkyylibentseeni (AB); muut mahdolliset: ei ilmoitettu. Tarkista sopiva öljy ja viskositeetti kompressorimallin valmistajalta.,BITZER lists AB as typical oil. Confirm the oil and viscosity for the specific compressor model with its manufacturer.,AB,,,,verified,verified,verified,partial,verified,unsupported,epa-snap-compositions,bitzer-refreport-table,bitzer-refreport-table,bitzer-refreport-table,eu-2024-573;eu-2024-590,2026-09-25,"{""ashrae_safety_group"":[""bitzer-refreport-table""],""molar_mass_g_mol"":[""bitzer-refreport-table""],""nominal_glide_k"":[""bitzer-refreport-table""],""normal_boiling_c"":[""bitzer-refreport-table""],""odp"":[""bitzer-refreport-table""],""oil_notes"":[""bitzer-refreport-table""],""oil_notes_en"":[""bitzer-refreport-table""],""oil_typical"":[""bitzer-refreport-table""]}"
r403a,R403A,blend,R403A,,,A1,,0.04,,,,,,-47.4,,,,3.1,,91.98,"{""nominal_glide_k"":{""method"":""BITZER normal dew minus bubble point at ambient pressure"",""phase"":""two_phase"",""pressureKPaAbsolute"":101.325,""temperatureC"":-47.4},""normal_boiling_c"":{""method"":""BITZER normal boiling/bubble point at ambient pressure"",""phase"":""bubble"",""pressureKPaAbsolute"":101.325,""temperatureC"":-47.4}}",,,BITZERin taulukossa tavallinen öljy on alkyylibentseeni (AB); muut mahdolliset: ei ilmoitettu. Tarkista sopiva öljy ja viskositeetti kompressorimallin valmistajalta.,BITZER lists AB as typical oil. Confirm the oil and viscosity for the specific compressor model with its manufacturer.,AB,,,,verified,verified,verified,partial,verified,unsupported,coolprop-mit,bitzer-refreport-table,bitzer-refreport-table,bitzer-refreport-table,eu-2024-573;eu-2024-590,2026-09-25,"{""ashrae_safety_group"":[""bitzer-refreport-table""],""molar_mass_g_mol"":[""bitzer-refreport-table""],""nominal_glide_k"":[""bitzer-refreport-table""],""normal_boiling_c"":[""bitzer-refreport-table""],""odp"":[""bitzer-refreport-table""],""oil_notes"":[""bitzer-refreport-table""],""oil_notes_en"":[""bitzer-refreport-table""],""oil_typical"":[""bitzer-refreport-table""]}"
r403b,R403B,blend,R403B,,,A1,,0.03,,,,,,-48.6,,,,1.8,,103.26,"{""nominal_glide_k"":{""method"":""BITZER normal dew minus bubble point at ambient pressure"",""phase"":""two_phase"",""pressureKPaAbsolute"":101.325,""temperatureC"":-48.6},""normal_boiling_c"":{""method"":""BITZER normal boiling/bubble point at ambient pressure"",""phase"":""bubble"",""pressureKPaAbsolute"":101.325,""temperatureC"":-48.6}}",,,BITZERin taulukossa tavallinen öljy on alkyylibentseeni (AB); muut mahdolliset: ei ilmoitettu. Tarkista sopiva öljy ja viskositeetti kompressorimallin valmistajalta.,BITZER lists AB as typical oil. Confirm the oil and viscosity for the specific compressor model with its manufacturer.,AB,,,,verified,verified,verified,partial,verified,unsupported,epa-snap-compositions,bitzer-refreport-table,bitzer-refreport-table,bitzer-refreport-table,eu-2024-573;eu-2024-590,2026-09-25,"{""ashrae_safety_group"":[""bitzer-refreport-table""],""molar_mass_g_mol"":[""bitzer-refreport-table""],""nominal_glide_k"":[""bitzer-refreport-table""],""normal_boiling_c"":[""bitzer-refreport-table""],""odp"":[""bitzer-refreport-table""],""oil_notes"":[""bitzer-refreport-table""],""oil_notes_en"":[""bitzer-refreport-table""],""oil_typical"":[""bitzer-refreport-table""]}"
r404a,R404A,blend,R404A,,,A1,,0,,,,,,-46.2,,,,0.7,,97.6,"{""nominal_glide_k"":{""method"":""BITZER normal dew minus bubble point at ambient pressure"",""phase"":""two_phase"",""pressureKPaAbsolute"":101.325,""temperatureC"":-46.2},""normal_boiling_c"":{""method"":""BITZER normal boiling/bubble point at ambient pressure"",""phase"":""bubble"",""pressureKPaAbsolute"":101.325,""temperatureC"":-46.2}}",,,BITZERin taulukossa tavallinen öljy on POE; muut mahdolliset: PVE. Tarkista sopiva öljy ja viskositeetti kompressorimallin valmistajalta.,BITZER lists POE as typical oil; other possible types: PVE. Confirm the oil and viscosity for the specific compressor model with its manufacturer.,POE,PVE,,,verified,verified,verified,partial,verified,unsupported,epa-snap-compositions,bitzer-refreport-table;honeywell-r404a,bitzer-refreport-table,bitzer-refreport-table,eu-2024-573,2026-09-25,"{""molar_mass_g_mol"":[""bitzer-refreport-table""],""nominal_glide_k"":[""bitzer-refreport-table""],""normal_boiling_c"":[""bitzer-refreport-table""],""odp"":[""bitzer-refreport-table""],""oil_notes"":[""bitzer-refreport-table""],""oil_notes_en"":[""bitzer-refreport-table""],""oil_possible"":[""bitzer-refreport-table""],""oil_typical"":[""bitzer-refreport-table""]}"
r405a,R405A,blend,R405A,,,,,,,,,,,,,,,,,,,,,,,,,,,verified,verified,partial,unsupported,verified,unsupported,unep-ozone-blends-live-v3,,,,eu-2024-573;eu-2024-590,2026-09-25,
r406a,R406A,blend,R406A,,,A2,,,,,,,,,,,,,,,,,,,,,,,,verified,verified,verified,unsupported,verified,unsupported,epa-snap-compositions,epa-snap-transport-preview,,,eu-2024-573;eu-2024-590,2026-09-26,"{""ashrae_safety_group"":[""epa-snap-transport-preview""]}"
r406b,R406B,blend,R406B,,,,,,,,,,,,,,,,,,,,,,,,,,,verified,verified,partial,unsupported,verified,unsupported,unep-ozone-blends-live-v3,,,,eu-2024-573;eu-2024-590,2026-09-25,
r407a,R407A,blend,R407A,,,A1,,0,,,,,,-45.2,,,,6.5,,90.11,"{""nominal_glide_k"":{""method"":""BITZER normal dew minus bubble point at ambient pressure"",""phase"":""two_phase"",""pressureKPaAbsolute"":101.325,""temperatureC"":-45.2},""normal_boiling_c"":{""method"":""BITZER normal boiling/bubble point at ambient pressure"",""phase"":""bubble"",""pressureKPaAbsolute"":101.325,""temperatureC"":-45.2}}",,,BITZERin taulukossa tavallinen öljy on POE; muut mahdolliset: PVE. Tarkista sopiva öljy ja viskositeetti kompressorimallin valmistajalta.,BITZER lists POE as typical oil; other possible types: PVE. Confirm the oil and viscosity for the specific compressor model with its manufacturer.,POE,PVE,,,verified,verified,verified,partial,verified,unsupported,epa-snap-compositions,bitzer-refreport-table,bitzer-refreport-table,bitzer-refreport-table,eu-2024-573,2026-09-25,"{""ashrae_safety_group"":[""bitzer-refreport-table""],""molar_mass_g_mol"":[""bitzer-refreport-table""],""nominal_glide_k"":[""bitzer-refreport-table""],""normal_boiling_c"":[""bitzer-refreport-table""],""odp"":[""bitzer-refreport-table""],""oil_notes"":[""bitzer-refreport-table""],""oil_notes_en"":[""bitzer-refreport-table""],""oil_possible"":[""bitzer-refreport-table""],""oil_typical"":[""bitzer-refreport-table""]}"
r407b,R407B,blend,R407B,,,A1,,0,,,,,,-46.5,,,,4.2,,102.94,"{""nominal_glide_k"":{""method"":""BITZER normal dew minus bubble point at ambient pressure"",""phase"":""two_phase"",""pressureKPaAbsolute"":101.325,""temperatureC"":-46.5},""normal_boiling_c"":{""method"":""BITZER normal boiling/bubble point at ambient pressure"",""phase"":""bubble"",""pressureKPaAbsolute"":101.325,""temperatureC"":-46.5}}",,,BITZERin taulukossa tavallinen öljy on POE; muut mahdolliset: ei ilmoitettu. Tarkista sopiva öljy ja viskositeetti kompressorimallin valmistajalta.,BITZER lists POE as typical oil. Confirm the oil and viscosity for the specific compressor model with its manufacturer.,POE,,,,verified,verified,verified,partial,verified,unsupported,epa-snap-compositions,bitzer-refreport-table,bitzer-refreport-table,bitzer-refreport-table,eu-2024-573,2026-09-25,"{""ashrae_safety_group"":[""bitzer-refreport-table""],""molar_mass_g_mol"":[""bitzer-refreport-table""],""nominal_glide_k"":[""bitzer-refreport-table""],""normal_boiling_c"":[""bitzer-refreport-table""],""odp"":[""bitzer-refreport-table""],""oil_notes"":[""bitzer-refreport-table""],""oil_notes_en"":[""bitzer-refreport-table""],""oil_typical"":[""bitzer-refreport-table""]}"
r407c,R407C,blend,R407C,,,A1,,0,,,,,,-43.8,86.03,46.29,,7.1,,86.2,"{""nominal_glide_k"":{""method"":""BITZER normal dew minus bubble point at ambient pressure"",""phase"":""two_phase"",""pressureKPaAbsolute"":101.325,""temperatureC"":-43.8},""normal_boiling_c"":{""method"":""BITZER normal boiling/bubble point at ambient pressure"",""phase"":""bubble"",""pressureKPaAbsolute"":101.325,""temperatureC"":-43.8}}",,,BITZERin taulukossa tavallinen öljy on POE; muut mahdolliset: PVE. Tarkista sopiva öljy ja viskositeetti kompressorimallin valmistajalta.,BITZER lists POE as typical oil; other possible types: PVE. Confirm the oil and viscosity for the specific compressor model with its manufacturer.,POE,PVE,,,verified,verified,verified,partial,verified,unsupported,epa-snap-compositions,bitzer-refreport-table,bitzer-refreport-table,bitzer-refreport-table;honeywell-r407c-product-2026,eu-2024-573,2026-09-30,"{""ashrae_safety_group"":[""bitzer-refreport-table""],""critical_pressure_bar_abs"":[""honeywell-r407c-product-2026""],""critical_temp_c"":[""honeywell-r407c-product-2026""],""molar_mass_g_mol"":[""bitzer-refreport-table""],""nominal_glide_k"":[""bitzer-refreport-table""],""normal_boiling_c"":[""bitzer-refreport-table""],""odp"":[""bitzer-refreport-table""],""oil_notes"":[""bitzer-refreport-table""],""oil_notes_en"":[""bitzer-refreport-table""],""oil_possible"":[""bitzer-refreport-table""],""oil_typical"":[""bitzer-refreport-table""]}"
r407d,R407D,blend,R407D,,,A1,,,,,,,,,,,,,,,,,,,,,,,,verified,verified,verified,unsupported,verified,unsupported,epa-snap-compositions,dcceew-safety-2024-preview,,,eu-2024-573,2026-09-26,"{""ashrae_safety_group"":[""dcceew-safety-2024-preview""]}"
r407e,R407E,blend,R407E,,,A1,,,,,,,,,,,,,,,,,,,,,,,,verified,verified,verified,unsupported,verified,unsupported,coolprop-mit,dcceew-safety-2024-preview,,,eu-2024-573,2026-09-26,"{""ashrae_safety_group"":[""dcceew-safety-2024-preview""]}"
r407f,R407F,blend,R407F,,,A1,,0,,,,,,-46.1,,,,6.4,,82.06,"{""nominal_glide_k"":{""method"":""BITZER normal dew minus bubble point at ambient pressure"",""phase"":""two_phase"",""pressureKPaAbsolute"":101.325,""temperatureC"":-46.1},""normal_boiling_c"":{""method"":""BITZER normal boiling/bubble point at ambient pressure"",""phase"":""bubble"",""pressureKPaAbsolute"":101.325,""temperatureC"":-46.1}}",,,BITZERin taulukossa tavallinen öljy on POE; muut mahdolliset: PVE. Tarkista sopiva öljy ja viskositeetti kompressorimallin valmistajalta.,BITZER lists POE as typical oil; other possible types: PVE. Confirm the oil and viscosity for the specific compressor model with its manufacturer.,POE,PVE,,,verified,verified,verified,partial,verified,unsupported,epa-snap-compositions,bitzer-refreport-table,bitzer-refreport-table,bitzer-refreport-table,eu-2024-573,2026-09-25,"{""ashrae_safety_group"":[""bitzer-refreport-table""],""molar_mass_g_mol"":[""bitzer-refreport-table""],""nominal_glide_k"":[""bitzer-refreport-table""],""normal_boiling_c"":[""bitzer-refreport-table""],""odp"":[""bitzer-refreport-table""],""oil_notes"":[""bitzer-refreport-table""],""oil_notes_en"":[""bitzer-refreport-table""],""oil_possible"":[""bitzer-refreport-table""],""oil_typical"":[""bitzer-refreport-table""]}"
r407g,R407G,blend,R407G,,,A1,,,,,,,,,,,,,,,,,,,,,,,,verified,verified,verified,unsupported,verified,unsupported,coolprop-mit,dcceew-safety-2024-preview,,,eu-2024-573,2026-09-26,"{""ashrae_safety_group"":[""dcceew-safety-2024-preview""]}"
r407h,R407H,blend,R407H,,,A1,,0,,,,,,-44.6,,,,7,,79.1,"{""nominal_glide_k"":{""method"":""BITZER normal dew minus bubble point at ambient pressure"",""phase"":""two_phase"",""pressureKPaAbsolute"":101.325,""temperatureC"":-44.6},""normal_boiling_c"":{""method"":""BITZER normal boiling/bubble point at ambient pressure"",""phase"":""bubble"",""pressureKPaAbsolute"":101.325,""temperatureC"":-44.6}}",,,BITZERin taulukossa tavallinen öljy on POE; muut mahdolliset: PVE. Tarkista sopiva öljy ja viskositeetti kompressorimallin valmistajalta.,BITZER lists POE as typical oil; other possible types: PVE. Confirm the oil and viscosity for the specific compressor model with its manufacturer.,POE,PVE,,,verified,verified,verified,partial,verified,unsupported,coolprop-mit,bitzer-refreport-table,bitzer-refreport-table,bitzer-refreport-table,eu-2024-573,2026-09-25,"{""ashrae_safety_group"":[""bitzer-refreport-table""],""molar_mass_g_mol"":[""bitzer-refreport-table""],""nominal_glide_k"":[""bitzer-refreport-table""],""normal_boiling_c"":[""bitzer-refreport-table""],""odp"":[""bitzer-refreport-table""],""oil_notes"":[""bitzer-refreport-table""],""oil_notes_en"":[""bitzer-refreport-table""],""oil_possible"":[""bitzer-refreport-table""],""oil_typical"":[""bitzer-refreport-table""]}"
r407i,R407I,blend,R407I,,,A1,,,,,,,,,,,,,,,,,,,,,,,,verified,verified,verified,unsupported,verified,unsupported,coolprop-mit,ashrae-handbook-f25-safety,,,eu-2024-573,2026-09-25,"{""ashrae_safety_group"":[""ashrae-handbook-f25-safety""]}"
r408a,R408A,blend,R408A,,,A1,,0.03,,,,,,-44.6,,,,0.5,,87.01,"{""nominal_glide_k"":{""method"":""BITZER normal dew minus bubble point at ambient pressure"",""phase"":""two_phase"",""pressureKPaAbsolute"":101.325,""temperatureC"":-44.6},""normal_boiling_c"":{""method"":""BITZER normal boiling/bubble point at ambient pressure"",""phase"":""bubble"",""pressureKPaAbsolute"":101.325,""temperatureC"":-44.6}}",,,BITZERin taulukossa tavallinen öljy on alkyylibentseeni (AB); muut mahdolliset: ei ilmoitettu. Tarkista sopiva öljy ja viskositeetti kompressorimallin valmistajalta.,BITZER lists AB as typical oil. Confirm the oil and viscosity for the specific compressor model with its manufacturer.,AB,,,,verified,verified,verified,partial,verified,unsupported,epa-snap-compositions,bitzer-refreport-table,bitzer-refreport-table,bitzer-refreport-table,eu-2024-573;eu-2024-590,2026-09-25,"{""ashrae_safety_group"":[""bitzer-refreport-table""],""molar_mass_g_mol"":[""bitzer-refreport-table""],""nominal_glide_k"":[""bitzer-refreport-table""],""normal_boiling_c"":[""bitzer-refreport-table""],""odp"":[""bitzer-refreport-table""],""oil_notes"":[""bitzer-refreport-table""],""oil_notes_en"":[""bitzer-refreport-table""],""oil_typical"":[""bitzer-refreport-table""]}"
r409a,R409A,blend,R409A,,,A1,,0.05,,,,,,-34.5,,,,8.5,,97.43,"{""nominal_glide_k"":{""method"":""BITZER normal dew minus bubble point at ambient pressure"",""phase"":""two_phase"",""pressureKPaAbsolute"":101.325,""temperatureC"":-34.5},""normal_boiling_c"":{""method"":""BITZER normal boiling/bubble point at ambient pressure"",""phase"":""bubble"",""pressureKPaAbsolute"":101.325,""temperatureC"":-34.5}}",,,BITZERin taulukossa tavallinen öljy on mineraaliöljy (MO); muut mahdolliset: alkyylibentseeni (AB). Tarkista sopiva öljy ja viskositeetti kompressorimallin valmistajalta.,BITZER lists MO as typical oil; other possible types: AB. Confirm the oil and viscosity for the specific compressor model with its manufacturer.,MO,AB,,,verified,verified,verified,partial,verified,unsupported,epa-snap-compositions,bitzer-refreport-table,bitzer-refreport-table,bitzer-refreport-table,eu-2024-590,2026-09-25,"{""ashrae_safety_group"":[""bitzer-refreport-table""],""molar_mass_g_mol"":[""bitzer-refreport-table""],""nominal_glide_k"":[""bitzer-refreport-table""],""normal_boiling_c"":[""bitzer-refreport-table""],""odp"":[""bitzer-refreport-table""],""oil_notes"":[""bitzer-refreport-table""],""oil_notes_en"":[""bitzer-refreport-table""],""oil_possible"":[""bitzer-refreport-table""],""oil_typical"":[""bitzer-refreport-table""]}"
r409b,R409B,blend,R409B,,,A1,,0.05,,,,,,-35.6,,,,7.7,,96.67,"{""nominal_glide_k"":{""method"":""BITZER normal dew minus bubble point at ambient pressure"",""phase"":""two_phase"",""pressureKPaAbsolute"":101.325,""temperatureC"":-35.6},""normal_boiling_c"":{""method"":""BITZER normal boiling/bubble point at ambient pressure"",""phase"":""bubble"",""pressureKPaAbsolute"":101.325,""temperatureC"":-35.6}}",,,BITZERin taulukossa tavallinen öljy on mineraaliöljy (MO); muut mahdolliset: alkyylibentseeni (AB). Tarkista sopiva öljy ja viskositeetti kompressorimallin valmistajalta.,BITZER lists MO as typical oil; other possible types: AB. Confirm the oil and viscosity for the specific compressor model with its manufacturer.,MO,AB,,,verified,verified,verified,partial,verified,unsupported,coolprop-mit,bitzer-refreport-table,bitzer-refreport-table,bitzer-refreport-table,eu-2024-590,2026-09-25,"{""ashrae_safety_group"":[""bitzer-refreport-table""],""molar_mass_g_mol"":[""bitzer-refreport-table""],""nominal_glide_k"":[""bitzer-refreport-table""],""normal_boiling_c"":[""bitzer-refreport-table""],""odp"":[""bitzer-refreport-table""],""oil_notes"":[""bitzer-refreport-table""],""oil_notes_en"":[""bitzer-refreport-table""],""oil_possible"":[""bitzer-refreport-table""],""oil_typical"":[""bitzer-refreport-table""]}"
r41,R41,pure,Fluoromethane,C_{1}F_{1}H_{3},593-53-3,,,,92,92,EU-2024/573-Annex-I-AR4,,,,44.13000000000003,58.97,-143.33,not_applicable,,34.03291999999999000,,,,,,,,HFC,I,verified,not_applicable,partial,partial,verified,unsupported,coolprop-mit;eu-2024-573,,eu-2024-573,coolprop-mit,eu-2024-573,2026-09-25,"{""chemical_name"":[""eu-2024-573""]}"
r4101a,R4101A,blend,R4101A,,,A2L,,,,,,,,,,,,,,,,,,,,,,,,verified,verified,verified,unsupported,unsupported,unsupported,unep-teap-2026-v3,unep-teap-2026-v3,,,,2026-09-25,"{""ashrae_safety_group"":[""unep-teap-2026-v3""]}"
r4102a,R4102A,blend,R4102A,,,A1,,,,,,,,,,,,,,,,,,,,,,,,verified,verified,verified,unsupported,unsupported,unsupported,unep-teap-2026-v3,unep-teap-2026-v3,,,,2026-09-25,"{""ashrae_safety_group"":[""unep-teap-2026-v3""]}"
r4103a,R4103A,blend,R4103A,,,A2L,,,,,,,,,,,,,,,,,,,,,,,,verified,verified,verified,unsupported,unsupported,unsupported,unep-teap-2026-v3,unep-teap-2026-v3,,,,2026-09-25,"{""ashrae_safety_group"":[""unep-teap-2026-v3""]}"
r410a,R410A,blend,R410A,,,A1,,0,,,,,,-51.4,71.36,49.02,,0,,72.59,"{""nominal_glide_k"":{""method"":""BITZER normal dew minus bubble point at ambient pressure"",""phase"":""two_phase"",""pressureKPaAbsolute"":101.325,""temperatureC"":-51.4},""normal_boiling_c"":{""method"":""BITZER normal boiling/bubble point at ambient pressure"",""phase"":""bubble"",""pressureKPaAbsolute"":101.325,""temperatureC"":-51.4}}",,,BITZERin taulukossa tavallinen öljy on POE; muut mahdolliset: PVE. Tarkista sopiva öljy ja viskositeetti kompressorimallin valmistajalta.,BITZER lists POE as typical oil; other possible types: PVE. Confirm the oil and viscosity for the specific compressor model with its manufacturer.,POE,PVE,,,verified,verified,verified,partial,verified,unsupported,epa-snap-compositions,bitzer-refreport-table,bitzer-refreport-table,bitzer-refreport-table;honeywell-r410a-product-2026,eu-2024-573,2026-09-30,"{""ashrae_safety_group"":[""bitzer-refreport-table""],""critical_pressure_bar_abs"":[""honeywell-r410a-product-2026""],""critical_temp_c"":[""honeywell-r410a-product-2026""],""molar_mass_g_mol"":[""bitzer-refreport-table""],""nominal_glide_k"":[""bitzer-refreport-table""],""normal_boiling_c"":[""bitzer-refreport-table""],""odp"":[""bitzer-refreport-table""],""oil_notes"":[""bitzer-refreport-table""],""oil_notes_en"":[""bitzer-refreport-table""],""oil_possible"":[""bitzer-refreport-table""],""oil_typical"":[""bitzer-refreport-table""]}"
r410b,R410B,blend,R410B,,,A1,,,,,,,,,,,,,,,,,,,,,,,,verified,verified,verified,unsupported,verified,unsupported,epa-snap-compositions,dcceew-safety-2024-preview,,,eu-2024-573,2026-09-26,"{""ashrae_safety_group"":[""dcceew-safety-2024-preview""]}"
r411a,R411A,blend,R411A,,,A2,,0.05,,,,,,-39.5,,,,2.9,,82.36,"{""nominal_glide_k"":{""method"":""BITZER normal dew minus bubble point at ambient pressure"",""phase"":""two_phase"",""pressureKPaAbsolute"":101.325,""temperatureC"":-39.5},""normal_boiling_c"":{""method"":""BITZER normal boiling/bubble point at ambient pressure"",""phase"":""bubble"",""pressureKPaAbsolute"":101.325,""temperatureC"":-39.5}}",,,BITZERin taulukossa tavallinen öljy on mineraaliöljy (MO); muut mahdolliset: alkyylibentseeni (AB). Tarkista sopiva öljy ja viskositeetti kompressorimallin valmistajalta.,BITZER lists MO as typical oil; other possible types: AB. Confirm the oil and viscosity for the specific compressor model with its manufacturer.,MO,AB,,,verified,verified,verified,partial,verified,unsupported,epa-snap-compositions,bitzer-refreport-table,bitzer-refreport-table,bitzer-refreport-table,eu-2024-573;eu-2024-590,2026-09-25,"{""ashrae_safety_group"":[""bitzer-refreport-table""],""molar_mass_g_mol"":[""bitzer-refreport-table""],""nominal_glide_k"":[""bitzer-refreport-table""],""normal_boiling_c"":[""bitzer-refreport-table""],""odp"":[""bitzer-refreport-table""],""oil_notes"":[""bitzer-refreport-table""],""oil_notes_en"":[""bitzer-refreport-table""],""oil_possible"":[""bitzer-refreport-table""],""oil_typical"":[""bitzer-refreport-table""]}"
r411b,R411B,blend,R411B,,,A2,,0.05,,,,,,-41.6,,,,1.6,,83.07,"{""nominal_glide_k"":{""method"":""BITZER normal dew minus bubble point at ambient pressure"",""phase"":""two_phase"",""pressureKPaAbsolute"":101.325,""temperatureC"":-41.6},""normal_boiling_c"":{""method"":""BITZER normal boiling/bubble point at ambient pressure"",""phase"":""bubble"",""pressureKPaAbsolute"":101.325,""temperatureC"":-41.6}}",,,BITZERin taulukossa tavallinen öljy on mineraaliöljy (MO); muut mahdolliset: alkyylibentseeni (AB). Tarkista sopiva öljy ja viskositeetti kompressorimallin valmistajalta.,BITZER lists MO as typical oil; other possible types: AB. Confirm the oil and viscosity for the specific compressor model with its manufacturer.,MO,AB,,,verified,verified,verified,partial,verified,unsupported,epa-snap-compositions,bitzer-refreport-table,bitzer-refreport-table,bitzer-refreport-table,eu-2024-573;eu-2024-590,2026-09-25,"{""ashrae_safety_group"":[""bitzer-refreport-table""],""molar_mass_g_mol"":[""bitzer-refreport-table""],""nominal_glide_k"":[""bitzer-refreport-table""],""normal_boiling_c"":[""bitzer-refreport-table""],""odp"":[""bitzer-refreport-table""],""oil_notes"":[""bitzer-refreport-table""],""oil_notes_en"":[""bitzer-refreport-table""],""oil_possible"":[""bitzer-refreport-table""],""oil_typical"":[""bitzer-refreport-table""]}"
r411c,R411C,blend,R411C,,,,,,,,,,,,,,,,,,,,,,,,,,,verified,verified,partial,unsupported,verified,unsupported,unep-ozone-blends-live-v3,,,,eu-2024-573;eu-2024-590,2026-09-25,
r412a,R412A,blend,R412A,,,A2,,,,,,,,,,,,,,,,,,,,,,,,verified,verified,verified,unsupported,verified,unsupported,coolprop-mit,ashrae-handbook-f25-safety,,,eu-2024-573;eu-2024-590,2026-09-25,"{""ashrae_safety_group"":[""ashrae-handbook-f25-safety""]}"
r413a,R413A,blend,R413A,,,A1,,0,,,,,,-33.4,,,,5.3,,103.95,"{""nominal_glide_k"":{""method"":""BITZER normal dew minus bubble point at ambient pressure"",""phase"":""two_phase"",""pressureKPaAbsolute"":101.325,""temperatureC"":-33.4},""normal_boiling_c"":{""method"":""BITZER normal boiling/bubble point at ambient pressure"",""phase"":""bubble"",""pressureKPaAbsolute"":101.325,""temperatureC"":-33.4}}",,,BITZERin taulukossa tavallinen öljy on alkyylibentseeni (AB); muut mahdolliset: POE. Tarkista sopiva öljy ja viskositeetti kompressorimallin valmistajalta.,BITZER lists AB as typical oil; other possible types: POE. Confirm the oil and viscosity for the specific compressor model with its manufacturer.,AB,POE,,,verified,verified,verified,partial,verified,unsupported,coolprop-mit,bitzer-refreport-table,bitzer-refreport-table,bitzer-refreport-table,eu-2024-573;eu-2024-590,2026-09-25,"{""ashrae_safety_group"":[""bitzer-refreport-table""],""molar_mass_g_mol"":[""bitzer-refreport-table""],""nominal_glide_k"":[""bitzer-refreport-table""],""normal_boiling_c"":[""bitzer-refreport-table""],""odp"":[""bitzer-refreport-table""],""oil_notes"":[""bitzer-refreport-table""],""oil_notes_en"":[""bitzer-refreport-table""],""oil_possible"":[""bitzer-refreport-table""],""oil_typical"":[""bitzer-refreport-table""]}"
r414a,R414A,blend,R414A,,,A1,,,,,,,,,,,,,,,,,,,,,,,,verified,verified,verified,unsupported,verified,unsupported,epa-snap-compositions,epa-snap-transport-preview,,,eu-2024-573;eu-2024-590,2026-09-26,"{""ashrae_safety_group"":[""epa-snap-transport-preview""]}"
r414b,R414B,blend,R414B,,,A1,,,,,,,,,,,,,,,,,,,,,,,,verified,verified,verified,unsupported,verified,unsupported,epa-snap-compositions,epa-snap-transport-preview,,,eu-2024-573;eu-2024-590,2026-09-26,"{""ashrae_safety_group"":[""epa-snap-transport-preview""]}"
r415a,R415A,blend,R415A,,,A2,,,,,,,,,,,,,,,,,,,,,,,,verified,verified,verified,unsupported,verified,unsupported,coolprop-mit,ashrae-handbook-f25-safety,,,eu-2024-573;eu-2024-590,2026-09-25,"{""ashrae_safety_group"":[""ashrae-handbook-f25-safety""]}"
r415b,R415B,blend,R415B,,,A2,,,,,,,,,,,,,,,,,,,,,,,,verified,verified,verified,unsupported,verified,unsupported,coolprop-mit,ashrae-handbook-f25-safety,,,eu-2024-573;eu-2024-590,2026-09-25,"{""ashrae_safety_group"":[""ashrae-handbook-f25-safety""]}"
r416a,R416A,blend,R416A,,,A1,,,,,,,,,,,,,,,,,,,,,,,,verified,verified,verified,unsupported,verified,unsupported,coolprop-mit,epa-snap-transport-preview,,,eu-2024-573;eu-2024-590,2026-09-26,"{""ashrae_safety_group"":[""epa-snap-transport-preview""]}"
r417a,R417A,blend,R417A,,,A1,,0,,,,,,-39.1,,,,5,,106.75,"{""nominal_glide_k"":{""method"":""BITZER normal dew minus bubble point at ambient pressure"",""phase"":""two_phase"",""pressureKPaAbsolute"":101.325,""temperatureC"":-39.1},""normal_boiling_c"":{""method"":""BITZER normal boiling/bubble point at ambient pressure"",""phase"":""bubble"",""pressureKPaAbsolute"":101.325,""temperatureC"":-39.1}}",,,BITZERin taulukossa tavallinen öljy on POE; muut mahdolliset: PVE. Tarkista sopiva öljy ja viskositeetti kompressorimallin valmistajalta.,BITZER lists POE as typical oil; other possible types: PVE. Confirm the oil and viscosity for the specific compressor model with its manufacturer.,POE,PVE,,,verified,verified,verified,partial,verified,unsupported,epa-snap-compositions,bitzer-refreport-table,bitzer-refreport-table,bitzer-refreport-table,eu-2024-573;eu-2024-590,2026-09-25,"{""ashrae_safety_group"":[""bitzer-refreport-table""],""molar_mass_g_mol"":[""bitzer-refreport-table""],""nominal_glide_k"":[""bitzer-refreport-table""],""normal_boiling_c"":[""bitzer-refreport-table""],""odp"":[""bitzer-refreport-table""],""oil_notes"":[""bitzer-refreport-table""],""oil_notes_en"":[""bitzer-refreport-table""],""oil_possible"":[""bitzer-refreport-table""],""oil_typical"":[""bitzer-refreport-table""]}"
r417b,R417B,blend,R417B,,,A1,,0,,,,,,-44.9,,,,3.4,,113.12,"{""nominal_glide_k"":{""method"":""BITZER normal dew minus bubble point at ambient pressure"",""phase"":""two_phase"",""pressureKPaAbsolute"":101.325,""temperatureC"":-44.9},""normal_boiling_c"":{""method"":""BITZER normal boiling/bubble point at ambient pressure"",""phase"":""bubble"",""pressureKPaAbsolute"":101.325,""temperatureC"":-44.9}}",,,BITZERin taulukossa tavallinen öljy on POE; muut mahdolliset: PVE. Tarkista sopiva öljy ja viskositeetti kompressorimallin valmistajalta.,BITZER lists POE as typical oil; other possible types: PVE. Confirm the oil and viscosity for the specific compressor model with its manufacturer.,POE,PVE,,,verified,verified,verified,partial,verified,unsupported,coolprop-mit,bitzer-refreport-table,bitzer-refreport-table,bitzer-refreport-table,eu-2024-573;eu-2024-590,2026-09-25,"{""ashrae_safety_group"":[""bitzer-refreport-table""],""molar_mass_g_mol"":[""bitzer-refreport-table""],""nominal_glide_k"":[""bitzer-refreport-table""],""normal_boiling_c"":[""bitzer-refreport-table""],""odp"":[""bitzer-refreport-table""],""oil_notes"":[""bitzer-refreport-table""],""oil_notes_en"":[""bitzer-refreport-table""],""oil_possible"":[""bitzer-refreport-table""],""oil_typical"":[""bitzer-refreport-table""]}"
r417c,R417C,blend,R417C,,,A1,,,,,,,,,,,,,,,,,,,,,,,,verified,verified,verified,unsupported,verified,unsupported,coolprop-mit,dcceew-safety-2024-preview,,,eu-2024-573;eu-2024-590,2026-09-26,"{""ashrae_safety_group"":[""dcceew-safety-2024-preview""]}"
r418a,R418A,blend,R418A,,,A2,,0.033,,,,,,-41.7,,,,1.7,,84.59,"{""nominal_glide_k"":{""method"":""BITZER normal dew minus bubble point at ambient pressure"",""phase"":""two_phase"",""pressureKPaAbsolute"":101.325,""temperatureC"":-41.7},""normal_boiling_c"":{""method"":""BITZER normal boiling/bubble point at ambient pressure"",""phase"":""bubble"",""pressureKPaAbsolute"":101.325,""temperatureC"":-41.7}}",,,BITZERin taulukossa tavallinen öljy on mineraaliöljy (MO); muut mahdolliset: alkyylibentseeni (AB). Tarkista sopiva öljy ja viskositeetti kompressorimallin valmistajalta.,BITZER lists MO as typical oil; other possible types: AB. Confirm the oil and viscosity for the specific compressor model with its manufacturer.,MO,AB,,,verified,verified,verified,partial,verified,unsupported,coolprop-mit,bitzer-refreport-table,bitzer-refreport-table,bitzer-refreport-table,eu-2024-573;eu-2024-590,2026-09-25,"{""ashrae_safety_group"":[""bitzer-refreport-table""],""molar_mass_g_mol"":[""bitzer-refreport-table""],""nominal_glide_k"":[""bitzer-refreport-table""],""normal_boiling_c"":[""bitzer-refreport-table""],""odp"":[""bitzer-refreport-table""],""oil_notes"":[""bitzer-refreport-table""],""oil_notes_en"":[""bitzer-refreport-table""],""oil_possible"":[""bitzer-refreport-table""],""oil_typical"":[""bitzer-refreport-table""]}"
r419a,R419A,blend,R419A,,,A2,,0,,,,,,-42.6,,,,6.7,,109.34,"{""nominal_glide_k"":{""method"":""BITZER normal dew minus bubble point at ambient pressure"",""phase"":""two_phase"",""pressureKPaAbsolute"":101.325,""temperatureC"":-42.6},""normal_boiling_c"":{""method"":""BITZER normal boiling/bubble point at ambient pressure"",""phase"":""bubble"",""pressureKPaAbsolute"":101.325,""temperatureC"":-42.6}}",,,BITZERin taulukossa tavallinen öljy on POE; muut mahdolliset: ei ilmoitettu. Tarkista sopiva öljy ja viskositeetti kompressorimallin valmistajalta.,BITZER lists POE as typical oil. Confirm the oil and viscosity for the specific compressor model with its manufacturer.,POE,,,,verified,verified,verified,partial,unsupported,unsupported,coolprop-mit,bitzer-refreport-table,bitzer-refreport-table,bitzer-refreport-table,,2026-09-25,"{""ashrae_safety_group"":[""bitzer-refreport-table""],""molar_mass_g_mol"":[""bitzer-refreport-table""],""nominal_glide_k"":[""bitzer-refreport-table""],""normal_boiling_c"":[""bitzer-refreport-table""],""odp"":[""bitzer-refreport-table""],""oil_notes"":[""bitzer-refreport-table""],""oil_notes_en"":[""bitzer-refreport-table""],""oil_typical"":[""bitzer-refreport-table""]}"
r419b,R419B,blend,R419B,,,A2,,,,,,,,,,,,,,,,,,,,,,,,verified,verified,verified,unsupported,unsupported,unsupported,coolprop-mit,dcceew-safety-2024-preview,,,,2026-09-26,"{""ashrae_safety_group"":[""dcceew-safety-2024-preview""]}"
r420a,R420A,blend,R420A,,,A1,,0.005,,,,,,-25,,,,0.8,,101.85,"{""nominal_glide_k"":{""method"":""BITZER normal dew minus bubble point at ambient pressure"",""phase"":""two_phase"",""pressureKPaAbsolute"":101.325,""temperatureC"":-25.0},""normal_boiling_c"":{""method"":""BITZER normal boiling/bubble point at ambient pressure"",""phase"":""bubble"",""pressureKPaAbsolute"":101.325,""temperatureC"":-25.0}}",,,BITZERin taulukossa tavallinen öljy on POE; muut mahdolliset: ei ilmoitettu. Tarkista sopiva öljy ja viskositeetti kompressorimallin valmistajalta.,BITZER lists POE as typical oil. Confirm the oil and viscosity for the specific compressor model with its manufacturer.,POE,,,,verified,verified,verified,partial,verified,unsupported,epa-snap-compositions,bitzer-refreport-table,bitzer-refreport-table,bitzer-refreport-table,eu-2024-573;eu-2024-590,2026-09-25,"{""ashrae_safety_group"":[""bitzer-refreport-table""],""molar_mass_g_mol"":[""bitzer-refreport-table""],""nominal_glide_k"":[""bitzer-refreport-table""],""normal_boiling_c"":[""bitzer-refreport-table""],""odp"":[""bitzer-refreport-table""],""oil_notes"":[""bitzer-refreport-table""],""oil_notes_en"":[""bitzer-refreport-table""],""oil_typical"":[""bitzer-refreport-table""]}"
r421a,R421A,blend,R421A,,,A1,,0,,,,,,-40.7,,,,5.3,,111.75,"{""nominal_glide_k"":{""method"":""BITZER normal dew minus bubble point at ambient pressure"",""phase"":""two_phase"",""pressureKPaAbsolute"":101.325,""temperatureC"":-40.7},""normal_boiling_c"":{""method"":""BITZER normal boiling/bubble point at ambient pressure"",""phase"":""bubble"",""pressureKPaAbsolute"":101.325,""temperatureC"":-40.7}}",,,BITZERin taulukossa tavallinen öljy on POE; muut mahdolliset: ei ilmoitettu. Tarkista sopiva öljy ja viskositeetti kompressorimallin valmistajalta.,BITZER lists POE as typical oil. Confirm the oil and viscosity for the specific compressor model with its manufacturer.,POE,,,,verified,verified,verified,partial,verified,unsupported,epa-snap-compositions,bitzer-refreport-table,bitzer-refreport-table,bitzer-refreport-table,eu-2024-573,2026-09-25,"{""ashrae_safety_group"":[""bitzer-refreport-table""],""molar_mass_g_mol"":[""bitzer-refreport-table""],""nominal_glide_k"":[""bitzer-refreport-table""],""normal_boiling_c"":[""bitzer-refreport-table""],""odp"":[""bitzer-refreport-table""],""oil_notes"":[""bitzer-refreport-table""],""oil_notes_en"":[""bitzer-refreport-table""],""oil_typical"":[""bitzer-refreport-table""]}"
r421b,R421B,blend,R421B,,,A1,,0,,,,,,-45.6,,,,3.2,,116.93,"{""nominal_glide_k"":{""method"":""BITZER normal dew minus bubble point at ambient pressure"",""phase"":""two_phase"",""pressureKPaAbsolute"":101.325,""temperatureC"":-45.6},""normal_boiling_c"":{""method"":""BITZER normal boiling/bubble point at ambient pressure"",""phase"":""bubble"",""pressureKPaAbsolute"":101.325,""temperatureC"":-45.6}}",,,BITZERin taulukossa tavallinen öljy on POE; muut mahdolliset: ei ilmoitettu. Tarkista sopiva öljy ja viskositeetti kompressorimallin valmistajalta.,BITZER lists POE as typical oil. Confirm the oil and viscosity for the specific compressor model with its manufacturer.,POE,,,,verified,verified,verified,partial,verified,unsupported,epa-snap-compositions,bitzer-refreport-table,bitzer-refreport-table,bitzer-refreport-table,eu-2024-573,2026-09-25,"{""ashrae_safety_group"":[""bitzer-refreport-table""],""molar_mass_g_mol"":[""bitzer-refreport-table""],""nominal_glide_k"":[""bitzer-refreport-table""],""normal_boiling_c"":[""bitzer-refreport-table""],""odp"":[""bitzer-refreport-table""],""oil_notes"":[""bitzer-refreport-table""],""oil_notes_en"":[""bitzer-refreport-table""],""oil_typical"":[""bitzer-refreport-table""]}"
r422a,R422A,blend,R422A,,,A1,,0,,,,,,-46.5,,,,2.5,,113.6,"{""nominal_glide_k"":{""method"":""BITZER normal dew minus bubble point at ambient pressure"",""phase"":""two_phase"",""pressureKPaAbsolute"":101.325,""temperatureC"":-46.5},""normal_boiling_c"":{""method"":""BITZER normal boiling/bubble point at ambient pressure"",""phase"":""bubble"",""pressureKPaAbsolute"":101.325,""temperatureC"":-46.5}}",,,BITZERin taulukossa tavallinen öljy on POE; muut mahdolliset: PVE. Tarkista sopiva öljy ja viskositeetti kompressorimallin valmistajalta.,BITZER lists POE as typical oil; other possible types: PVE. Confirm the oil and viscosity for the specific compressor model with its manufacturer.,POE,PVE,,,verified,verified,verified,partial,verified,unsupported,epa-snap-compositions,bitzer-refreport-table,bitzer-refreport-table,bitzer-refreport-table,eu-2024-573;eu-2024-590,2026-09-25,"{""ashrae_safety_group"":[""bitzer-refreport-table""],""molar_mass_g_mol"":[""bitzer-refreport-table""],""nominal_glide_k"":[""bitzer-refreport-table""],""normal_boiling_c"":[""bitzer-refreport-table""],""odp"":[""bitzer-refreport-table""],""oil_notes"":[""bitzer-refreport-table""],""oil_notes_en"":[""bitzer-refreport-table""],""oil_possible"":[""bitzer-refreport-table""],""oil_typical"":[""bitzer-refreport-table""]}"
r422b,R422B,blend,R422B,,,A1,,0,,,,,,-41.3,,,,5.4,,108.52,"{""nominal_glide_k"":{""method"":""BITZER normal dew minus bubble point at ambient pressure"",""phase"":""two_phase"",""pressureKPaAbsolute"":101.325,""temperatureC"":-41.3},""normal_boiling_c"":{""method"":""BITZER normal boiling/bubble point at ambient pressure"",""phase"":""bubble"",""pressureKPaAbsolute"":101.325,""temperatureC"":-41.3}}",,,BITZERin taulukossa tavallinen öljy on POE; muut mahdolliset: ei ilmoitettu. Tarkista sopiva öljy ja viskositeetti kompressorimallin valmistajalta.,BITZER lists POE as typical oil. Confirm the oil and viscosity for the specific compressor model with its manufacturer.,POE,,,,verified,verified,verified,partial,verified,unsupported,epa-snap-compositions,bitzer-refreport-table,bitzer-refreport-table,bitzer-refreport-table,eu-2024-573;eu-2024-590,2026-09-25,"{""ashrae_safety_group"":[""bitzer-refreport-table""],""molar_mass_g_mol"":[""bitzer-refreport-table""],""nominal_glide_k"":[""bitzer-refreport-table""],""normal_boiling_c"":[""bitzer-refreport-table""],""odp"":[""bitzer-refreport-table""],""oil_notes"":[""bitzer-refreport-table""],""oil_notes_en"":[""bitzer-refreport-table""],""oil_typical"":[""bitzer-refreport-table""]}"
r422c,R422C,blend,R422C,,,A1,,0,,,,,,-45.9,,,,3,,113.4,"{""nominal_glide_k"":{""method"":""BITZER normal dew minus bubble point at ambient pressure"",""phase"":""two_phase"",""pressureKPaAbsolute"":101.325,""temperatureC"":-45.9},""normal_boiling_c"":{""method"":""BITZER normal boiling/bubble point at ambient pressure"",""phase"":""bubble"",""pressureKPaAbsolute"":101.325,""temperatureC"":-45.9}}",,,BITZERin taulukossa tavallinen öljy on POE; muut mahdolliset: ei ilmoitettu. Tarkista sopiva öljy ja viskositeetti kompressorimallin valmistajalta.,BITZER lists POE as typical oil. Confirm the oil and viscosity for the specific compressor model with its manufacturer.,POE,,,,verified,verified,verified,partial,verified,unsupported,epa-snap-compositions,bitzer-refreport-table,bitzer-refreport-table,bitzer-refreport-table,eu-2024-573;eu-2024-590,2026-09-25,"{""ashrae_safety_group"":[""bitzer-refreport-table""],""molar_mass_g_mol"":[""bitzer-refreport-table""],""nominal_glide_k"":[""bitzer-refreport-table""],""normal_boiling_c"":[""bitzer-refreport-table""],""odp"":[""bitzer-refreport-table""],""oil_notes"":[""bitzer-refreport-table""],""oil_notes_en"":[""bitzer-refreport-table""],""oil_typical"":[""bitzer-refreport-table""]}"
r422d,R422D,blend,R422D,,,A1,,0,,,,,,-43.2,,,,4.9,,109.94,"{""nominal_glide_k"":{""method"":""BITZER normal dew minus bubble point at ambient pressure"",""phase"":""two_phase"",""pressureKPaAbsolute"":101.325,""temperatureC"":-43.2},""normal_boiling_c"":{""method"":""BITZER normal boiling/bubble point at ambient pressure"",""phase"":""bubble"",""pressureKPaAbsolute"":101.325,""temperatureC"":-43.2}}",,,BITZERin taulukossa tavallinen öljy on POE; muut mahdolliset: PVE. Tarkista sopiva öljy ja viskositeetti kompressorimallin valmistajalta.,BITZER lists POE as typical oil; other possible types: PVE. Confirm the oil and viscosity for the specific compressor model with its manufacturer.,POE,PVE,,,verified,verified,verified,partial,verified,unsupported,epa-snap-compositions,bitzer-refreport-table,bitzer-refreport-table,bitzer-refreport-table,eu-2024-573;eu-2024-590,2026-09-25,"{""ashrae_safety_group"":[""bitzer-refreport-table""],""molar_mass_g_mol"":[""bitzer-refreport-table""],""nominal_glide_k"":[""bitzer-refreport-table""],""normal_boiling_c"":[""bitzer-refreport-table""],""odp"":[""bitzer-refreport-table""],""oil_notes"":[""bitzer-refreport-table""],""oil_notes_en"":[""bitzer-refreport-table""],""oil_possible"":[""bitzer-refreport-table""],""oil_typical"":[""bitzer-refreport-table""]}"
r422e,R422E,blend,R422E,,,A1,,,,,,,,,,,,,,,,,,,,,,,,verified,verified,verified,unsupported,verified,unsupported,coolprop-mit,dcceew-safety-2024-preview,,,eu-2024-573;eu-2024-590,2026-09-26,"{""ashrae_safety_group"":[""dcceew-safety-2024-preview""]}"
r423a,R423A,blend,R423A,,,A1,,,,,,,,,,,,,,,,,,,,,,,,verified,verified,verified,unsupported,verified,unsupported,coolprop-mit,dcceew-safety-2024-preview,,,eu-2024-573,2026-09-26,"{""ashrae_safety_group"":[""dcceew-safety-2024-preview""]}"
r424a,R424A,blend,R424A,,,A1,,,,,,,,,,,,,,,,,,,,,,,,verified,verified,verified,unsupported,unsupported,unsupported,epa-snap-compositions,dcceew-safety-2024-preview,,,,2026-09-26,"{""ashrae_safety_group"":[""dcceew-safety-2024-preview""]}"
r425a,R425A,blend,R425A,,,A1,,,,,,,,,,,,,,,,,,,,,,,,verified,verified,verified,unsupported,verified,unsupported,coolprop-mit,dcceew-safety-2024-preview,,,eu-2024-573,2026-09-26,"{""ashrae_safety_group"":[""dcceew-safety-2024-preview""]}"
r426a,R426A,blend,R426A,,,A1,,,,,,,,,,,,,,,,,,,,,,,,verified,verified,verified,unsupported,verified,unsupported,epa-snap-compositions,dcceew-safety-2024-preview,,,eu-2024-573;eu-2024-590,2026-09-26,"{""ashrae_safety_group"":[""dcceew-safety-2024-preview""]}"
r427a,R427A,blend,R427A,,,A1,,0,,,,,,-43,,,,6.8,,90.44,"{""nominal_glide_k"":{""method"":""BITZER normal dew minus bubble point at ambient pressure"",""phase"":""two_phase"",""pressureKPaAbsolute"":101.325,""temperatureC"":-43.0},""normal_boiling_c"":{""method"":""BITZER normal boiling/bubble point at ambient pressure"",""phase"":""bubble"",""pressureKPaAbsolute"":101.325,""temperatureC"":-43.0}}",,,BITZERin taulukossa tavallinen öljy on POE; muut mahdolliset: PVE. Tarkista sopiva öljy ja viskositeetti kompressorimallin valmistajalta.,BITZER lists POE as typical oil; other possible types: PVE. Confirm the oil and viscosity for the specific compressor model with its manufacturer.,POE,PVE,,,verified,verified,verified,partial,verified,unsupported,epa-snap-compositions,bitzer-refreport-table,bitzer-refreport-table,bitzer-refreport-table,eu-2024-573,2026-09-25,"{""ashrae_safety_group"":[""bitzer-refreport-table""],""molar_mass_g_mol"":[""bitzer-refreport-table""],""nominal_glide_k"":[""bitzer-refreport-table""],""normal_boiling_c"":[""bitzer-refreport-table""],""odp"":[""bitzer-refreport-table""],""oil_notes"":[""bitzer-refreport-table""],""oil_notes_en"":[""bitzer-refreport-table""],""oil_possible"":[""bitzer-refreport-table""],""oil_typical"":[""bitzer-refreport-table""]}"
r427b,R427B,blend,R427B,,,A1,,,,,,,,,,,,,,,,,,,,,,,,verified,verified,verified,unsupported,verified,unsupported,unep-ozone-blends-live-v3;unep-teap-2020-v3,unep-teap-2020-v3,,,eu-2024-573,2026-09-25,"{""ashrae_safety_group"":[""unep-teap-2020-v3""]}"
r427c,R427C,blend,R427C,,,A1,,,,,,,,,,,,,,,,,,,,,,,,verified,verified,verified,unsupported,verified,unsupported,coolprop-mit,ashrae-handbook-f25-safety,,,eu-2024-573,2026-09-25,"{""ashrae_safety_group"":[""ashrae-handbook-f25-safety""]}"
r428a,R428A,blend,R428A,,,A1,,,,,,,,,,,,,,,,,,,,,,,,verified,verified,verified,unsupported,verified,unsupported,epa-snap-compositions,dcceew-safety-2024-preview,,,eu-2024-573;eu-2024-590,2026-09-26,"{""ashrae_safety_group"":[""dcceew-safety-2024-preview""]}"
r429a,R429A,blend,R429A,,,A3,,,,,,,,,,,,,,,,,,,,,,,,verified,verified,verified,unsupported,unsupported,unsupported,coolprop-mit,dcceew-safety-2024-preview,,,,2026-09-26,"{""ashrae_safety_group"":[""dcceew-safety-2024-preview""]}"
r430a,R430A,blend,R430A,,,A3,,,,,,,,,,,,,,,,,,,,,,,,verified,verified,verified,unsupported,verified,unsupported,coolprop-mit,dcceew-safety-2024-preview,,,eu-2024-573;eu-2024-590,2026-09-26,"{""ashrae_safety_group"":[""dcceew-safety-2024-preview""]}"
r431a,R431A,blend,R431A,,,A3,,,,,,,,,,,,,,,,,,,,,,,,verified,verified,verified,unsupported,verified,unsupported,coolprop-mit,dcceew-safety-2024-preview,,,eu-2024-573;eu-2024-590,2026-09-26,"{""ashrae_safety_group"":[""dcceew-safety-2024-preview""]}"
r432a,R432A,blend,R432A,,,A3,,,,,,,,,,,,,,,,,,,,,,,,verified,verified,verified,unsupported,unsupported,unsupported,coolprop-mit,ashrae-handbook-f25-safety,,,,2026-09-25,"{""ashrae_safety_group"":[""ashrae-handbook-f25-safety""]}"
r433a,R433A,blend,R433A,,,A3,,,,,,,,,,,,,,,,,,,,,,,,verified,verified,verified,unsupported,verified,unsupported,coolprop-mit,ashrae-handbook-f25-safety,,,eu-2024-573;eu-2024-590,2026-09-25,"{""ashrae_safety_group"":[""ashrae-handbook-f25-safety""]}"
r433b,R433B,blend,R433B,,,A3,,,,,,,,,,,,,,,,,,,,,,,,verified,verified,verified,unsupported,verified,unsupported,coolprop-mit,ashrae-handbook-f25-safety,,,eu-2024-573;eu-2024-590,2026-09-25,"{""ashrae_safety_group"":[""ashrae-handbook-f25-safety""]}"
r433c,R433C,blend,R433C,,,A3,,,,,,,,,,,,,,,,,,,,,,,,verified,verified,verified,unsupported,verified,unsupported,coolprop-mit,ashrae-handbook-f25-safety,,,eu-2024-573;eu-2024-590,2026-09-25,"{""ashrae_safety_group"":[""ashrae-handbook-f25-safety""]}"
r433d,R433D,blend,R433D,,,A3,,,,,,,,,,,,,,,,,,,,,,,,verified,verified,verified,unsupported,verified,unsupported,unep-teap-2025-v3,unep-teap-2025-v3,,,eu-2024-573;eu-2024-590,2026-09-25,"{""ashrae_safety_group"":[""unep-teap-2025-v3""]}"
r434a,R434A,blend,R434A,,,A1,,0,,,,,,-45,,,,2.7,,105.74,"{""nominal_glide_k"":{""method"":""BITZER normal dew minus bubble point at ambient pressure"",""phase"":""two_phase"",""pressureKPaAbsolute"":101.325,""temperatureC"":-45.0},""normal_boiling_c"":{""method"":""BITZER normal boiling/bubble point at ambient pressure"",""phase"":""bubble"",""pressureKPaAbsolute"":101.325,""temperatureC"":-45.0}}",,,BITZERin taulukossa tavallinen öljy on POE; muut mahdolliset: ei ilmoitettu. Tarkista sopiva öljy ja viskositeetti kompressorimallin valmistajalta.,BITZER lists POE as typical oil. Confirm the oil and viscosity for the specific compressor model with its manufacturer.,POE,,,,verified,verified,verified,partial,verified,unsupported,epa-snap-compositions,bitzer-refreport-table,bitzer-refreport-table,bitzer-refreport-table,eu-2024-573;eu-2024-590,2026-09-25,"{""ashrae_safety_group"":[""bitzer-refreport-table""],""molar_mass_g_mol"":[""bitzer-refreport-table""],""nominal_glide_k"":[""bitzer-refreport-table""],""normal_boiling_c"":[""bitzer-refreport-table""],""odp"":[""bitzer-refreport-table""],""oil_notes"":[""bitzer-refreport-table""],""oil_notes_en"":[""bitzer-refreport-table""],""oil_typical"":[""bitzer-refreport-table""]}"
r435a,R435A,blend,R435A,,,A3,,,,,,,,,,,,,,,,,,,,,,,,verified,verified,verified,unsupported,unsupported,unsupported,coolprop-mit,dcceew-safety-2024-preview,,,,2026-09-26,"{""ashrae_safety_group"":[""dcceew-safety-2024-preview""]}"
r436a,R436A,blend,R436A,,,A3,,,,,,,,,,,,,,,,,,,,,,,,verified,verified,verified,unsupported,verified,unsupported,coolprop-mit,ashrae-handbook-f25-safety,,,eu-2024-573;eu-2024-590,2026-09-25,"{""ashrae_safety_group"":[""ashrae-handbook-f25-safety""]}"
r436b,R436B,blend,R436B,,,A3,,,,,,,,,,,,,,,,,,,,,,,,verified,verified,verified,unsupported,verified,unsupported,coolprop-mit,ashrae-handbook-f25-safety,,,eu-2024-573;eu-2024-590,2026-09-25,"{""ashrae_safety_group"":[""ashrae-handbook-f25-safety""]}"
r436c,R436C,blend,R436C,,,A3,,,,,,,,,,,,,,,,,,,,,,,,verified,verified,verified,unsupported,verified,unsupported,coolprop-mit,ashrae-handbook-f25-safety,,,eu-2024-573;eu-2024-590,2026-09-25,"{""ashrae_safety_group"":[""ashrae-handbook-f25-safety""]}"
r437a,R437A,blend,R437A,,,A1,,0,1639,,,,,-32.4,,,,3.5,,103.71,"{""nominal_glide_k"":{""method"":""BITZER normal dew minus bubble point at ambient pressure"",""phase"":""two_phase"",""pressureKPaAbsolute"":101.325,""temperatureC"":-32.4},""normal_boiling_c"":{""method"":""BITZER normal boiling/bubble point at ambient pressure"",""phase"":""bubble"",""pressureKPaAbsolute"":101.325,""temperatureC"":-32.4}}",,,BITZERin taulukossa tavallinen öljy on POE; muut mahdolliset: PVE. Tarkista sopiva öljy ja viskositeetti kompressorimallin valmistajalta.,BITZER lists POE as typical oil; other possible types: PVE. Confirm the oil and viscosity for the specific compressor model with its manufacturer.,POE,PVE,,,verified,verified,verified,partial,unsupported,unsupported,coolprop-mit,bitzer-refreport-table,chemours-cre-2016,bitzer-refreport-table,,2026-09-26,"{""ashrae_safety_group"":[""bitzer-refreport-table""],""molar_mass_g_mol"":[""bitzer-refreport-table""],""nominal_glide_k"":[""bitzer-refreport-table""],""normal_boiling_c"":[""bitzer-refreport-table""],""odp"":[""bitzer-refreport-table""],""oil_notes"":[""bitzer-refreport-table""],""oil_notes_en"":[""bitzer-refreport-table""],""oil_possible"":[""bitzer-refreport-table""],""oil_typical"":[""bitzer-refreport-table""],""gwp_ar4_100"":[""chemours-cre-2016""]}"
r438a,R438A,blend,R438A,,,A1,,0,,,,,,-42.3,,,,6.6,,99.13,"{""nominal_glide_k"":{""method"":""BITZER normal dew minus bubble point at ambient pressure"",""phase"":""two_phase"",""pressureKPaAbsolute"":101.325,""temperatureC"":-42.3},""normal_boiling_c"":{""method"":""BITZER normal boiling/bubble point at ambient pressure"",""phase"":""bubble"",""pressureKPaAbsolute"":101.325,""temperatureC"":-42.3}}",,,BITZERin taulukossa tavallinen öljy on POE; muut mahdolliset: PVE. Tarkista sopiva öljy ja viskositeetti kompressorimallin valmistajalta.,BITZER lists POE as typical oil; other possible types: PVE. Confirm the oil and viscosity for the specific compressor model with its manufacturer.,POE,PVE,,,verified,verified,verified,partial,unsupported,unsupported,epa-snap-compositions,bitzer-refreport-table,bitzer-refreport-table,bitzer-refreport-table,,2026-09-25,"{""ashrae_safety_group"":[""bitzer-refreport-table""],""molar_mass_g_mol"":[""bitzer-refreport-table""],""nominal_glide_k"":[""bitzer-refreport-table""],""normal_boiling_c"":[""bitzer-refreport-table""],""odp"":[""bitzer-refreport-table""],""oil_notes"":[""bitzer-refreport-table""],""oil_notes_en"":[""bitzer-refreport-table""],""oil_possible"":[""bitzer-refreport-table""],""oil_typical"":[""bitzer-refreport-table""]}"
r439a,R439A,blend,R439A,,,A2,,,,,,,,,,,,,,,,,,,,,,,,verified,verified,verified,unsupported,verified,unsupported,coolprop-mit,dcceew-safety-2024-preview,,,eu-2024-573;eu-2024-590,2026-09-26,"{""ashrae_safety_group"":[""dcceew-safety-2024-preview""]}"
r440a,R440A,blend,R440A,,,A2,,,,,,,,,,,,,,,,,,,,,,,,verified,verified,verified,unsupported,verified,unsupported,coolprop-mit,ashrae-handbook-f25-safety,,,eu-2024-573;eu-2024-590,2026-09-25,"{""ashrae_safety_group"":[""ashrae-handbook-f25-safety""]}"
r441a,R441A,blend,R441A,,,A3,,,,,,,,,,,,,,,,,,,,,,,,verified,verified,verified,unsupported,verified,unsupported,epa-snap-compositions,epa-snap-ac-preview,,,eu-2024-573;eu-2024-590,2026-09-26,"{""ashrae_safety_group"":[""epa-snap-ac-preview""]}"
r442a,R442A,blend,R442A,,,A1,,0,,,,,,-46.4,,,,6.7,,81.76,"{""nominal_glide_k"":{""method"":""BITZER normal dew minus bubble point at ambient pressure"",""phase"":""two_phase"",""pressureKPaAbsolute"":101.325,""temperatureC"":-46.4},""normal_boiling_c"":{""method"":""BITZER normal boiling/bubble point at ambient pressure"",""phase"":""bubble"",""pressureKPaAbsolute"":101.325,""temperatureC"":-46.4}}",,,BITZERin taulukossa tavallinen öljy on POE; muut mahdolliset: PVE. Tarkista sopiva öljy ja viskositeetti kompressorimallin valmistajalta.,BITZER lists POE as typical oil; other possible types: PVE. Confirm the oil and viscosity for the specific compressor model with its manufacturer.,POE,PVE,,,verified,verified,verified,partial,verified,unsupported,epa-snap-compositions,bitzer-refreport-table,bitzer-refreport-table,bitzer-refreport-table,eu-2024-573,2026-09-25,"{""ashrae_safety_group"":[""bitzer-refreport-table""],""molar_mass_g_mol"":[""bitzer-refreport-table""],""nominal_glide_k"":[""bitzer-refreport-table""],""normal_boiling_c"":[""bitzer-refreport-table""],""odp"":[""bitzer-refreport-table""],""oil_notes"":[""bitzer-refreport-table""],""oil_notes_en"":[""bitzer-refreport-table""],""oil_possible"":[""bitzer-refreport-table""],""oil_typical"":[""bitzer-refreport-table""]}"
r443a,R443A,blend,R443A,,,A3,,0,,,,,,-45.2,,,,3.1,,43.47,"{""nominal_glide_k"":{""method"":""BITZER normal dew minus bubble point at ambient pressure"",""phase"":""two_phase"",""pressureKPaAbsolute"":101.325,""temperatureC"":-45.2},""normal_boiling_c"":{""method"":""BITZER normal boiling/bubble point at ambient pressure"",""phase"":""bubble"",""pressureKPaAbsolute"":101.325,""temperatureC"":-45.2}}",,,"BITZERin taulukossa tavallinen öljy on PAO; muut mahdolliset: POE, mineraaliöljy (MO). Tarkista sopiva öljy ja viskositeetti kompressorimallin valmistajalta.","BITZER lists PAO as typical oil; other possible types: POE, MO. Confirm the oil and viscosity for the specific compressor model with its manufacturer.",PAO,POE;MO,,,verified,verified,verified,partial,verified,unsupported,coolprop-mit,bitzer-refreport-table,bitzer-refreport-table,bitzer-refreport-table,eu-2024-573;eu-2024-590,2026-09-25,"{""ashrae_safety_group"":[""bitzer-refreport-table""],""molar_mass_g_mol"":[""bitzer-refreport-table""],""nominal_glide_k"":[""bitzer-refreport-table""],""normal_boiling_c"":[""bitzer-refreport-table""],""odp"":[""bitzer-refreport-table""],""oil_notes"":[""bitzer-refreport-table""],""oil_notes_en"":[""bitzer-refreport-table""],""oil_possible"":[""bitzer-refreport-table""],""oil_typical"":[""bitzer-refreport-table""]}"
r444a,R444A,blend,R444A,,,A2L,,0,,,,,,-35.7,,,,11.1,,96.7,"{""nominal_glide_k"":{""method"":""BITZER normal dew minus bubble point at ambient pressure"",""phase"":""two_phase"",""pressureKPaAbsolute"":101.325,""temperatureC"":-35.7},""normal_boiling_c"":{""method"":""BITZER normal boiling/bubble point at ambient pressure"",""phase"":""bubble"",""pressureKPaAbsolute"":101.325,""temperatureC"":-35.7}}",,,BITZERin taulukossa tavallinen öljy on POE; muut mahdolliset: PVE. Tarkista sopiva öljy ja viskositeetti kompressorimallin valmistajalta.,BITZER lists POE as typical oil; other possible types: PVE. Confirm the oil and viscosity for the specific compressor model with its manufacturer.,POE,PVE,,,verified,verified,verified,partial,verified,unsupported,coolprop-mit,bitzer-refreport-table,bitzer-refreport-table,bitzer-refreport-table,eu-2024-573,2026-09-25,"{""ashrae_safety_group"":[""bitzer-refreport-table""],""molar_mass_g_mol"":[""bitzer-refreport-table""],""nominal_glide_k"":[""bitzer-refreport-table""],""normal_boiling_c"":[""bitzer-refreport-table""],""odp"":[""bitzer-refreport-table""],""oil_notes"":[""bitzer-refreport-table""],""oil_notes_en"":[""bitzer-refreport-table""],""oil_possible"":[""bitzer-refreport-table""],""oil_typical"":[""bitzer-refreport-table""]}"
r444b,R444B,blend,R444B,,,A2L,,0,,,,,,-45,,,,10,,72.76,"{""nominal_glide_k"":{""method"":""BITZER normal dew minus bubble point at ambient pressure"",""phase"":""two_phase"",""pressureKPaAbsolute"":101.325,""temperatureC"":-45.0},""normal_boiling_c"":{""method"":""BITZER normal boiling/bubble point at ambient pressure"",""phase"":""bubble"",""pressureKPaAbsolute"":101.325,""temperatureC"":-45.0}}",,,BITZERin taulukossa tavallinen öljy on POE; muut mahdolliset: PVE. Tarkista sopiva öljy ja viskositeetti kompressorimallin valmistajalta.,BITZER lists POE as typical oil; other possible types: PVE. Confirm the oil and viscosity for the specific compressor model with its manufacturer.,POE,PVE,,,verified,verified,verified,partial,verified,unsupported,coolprop-mit,bitzer-refreport-table,bitzer-refreport-table,bitzer-refreport-table,eu-2024-573,2026-09-25,"{""ashrae_safety_group"":[""bitzer-refreport-table""],""molar_mass_g_mol"":[""bitzer-refreport-table""],""nominal_glide_k"":[""bitzer-refreport-table""],""normal_boiling_c"":[""bitzer-refreport-table""],""odp"":[""bitzer-refreport-table""],""oil_notes"":[""bitzer-refreport-table""],""oil_notes_en"":[""bitzer-refreport-table""],""oil_possible"":[""bitzer-refreport-table""],""oil_typical"":[""bitzer-refreport-table""]}"
r445a,R445A,blend,R445A,,,A2L,,,,,,,,,,,,,,,,,,,,,,,,verified,verified,verified,unsupported,verified,unsupported,coolprop-mit,dcceew-safety-2024-preview,,,eu-2024-573;eu-2024-590,2026-09-26,"{""ashrae_safety_group"":[""dcceew-safety-2024-preview""]}"
r446a,R446A,blend,R446A,,,A2L,,,,,,,,,,,,,,,,,,,,,,,,verified,verified,verified,unsupported,verified,unsupported,coolprop-mit,dcceew-safety-2024-preview,,,eu-2024-573;eu-2024-590,2026-09-26,"{""ashrae_safety_group"":[""dcceew-safety-2024-preview""]}"
r447a,R447A,blend,R447A,,,A2L,,,,,,,,,,,,,,,,,,,,,,,,verified,verified,verified,unsupported,verified,unsupported,coolprop-mit,dcceew-safety-2024-preview,,,eu-2024-573,2026-09-26,"{""ashrae_safety_group"":[""dcceew-safety-2024-preview""]}"
r447b,R447B,blend,R447B,,,A2L,,0,,,,,,-50,,,,4,,,"{""nominal_glide_k"":{""method"":""BITZER normal dew minus bubble point at ambient pressure"",""phase"":""two_phase"",""pressureKPaAbsolute"":101.325,""temperatureC"":-50.0},""normal_boiling_c"":{""method"":""BITZER normal boiling/bubble point at ambient pressure"",""phase"":""bubble"",""pressureKPaAbsolute"":101.325,""temperatureC"":-50.0}}",,,BITZERin taulukossa tavallinen öljy on POE; muut mahdolliset: PVE. Tarkista sopiva öljy ja viskositeetti kompressorimallin valmistajalta.,BITZER lists POE as typical oil; other possible types: PVE. Confirm the oil and viscosity for the specific compressor model with its manufacturer.,POE,PVE,,,verified,verified,verified,partial,verified,unsupported,coolprop-mit,bitzer-refreport-table,bitzer-refreport-table,bitzer-refreport-table,eu-2024-573,2026-09-25,"{""ashrae_safety_group"":[""bitzer-refreport-table""],""nominal_glide_k"":[""bitzer-refreport-table""],""normal_boiling_c"":[""bitzer-refreport-table""],""odp"":[""bitzer-refreport-table""],""oil_notes"":[""bitzer-refreport-table""],""oil_notes_en"":[""bitzer-refreport-table""],""oil_possible"":[""bitzer-refreport-table""],""oil_typical"":[""bitzer-refreport-table""]}"
r448a,R448A,blend,R448A,,,A1,,0,,,,,,-46.1,,,,6.2,,86.28,"{""nominal_glide_k"":{""method"":""BITZER normal dew minus bubble point at ambient pressure"",""phase"":""two_phase"",""pressureKPaAbsolute"":101.325,""temperatureC"":-46.1},""normal_boiling_c"":{""method"":""BITZER normal boiling/bubble point at ambient pressure"",""phase"":""bubble"",""pressureKPaAbsolute"":101.325,""temperatureC"":-46.1}}",,,BITZERin taulukossa tavallinen öljy on POE; muut mahdolliset: PVE. Tarkista sopiva öljy ja viskositeetti kompressorimallin valmistajalta.,BITZER lists POE as typical oil; other possible types: PVE. Confirm the oil and viscosity for the specific compressor model with its manufacturer.,POE,PVE,,,verified,verified,verified,partial,verified,unsupported,epa-snap-compositions,bitzer-refreport-table;linde-2019-safety,bitzer-refreport-table,bitzer-refreport-table,eu-2024-573,2026-09-25,"{""molar_mass_g_mol"":[""bitzer-refreport-table""],""nominal_glide_k"":[""bitzer-refreport-table""],""normal_boiling_c"":[""bitzer-refreport-table""],""odp"":[""bitzer-refreport-table""],""oil_notes"":[""bitzer-refreport-table""],""oil_notes_en"":[""bitzer-refreport-table""],""oil_possible"":[""bitzer-refreport-table""],""oil_typical"":[""bitzer-refreport-table""]}"
r448b,R448B,blend,R448B,,,A1,,,,,,,,,,,,,,,,,,,,,,,,verified,verified,verified,unsupported,verified,unsupported,coolprop-mit,ashrae-handbook-f25-safety,,,eu-2024-573,2026-09-25,"{""ashrae_safety_group"":[""ashrae-handbook-f25-safety""]}"
r449a,R449A,blend,R449A,,,A1,,0,,,,,,-45.7,,,,5.7,,87.21,"{""nominal_glide_k"":{""method"":""BITZER normal dew minus bubble point at ambient pressure"",""phase"":""two_phase"",""pressureKPaAbsolute"":101.325,""temperatureC"":-45.7},""normal_boiling_c"":{""method"":""BITZER normal boiling/bubble point at ambient pressure"",""phase"":""bubble"",""pressureKPaAbsolute"":101.325,""temperatureC"":-45.7}}",,,Chemoursin tuotekohtainen ohje ilmoittaa POE-öljyn. Varmista öljyn soveltuvuus ja viskositeetti laitteen tai kompressorin valmistajalta.,Chemours' product guide lists POE oil. Confirm lubricant suitability and viscosity with the equipment or compressor manufacturer.,POE,PVE,,,verified,verified,verified,partial,verified,unsupported,epa-snap-compositions,bitzer-refreport-table;chemours-opteon-2021;chemours-replacement-guide,bitzer-refreport-table,bitzer-refreport-table,eu-2024-573,2026-09-25,"{""molar_mass_g_mol"":[""bitzer-refreport-table""],""nominal_glide_k"":[""bitzer-refreport-table""],""normal_boiling_c"":[""bitzer-refreport-table""],""odp"":[""bitzer-refreport-table""],""oil_notes"":[""chemours-replacement-guide""],""oil_notes_en"":[""chemours-replacement-guide""],""oil_possible"":[""bitzer-refreport-table""],""oil_typical"":[""chemours-replacement-guide""]}"
r449b,R449B,blend,R449B,,,A1,,0,,,,,,-46,,,,6,,,"{""nominal_glide_k"":{""method"":""BITZER normal dew minus bubble point at ambient pressure"",""phase"":""two_phase"",""pressureKPaAbsolute"":101.325,""temperatureC"":-46.0},""normal_boiling_c"":{""method"":""BITZER normal boiling/bubble point at ambient pressure"",""phase"":""bubble"",""pressureKPaAbsolute"":101.325,""temperatureC"":-46.0}}",,,BITZERin taulukossa tavallinen öljy on POE; muut mahdolliset: PVE. Tarkista sopiva öljy ja viskositeetti kompressorimallin valmistajalta.,BITZER lists POE as typical oil; other possible types: PVE. Confirm the oil and viscosity for the specific compressor model with its manufacturer.,POE,PVE,,,verified,verified,verified,partial,verified,unsupported,coolprop-mit,bitzer-refreport-table,bitzer-refreport-table,bitzer-refreport-table,eu-2024-573,2026-09-25,"{""ashrae_safety_group"":[""bitzer-refreport-table""],""nominal_glide_k"":[""bitzer-refreport-table""],""normal_boiling_c"":[""bitzer-refreport-table""],""odp"":[""bitzer-refreport-table""],""oil_notes"":[""bitzer-refreport-table""],""oil_notes_en"":[""bitzer-refreport-table""],""oil_possible"":[""bitzer-refreport-table""],""oil_typical"":[""bitzer-refreport-table""]}"
r449c,R449C,blend,R449C,,,A1,,0,,,,,,-44,,,,6,,,"{""nominal_glide_k"":{""method"":""BITZER normal dew minus bubble point at ambient pressure"",""phase"":""two_phase"",""pressureKPaAbsolute"":101.325,""temperatureC"":-44.0},""normal_boiling_c"":{""method"":""BITZER normal boiling/bubble point at ambient pressure"",""phase"":""bubble"",""pressureKPaAbsolute"":101.325,""temperatureC"":-44.0}}",,,BITZERin taulukossa tavallinen öljy on POE; muut mahdolliset: PVE. Tarkista sopiva öljy ja viskositeetti kompressorimallin valmistajalta.,BITZER lists POE as typical oil; other possible types: PVE. Confirm the oil and viscosity for the specific compressor model with its manufacturer.,POE,PVE,,,verified,verified,verified,partial,verified,unsupported,coolprop-mit,bitzer-refreport-table,bitzer-refreport-table,bitzer-refreport-table,eu-2024-573,2026-09-25,"{""ashrae_safety_group"":[""bitzer-refreport-table""],""nominal_glide_k"":[""bitzer-refreport-table""],""normal_boiling_c"":[""bitzer-refreport-table""],""odp"":[""bitzer-refreport-table""],""oil_notes"":[""bitzer-refreport-table""],""oil_notes_en"":[""bitzer-refreport-table""],""oil_possible"":[""bitzer-refreport-table""],""oil_typical"":[""bitzer-refreport-table""]}"
r450a,R450A,blend,R450A,,,A1,,0,,,,,,-23.4,,,,0.6,,108.67,"{""nominal_glide_k"":{""method"":""BITZER normal dew minus bubble point at ambient pressure"",""phase"":""two_phase"",""pressureKPaAbsolute"":101.325,""temperatureC"":-23.4},""normal_boiling_c"":{""method"":""BITZER normal boiling/bubble point at ambient pressure"",""phase"":""bubble"",""pressureKPaAbsolute"":101.325,""temperatureC"":-23.4}}",,,BITZERin taulukossa tavallinen öljy on POE; muut mahdolliset: PVE. Tarkista sopiva öljy ja viskositeetti kompressorimallin valmistajalta.,BITZER lists POE as typical oil; other possible types: PVE. Confirm the oil and viscosity for the specific compressor model with its manufacturer.,POE,PVE,,,verified,verified,verified,partial,verified,unsupported,epa-snap-compositions,bitzer-refreport-table;linde-2019-safety,bitzer-refreport-table,bitzer-refreport-table,eu-2024-573,2026-09-25,"{""molar_mass_g_mol"":[""bitzer-refreport-table""],""nominal_glide_k"":[""bitzer-refreport-table""],""normal_boiling_c"":[""bitzer-refreport-table""],""odp"":[""bitzer-refreport-table""],""oil_notes"":[""bitzer-refreport-table""],""oil_notes_en"":[""bitzer-refreport-table""],""oil_possible"":[""bitzer-refreport-table""],""oil_typical"":[""bitzer-refreport-table""]}"
r451a,R451A,blend,R451A,,,A2L,,,,,,,,,,,,,,,,,,,,,,,,verified,verified,verified,unsupported,verified,unsupported,coolprop-mit,dcceew-safety-2024-preview,,,eu-2024-573,2026-09-26,"{""ashrae_safety_group"":[""dcceew-safety-2024-preview""]}"
r451b,R451B,blend,R451B,,,A2L,,,,,,,,,,,,,,,,,,,,,,,,verified,verified,verified,unsupported,verified,unsupported,coolprop-mit,dcceew-safety-2024-preview,,,eu-2024-573,2026-09-26,"{""ashrae_safety_group"":[""dcceew-safety-2024-preview""]}"
r452a,R452A,blend,R452A,,,A1,,0,,,,,,-46.9,,,,3.8,,103.51,"{""nominal_glide_k"":{""method"":""BITZER normal dew minus bubble point at ambient pressure"",""phase"":""two_phase"",""pressureKPaAbsolute"":101.325,""temperatureC"":-46.9},""normal_boiling_c"":{""method"":""BITZER normal boiling/bubble point at ambient pressure"",""phase"":""bubble"",""pressureKPaAbsolute"":101.325,""temperatureC"":-46.9}}",,,Chemoursin tuotekohtainen ohje ilmoittaa POE-öljyn. Varmista öljyn soveltuvuus ja viskositeetti laitteen tai kompressorin valmistajalta.,Chemours' product guide lists POE oil. Confirm lubricant suitability and viscosity with the equipment or compressor manufacturer.,POE,PVE,,,verified,verified,verified,partial,verified,unsupported,coolprop-mit,bitzer-refreport-table;chemours-opteon-2021;chemours-replacement-guide,bitzer-refreport-table,bitzer-refreport-table,eu-2024-573,2026-09-25,"{""molar_mass_g_mol"":[""bitzer-refreport-table""],""nominal_glide_k"":[""bitzer-refreport-table""],""normal_boiling_c"":[""bitzer-refreport-table""],""odp"":[""bitzer-refreport-table""],""oil_notes"":[""chemours-replacement-guide""],""oil_notes_en"":[""chemours-replacement-guide""],""oil_possible"":[""bitzer-refreport-table""],""oil_typical"":[""chemours-replacement-guide""]}"
r452b,R452B,blend,R452B,,,A2L,,0,,,,,,-50.7,,,,0.9,,63.53,"{""nominal_glide_k"":{""method"":""BITZER normal dew minus bubble point at ambient pressure"",""phase"":""two_phase"",""pressureKPaAbsolute"":101.325,""temperatureC"":-50.7},""normal_boiling_c"":{""method"":""BITZER normal boiling/bubble point at ambient pressure"",""phase"":""bubble"",""pressureKPaAbsolute"":101.325,""temperatureC"":-50.7}}",,,BITZERin taulukossa tavallinen öljy on POE; muut mahdolliset: PVE. Tarkista sopiva öljy ja viskositeetti kompressorimallin valmistajalta.,BITZER lists POE as typical oil; other possible types: PVE. Confirm the oil and viscosity for the specific compressor model with its manufacturer.,POE,PVE,,,verified,verified,verified,partial,verified,unsupported,coolprop-mit,bitzer-refreport-table;chemours-opteon-2021,bitzer-refreport-table,bitzer-refreport-table,eu-2024-573,2026-09-25,"{""molar_mass_g_mol"":[""bitzer-refreport-table""],""nominal_glide_k"":[""bitzer-refreport-table""],""normal_boiling_c"":[""bitzer-refreport-table""],""odp"":[""bitzer-refreport-table""],""oil_notes"":[""bitzer-refreport-table""],""oil_notes_en"":[""bitzer-refreport-table""],""oil_possible"":[""bitzer-refreport-table""],""oil_typical"":[""bitzer-refreport-table""]}"
r452c,R452C,blend,R452C,,,A1,,0,,,,,,-47.5,,,,3.4,,101.95,"{""nominal_glide_k"":{""method"":""BITZER normal dew minus bubble point at ambient pressure"",""phase"":""two_phase"",""pressureKPaAbsolute"":101.325,""temperatureC"":-47.5},""normal_boiling_c"":{""method"":""BITZER normal boiling/bubble point at ambient pressure"",""phase"":""bubble"",""pressureKPaAbsolute"":101.325,""temperatureC"":-47.5}}",,,BITZERin taulukossa tavallinen öljy on POE; muut mahdolliset: PVE. Tarkista sopiva öljy ja viskositeetti kompressorimallin valmistajalta.,BITZER lists POE as typical oil; other possible types: PVE. Confirm the oil and viscosity for the specific compressor model with its manufacturer.,POE,PVE,,,verified,verified,verified,partial,verified,unsupported,coolprop-mit,bitzer-refreport-table,bitzer-refreport-table,bitzer-refreport-table,eu-2024-573,2026-09-25,"{""ashrae_safety_group"":[""bitzer-refreport-table""],""molar_mass_g_mol"":[""bitzer-refreport-table""],""nominal_glide_k"":[""bitzer-refreport-table""],""normal_boiling_c"":[""bitzer-refreport-table""],""odp"":[""bitzer-refreport-table""],""oil_notes"":[""bitzer-refreport-table""],""oil_notes_en"":[""bitzer-refreport-table""],""oil_possible"":[""bitzer-refreport-table""],""oil_typical"":[""bitzer-refreport-table""]}"
r453a,R453A,blend,R453A,,,A1,,,,,,,,,,,,,,,,,,,,,,,,verified,verified,verified,unsupported,unsupported,unsupported,coolprop-mit,dcceew-safety-2024-preview,,,,2026-09-26,"{""ashrae_safety_group"":[""dcceew-safety-2024-preview""]}"
r454a,R454A,blend,R454A,,,A2L,,0,,,,,,-47.9,,,,5.7,,79.79,"{""nominal_glide_k"":{""method"":""BITZER normal dew minus bubble point at ambient pressure"",""phase"":""two_phase"",""pressureKPaAbsolute"":101.325,""temperatureC"":-47.9},""normal_boiling_c"":{""method"":""BITZER normal boiling/bubble point at ambient pressure"",""phase"":""bubble"",""pressureKPaAbsolute"":101.325,""temperatureC"":-47.9}}",,,BITZERin taulukossa tavallinen öljy on POE; muut mahdolliset: PVE. Tarkista sopiva öljy ja viskositeetti kompressorimallin valmistajalta.,BITZER lists POE as typical oil; other possible types: PVE. Confirm the oil and viscosity for the specific compressor model with its manufacturer.,POE,PVE,,,verified,verified,verified,partial,verified,unsupported,coolprop-mit,bitzer-refreport-table;chemours-opteon-2021,bitzer-refreport-table,bitzer-refreport-table,eu-2024-573,2026-09-25,"{""molar_mass_g_mol"":[""bitzer-refreport-table""],""nominal_glide_k"":[""bitzer-refreport-table""],""normal_boiling_c"":[""bitzer-refreport-table""],""odp"":[""bitzer-refreport-table""],""oil_notes"":[""bitzer-refreport-table""],""oil_notes_en"":[""bitzer-refreport-table""],""oil_possible"":[""bitzer-refreport-table""],""oil_typical"":[""bitzer-refreport-table""]}"
r454b,R454B,blend,R454B,,,A2L,,0,,,,,,-50.5,,,,1,,62.61,"{""nominal_glide_k"":{""method"":""BITZER normal dew minus bubble point at ambient pressure"",""phase"":""two_phase"",""pressureKPaAbsolute"":101.325,""temperatureC"":-50.5},""normal_boiling_c"":{""method"":""BITZER normal boiling/bubble point at ambient pressure"",""phase"":""bubble"",""pressureKPaAbsolute"":101.325,""temperatureC"":-50.5}}",,,BITZERin taulukossa tavallinen öljy on POE; muut mahdolliset: PVE. Tarkista sopiva öljy ja viskositeetti kompressorimallin valmistajalta.,BITZER lists POE as typical oil; other possible types: PVE. Confirm the oil and viscosity for the specific compressor model with its manufacturer.,POE,PVE,,,verified,verified,verified,partial,verified,unsupported,coolprop-mit,bitzer-refreport-table;chemours-opteon-2021,bitzer-refreport-table,bitzer-refreport-table,eu-2024-573,2026-09-25,"{""molar_mass_g_mol"":[""bitzer-refreport-table""],""nominal_glide_k"":[""bitzer-refreport-table""],""normal_boiling_c"":[""bitzer-refreport-table""],""odp"":[""bitzer-refreport-table""],""oil_notes"":[""bitzer-refreport-table""],""oil_notes_en"":[""bitzer-refreport-table""],""oil_possible"":[""bitzer-refreport-table""],""oil_typical"":[""bitzer-refreport-table""]}"
r454c,R454C,blend,R454C,,,A2L,,0,,,,,,-45.6,,,,7.8,,90.78,"{""nominal_glide_k"":{""method"":""BITZER normal dew minus bubble point at ambient pressure"",""phase"":""two_phase"",""pressureKPaAbsolute"":101.325,""temperatureC"":-45.6},""normal_boiling_c"":{""method"":""BITZER normal boiling/bubble point at ambient pressure"",""phase"":""bubble"",""pressureKPaAbsolute"":101.325,""temperatureC"":-45.6}}",,,BITZERin taulukossa tavallinen öljy on POE; muut mahdolliset: PVE. Tarkista sopiva öljy ja viskositeetti kompressorimallin valmistajalta.,BITZER lists POE as typical oil; other possible types: PVE. Confirm the oil and viscosity for the specific compressor model with its manufacturer.,POE,PVE,,,verified,verified,verified,partial,verified,unsupported,coolprop-mit,bitzer-refreport-table;chemours-opteon-2021,bitzer-refreport-table,bitzer-refreport-table,eu-2024-573,2026-09-25,"{""molar_mass_g_mol"":[""bitzer-refreport-table""],""nominal_glide_k"":[""bitzer-refreport-table""],""normal_boiling_c"":[""bitzer-refreport-table""],""odp"":[""bitzer-refreport-table""],""oil_notes"":[""bitzer-refreport-table""],""oil_notes_en"":[""bitzer-refreport-table""],""oil_possible"":[""bitzer-refreport-table""],""oil_typical"":[""bitzer-refreport-table""]}"
r454d,R454D,blend,R454D,,,A2L,,,,,,,,,,,,,,,,,,,,,,,,verified,verified,verified,unsupported,verified,unsupported,unep-teap-2025-v3,unep-teap-2025-v3,,,eu-2024-573,2026-09-25,"{""ashrae_safety_group"":[""unep-teap-2025-v3""]}"
r455a,R455A,blend,R455A,,,A2L,,0,,,,,,-52,85.6,,,12.8,,87.45,"{""nominal_glide_k"":{""method"":""BITZER normal dew minus bubble point at ambient pressure"",""phase"":""two_phase"",""pressureKPaAbsolute"":101.325,""temperatureC"":-52.0},""normal_boiling_c"":{""method"":""BITZER normal boiling/bubble point at ambient pressure"",""phase"":""bubble"",""pressureKPaAbsolute"":101.325,""temperatureC"":-52.0}}",,,BITZERin taulukossa tavallinen öljy on POE; muut mahdolliset: PVE. Tarkista sopiva öljy ja viskositeetti kompressorimallin valmistajalta.,BITZER lists POE as typical oil; other possible types: PVE. Confirm the oil and viscosity for the specific compressor model with its manufacturer.,POE,PVE,,,verified,verified,verified,partial,verified,unsupported,coolprop-mit,bitzer-refreport-table;linde-2019-safety,bitzer-refreport-table,bitzer-refreport-table;honeywell-r455a-tds-2016,eu-2024-573;eu-2024-590,2026-09-30,"{""critical_temp_c"":[""honeywell-r455a-tds-2016""],""molar_mass_g_mol"":[""bitzer-refreport-table""],""nominal_glide_k"":[""bitzer-refreport-table""],""normal_boiling_c"":[""bitzer-refreport-table""],""odp"":[""bitzer-refreport-table""],""oil_notes"":[""bitzer-refreport-table""],""oil_notes_en"":[""bitzer-refreport-table""],""oil_possible"":[""bitzer-refreport-table""],""oil_typical"":[""bitzer-refreport-table""]}"
r455b,R455B,blend,R455B,,,A2L,,,,,,,,,,,,,,,,,,,,,,,,verified,verified,verified,unsupported,verified,unsupported,unep-teap-2025-v3,unep-teap-2025-v3,,,eu-2024-573;eu-2024-590,2026-09-25,"{""ashrae_safety_group"":[""unep-teap-2025-v3""]}"
r455c,R455C,blend,R455C,,,A2L,,,,,,,,,,,,,,,,,,,,,,,,verified,verified,verified,unsupported,verified,unsupported,unep-teap-2025-v3,unep-teap-2025-v3,,,eu-2024-573;eu-2024-590,2026-09-25,"{""ashrae_safety_group"":[""unep-teap-2025-v3""]}"
r456a,R456A,blend,R456A,,,A1,,0,,,,,,-30.8,,,,5.4,,101.42,"{""nominal_glide_k"":{""method"":""BITZER normal dew minus bubble point at ambient pressure"",""phase"":""two_phase"",""pressureKPaAbsolute"":101.325,""temperatureC"":-30.8},""normal_boiling_c"":{""method"":""BITZER normal boiling/bubble point at ambient pressure"",""phase"":""bubble"",""pressureKPaAbsolute"":101.325,""temperatureC"":-30.8}}",,,BITZERin taulukossa tavallinen öljy on POE; muut mahdolliset: PVE. Tarkista sopiva öljy ja viskositeetti kompressorimallin valmistajalta.,BITZER lists POE as typical oil; other possible types: PVE. Confirm the oil and viscosity for the specific compressor model with its manufacturer.,POE,PVE,,,verified,verified,verified,partial,verified,unsupported,coolprop-mit,bitzer-refreport-table,bitzer-refreport-table,bitzer-refreport-table,eu-2024-573,2026-09-25,"{""ashrae_safety_group"":[""bitzer-refreport-table""],""molar_mass_g_mol"":[""bitzer-refreport-table""],""nominal_glide_k"":[""bitzer-refreport-table""],""normal_boiling_c"":[""bitzer-refreport-table""],""odp"":[""bitzer-refreport-table""],""oil_notes"":[""bitzer-refreport-table""],""oil_notes_en"":[""bitzer-refreport-table""],""oil_possible"":[""bitzer-refreport-table""],""oil_typical"":[""bitzer-refreport-table""]}"
r457a,R457A,blend,R457A,,,A2L,,0,,,,,,-42.6,,,,7.1,,87.61,"{""nominal_glide_k"":{""method"":""BITZER normal dew minus bubble point at ambient pressure"",""phase"":""two_phase"",""pressureKPaAbsolute"":101.325,""temperatureC"":-42.6},""normal_boiling_c"":{""method"":""BITZER normal boiling/bubble point at ambient pressure"",""phase"":""bubble"",""pressureKPaAbsolute"":101.325,""temperatureC"":-42.6}}",,,BITZERin taulukossa tavallinen öljy on POE; muut mahdolliset: PVE. Tarkista sopiva öljy ja viskositeetti kompressorimallin valmistajalta.,BITZER lists POE as typical oil; other possible types: PVE. Confirm the oil and viscosity for the specific compressor model with its manufacturer.,POE,PVE,,,verified,verified,verified,partial,verified,unsupported,coolprop-mit,bitzer-refreport-table,bitzer-refreport-table,bitzer-refreport-table,eu-2024-573,2026-09-25,"{""ashrae_safety_group"":[""bitzer-refreport-table""],""molar_mass_g_mol"":[""bitzer-refreport-table""],""nominal_glide_k"":[""bitzer-refreport-table""],""normal_boiling_c"":[""bitzer-refreport-table""],""odp"":[""bitzer-refreport-table""],""oil_notes"":[""bitzer-refreport-table""],""oil_notes_en"":[""bitzer-refreport-table""],""oil_possible"":[""bitzer-refreport-table""],""oil_typical"":[""bitzer-refreport-table""]}"
r457b,R457B,blend,R457B,,,A2L,,0,,,,,,-46.4,,,,6,,76.5,"{""nominal_glide_k"":{""method"":""BITZER normal dew minus bubble point at ambient pressure"",""phase"":""two_phase"",""pressureKPaAbsolute"":101.325,""temperatureC"":-46.4},""normal_boiling_c"":{""method"":""BITZER normal boiling/bubble point at ambient pressure"",""phase"":""bubble"",""pressureKPaAbsolute"":101.325,""temperatureC"":-46.4}}",,,BITZERin taulukossa tavallinen öljy on POE; muut mahdolliset: PVE. Tarkista sopiva öljy ja viskositeetti kompressorimallin valmistajalta.,BITZER lists POE as typical oil; other possible types: PVE. Confirm the oil and viscosity for the specific compressor model with its manufacturer.,POE,PVE,,,verified,verified,verified,partial,verified,unsupported,coolprop-mit,bitzer-refreport-table,bitzer-refreport-table,bitzer-refreport-table,eu-2024-573,2026-09-25,"{""ashrae_safety_group"":[""bitzer-refreport-table""],""molar_mass_g_mol"":[""bitzer-refreport-table""],""nominal_glide_k"":[""bitzer-refreport-table""],""normal_boiling_c"":[""bitzer-refreport-table""],""odp"":[""bitzer-refreport-table""],""oil_notes"":[""bitzer-refreport-table""],""oil_notes_en"":[""bitzer-refreport-table""],""oil_possible"":[""bitzer-refreport-table""],""oil_typical"":[""bitzer-refreport-table""]}"
r457c,R457C,blend,R457C,,,A2L,,0,,,,,,-37.3,,,,5.2,,95.4,"{""nominal_glide_k"":{""method"":""BITZER normal dew minus bubble point at ambient pressure"",""phase"":""two_phase"",""pressureKPaAbsolute"":101.325,""temperatureC"":-37.3},""normal_boiling_c"":{""method"":""BITZER normal boiling/bubble point at ambient pressure"",""phase"":""bubble"",""pressureKPaAbsolute"":101.325,""temperatureC"":-37.3}}",,,BITZERin taulukossa tavallinen öljy on POE; muut mahdolliset: PVE. Tarkista sopiva öljy ja viskositeetti kompressorimallin valmistajalta.,BITZER lists POE as typical oil; other possible types: PVE. Confirm the oil and viscosity for the specific compressor model with its manufacturer.,POE,PVE,,,verified,verified,verified,partial,verified,unsupported,coolprop-mit,bitzer-refreport-table,bitzer-refreport-table,bitzer-refreport-table,eu-2024-573,2026-09-25,"{""ashrae_safety_group"":[""bitzer-refreport-table""],""molar_mass_g_mol"":[""bitzer-refreport-table""],""nominal_glide_k"":[""bitzer-refreport-table""],""normal_boiling_c"":[""bitzer-refreport-table""],""odp"":[""bitzer-refreport-table""],""oil_notes"":[""bitzer-refreport-table""],""oil_notes_en"":[""bitzer-refreport-table""],""oil_possible"":[""bitzer-refreport-table""],""oil_typical"":[""bitzer-refreport-table""]}"
r457d,R457D,blend,R457D,,,A2L,,,,,,,,,,,,,,,,,,,,,,,,verified,verified,verified,unsupported,verified,unsupported,unep-teap-2025-v3,unep-teap-2025-v3,,,eu-2024-573,2026-09-25,"{""ashrae_safety_group"":[""unep-teap-2025-v3""]}"
r458a,R458A,blend,R458A,,,A1,,,,,,,,,,,,,,,,,,,,,,,,verified,verified,verified,unsupported,verified,unsupported,coolprop-mit,dcceew-safety-2024-preview,,,eu-2024-573,2026-09-26,"{""ashrae_safety_group"":[""dcceew-safety-2024-preview""]}"
r459a,R459A,blend,R459A,,,A2L,,0,,,,,,-50.3,,,,1.8,,62.98,"{""nominal_glide_k"":{""method"":""BITZER normal dew minus bubble point at ambient pressure"",""phase"":""two_phase"",""pressureKPaAbsolute"":101.325,""temperatureC"":-50.3},""normal_boiling_c"":{""method"":""BITZER normal boiling/bubble point at ambient pressure"",""phase"":""bubble"",""pressureKPaAbsolute"":101.325,""temperatureC"":-50.3}}",,,BITZERin taulukossa tavallinen öljy on POE; muut mahdolliset: PVE. Tarkista sopiva öljy ja viskositeetti kompressorimallin valmistajalta.,BITZER lists POE as typical oil; other possible types: PVE. Confirm the oil and viscosity for the specific compressor model with its manufacturer.,POE,PVE,,,verified,verified,verified,partial,verified,unsupported,coolprop-mit,bitzer-refreport-table,bitzer-refreport-table,bitzer-refreport-table,eu-2024-573,2026-09-25,"{""ashrae_safety_group"":[""bitzer-refreport-table""],""molar_mass_g_mol"":[""bitzer-refreport-table""],""nominal_glide_k"":[""bitzer-refreport-table""],""normal_boiling_c"":[""bitzer-refreport-table""],""odp"":[""bitzer-refreport-table""],""oil_notes"":[""bitzer-refreport-table""],""oil_notes_en"":[""bitzer-refreport-table""],""oil_possible"":[""bitzer-refreport-table""],""oil_typical"":[""bitzer-refreport-table""]}"
r459b,R459B,blend,R459B,,,A2L,,0,,,,,,-45,,,,8.3,,91.21,"{""nominal_glide_k"":{""method"":""BITZER normal dew minus bubble point at ambient pressure"",""phase"":""two_phase"",""pressureKPaAbsolute"":101.325,""temperatureC"":-45.0},""normal_boiling_c"":{""method"":""BITZER normal boiling/bubble point at ambient pressure"",""phase"":""bubble"",""pressureKPaAbsolute"":101.325,""temperatureC"":-45.0}}",,,BITZERin taulukossa tavallinen öljy on POE; muut mahdolliset: PVE. Tarkista sopiva öljy ja viskositeetti kompressorimallin valmistajalta.,BITZER lists POE as typical oil; other possible types: PVE. Confirm the oil and viscosity for the specific compressor model with its manufacturer.,POE,PVE,,,verified,verified,verified,partial,verified,unsupported,coolprop-mit,bitzer-refreport-table,bitzer-refreport-table,bitzer-refreport-table,eu-2024-573,2026-09-25,"{""ashrae_safety_group"":[""bitzer-refreport-table""],""molar_mass_g_mol"":[""bitzer-refreport-table""],""nominal_glide_k"":[""bitzer-refreport-table""],""normal_boiling_c"":[""bitzer-refreport-table""],""odp"":[""bitzer-refreport-table""],""oil_notes"":[""bitzer-refreport-table""],""oil_notes_en"":[""bitzer-refreport-table""],""oil_possible"":[""bitzer-refreport-table""],""oil_typical"":[""bitzer-refreport-table""]}"
r460a,R460A,blend,R460A,,,A1,,0,,,,,,-44.6,,,,8,,100.6,"{""nominal_glide_k"":{""method"":""BITZER normal dew minus bubble point at ambient pressure"",""phase"":""two_phase"",""pressureKPaAbsolute"":101.325,""temperatureC"":-44.6},""normal_boiling_c"":{""method"":""BITZER normal boiling/bubble point at ambient pressure"",""phase"":""bubble"",""pressureKPaAbsolute"":101.325,""temperatureC"":-44.6}}",,,BITZERin taulukossa tavallinen öljy on POE; muut mahdolliset: PVE. Tarkista sopiva öljy ja viskositeetti kompressorimallin valmistajalta.,BITZER lists POE as typical oil; other possible types: PVE. Confirm the oil and viscosity for the specific compressor model with its manufacturer.,POE,PVE,,,verified,verified,verified,partial,verified,unsupported,coolprop-mit,bitzer-refreport-table,bitzer-refreport-table,bitzer-refreport-table,eu-2024-573,2026-09-25,"{""ashrae_safety_group"":[""bitzer-refreport-table""],""molar_mass_g_mol"":[""bitzer-refreport-table""],""nominal_glide_k"":[""bitzer-refreport-table""],""normal_boiling_c"":[""bitzer-refreport-table""],""odp"":[""bitzer-refreport-table""],""oil_notes"":[""bitzer-refreport-table""],""oil_notes_en"":[""bitzer-refreport-table""],""oil_possible"":[""bitzer-refreport-table""],""oil_typical"":[""bitzer-refreport-table""]}"
r460b,R460B,blend,R460B,,,A1,,0,,,,,,-45.6,,,,8.7,,84.8,"{""nominal_glide_k"":{""method"":""BITZER normal dew minus bubble point at ambient pressure"",""phase"":""two_phase"",""pressureKPaAbsolute"":101.325,""temperatureC"":-45.6},""normal_boiling_c"":{""method"":""BITZER normal boiling/bubble point at ambient pressure"",""phase"":""bubble"",""pressureKPaAbsolute"":101.325,""temperatureC"":-45.6}}",,,BITZERin taulukossa tavallinen öljy on POE; muut mahdolliset: PVE. Tarkista sopiva öljy ja viskositeetti kompressorimallin valmistajalta.,BITZER lists POE as typical oil; other possible types: PVE. Confirm the oil and viscosity for the specific compressor model with its manufacturer.,POE,PVE,,,verified,verified,verified,partial,verified,unsupported,coolprop-mit,bitzer-refreport-table,bitzer-refreport-table,bitzer-refreport-table,eu-2024-573,2026-09-25,"{""ashrae_safety_group"":[""bitzer-refreport-table""],""molar_mass_g_mol"":[""bitzer-refreport-table""],""nominal_glide_k"":[""bitzer-refreport-table""],""normal_boiling_c"":[""bitzer-refreport-table""],""odp"":[""bitzer-refreport-table""],""oil_notes"":[""bitzer-refreport-table""],""oil_notes_en"":[""bitzer-refreport-table""],""oil_possible"":[""bitzer-refreport-table""],""oil_typical"":[""bitzer-refreport-table""]}"
r460c,R460C,blend,R460C,,,A1,,,,,,,,,,,,,,,,,,,,,,,,verified,verified,verified,unsupported,verified,unsupported,coolprop-mit,ashrae-handbook-f25-safety,,,eu-2024-573,2026-09-25,"{""ashrae_safety_group"":[""ashrae-handbook-f25-safety""]}"
r461a,R461A,blend,R461A,,,A1,,,,,,,,,,,,,,,,,,,,,,,,verified,verified,verified,unsupported,verified,unsupported,coolprop-mit,ashrae-handbook-f25-safety,,,eu-2024-573;eu-2024-590,2026-09-25,"{""ashrae_safety_group"":[""ashrae-handbook-f25-safety""]}"
r462a,R462A,blend,R462A,,,A2,,,,,,,,,,,,,,,,,,,,,,,,verified,verified,verified,unsupported,verified,unsupported,coolprop-mit,ashrae-handbook-f25-safety,,,eu-2024-573;eu-2024-590,2026-09-25,"{""ashrae_safety_group"":[""ashrae-handbook-f25-safety""]}"
r463a,R463A,blend,R463A,,,A1,,0,,,,,,-59.9,,,,13,,74.72,"{""nominal_glide_k"":{""method"":""BITZER normal dew minus bubble point at ambient pressure"",""phase"":""two_phase"",""pressureKPaAbsolute"":101.325,""temperatureC"":-59.9},""normal_boiling_c"":{""method"":""BITZER normal boiling/bubble point at ambient pressure"",""phase"":""bubble"",""pressureKPaAbsolute"":101.325,""temperatureC"":-59.9}}",,,BITZERin taulukossa tavallinen öljy on POE; muut mahdolliset: PVE. Tarkista sopiva öljy ja viskositeetti kompressorimallin valmistajalta.,BITZER lists POE as typical oil; other possible types: PVE. Confirm the oil and viscosity for the specific compressor model with its manufacturer.,POE,PVE,,,verified,verified,verified,partial,verified,unsupported,coolprop-mit,bitzer-refreport-table,bitzer-refreport-table,bitzer-refreport-table,eu-2024-573;eu-2024-590,2026-09-25,"{""ashrae_safety_group"":[""bitzer-refreport-table""],""molar_mass_g_mol"":[""bitzer-refreport-table""],""nominal_glide_k"":[""bitzer-refreport-table""],""normal_boiling_c"":[""bitzer-refreport-table""],""odp"":[""bitzer-refreport-table""],""oil_notes"":[""bitzer-refreport-table""],""oil_notes_en"":[""bitzer-refreport-table""],""oil_possible"":[""bitzer-refreport-table""],""oil_typical"":[""bitzer-refreport-table""]}"
r464a,R464A,blend,R464A,,,A1,,,,,,,,,,,,,,,,,,,,,,,,verified,verified,verified,unsupported,verified,unsupported,coolprop-mit,ashrae-handbook-f25-safety,,,eu-2024-573,2026-09-25,"{""ashrae_safety_group"":[""ashrae-handbook-f25-safety""]}"
r465a,R465A,blend,R465A,,,A2,,0,,,,,,-51.7,,,,11.7,,82.9,"{""nominal_glide_k"":{""method"":""BITZER normal dew minus bubble point at ambient pressure"",""phase"":""two_phase"",""pressureKPaAbsolute"":101.325,""temperatureC"":-51.7},""normal_boiling_c"":{""method"":""BITZER normal boiling/bubble point at ambient pressure"",""phase"":""bubble"",""pressureKPaAbsolute"":101.325,""temperatureC"":-51.7}}",,,BITZERin taulukossa tavallinen öljy on POE; muut mahdolliset: PVE. Tarkista sopiva öljy ja viskositeetti kompressorimallin valmistajalta.,BITZER lists POE as typical oil; other possible types: PVE. Confirm the oil and viscosity for the specific compressor model with its manufacturer.,POE,PVE,,,verified,verified,verified,partial,verified,unsupported,coolprop-mit,bitzer-refreport-table,bitzer-refreport-table,bitzer-refreport-table,eu-2024-573;eu-2024-590,2026-09-25,"{""ashrae_safety_group"":[""bitzer-refreport-table""],""molar_mass_g_mol"":[""bitzer-refreport-table""],""nominal_glide_k"":[""bitzer-refreport-table""],""normal_boiling_c"":[""bitzer-refreport-table""],""odp"":[""bitzer-refreport-table""],""oil_notes"":[""bitzer-refreport-table""],""oil_notes_en"":[""bitzer-refreport-table""],""oil_possible"":[""bitzer-refreport-table""],""oil_typical"":[""bitzer-refreport-table""]}"
r466a,R466A,blend,R466A,,,A1,,,,,,,,,,,,,,,,,,,,,,,,verified,verified,verified,unsupported,unsupported,unsupported,unep-ozone-blends-live-v3;unep-teap-2020-v3,unep-teap-2020-v3,,,,2026-09-25,"{""ashrae_safety_group"":[""unep-teap-2020-v3""]}"
r467a,R467A,blend,R467A,,,A2L,,,,,,,,,,,,,,,,,,,,,,,,verified,verified,verified,unsupported,verified,unsupported,coolprop-mit,ashrae-handbook-f25-safety,,,eu-2024-573;eu-2024-590,2026-09-25,"{""ashrae_safety_group"":[""ashrae-handbook-f25-safety""]}"
r468a,R468A,blend,R468A,,,A2L,,0,,,,,,-51.2,,,,12.2,,88.8,"{""nominal_glide_k"":{""method"":""BITZER normal dew minus bubble point at ambient pressure"",""phase"":""two_phase"",""pressureKPaAbsolute"":101.325,""temperatureC"":-51.2},""normal_boiling_c"":{""method"":""BITZER normal boiling/bubble point at ambient pressure"",""phase"":""bubble"",""pressureKPaAbsolute"":101.325,""temperatureC"":-51.2}}",,,BITZERin taulukossa tavallinen öljy on POE; muut mahdolliset: ei ilmoitettu. Tarkista sopiva öljy ja viskositeetti kompressorimallin valmistajalta.,BITZER lists POE as typical oil. Confirm the oil and viscosity for the specific compressor model with its manufacturer.,POE,,,,verified,verified,verified,partial,verified,unsupported,coolprop-mit,bitzer-refreport-table,bitzer-refreport-table,bitzer-refreport-table,eu-2024-573,2026-09-25,"{""ashrae_safety_group"":[""bitzer-refreport-table""],""molar_mass_g_mol"":[""bitzer-refreport-table""],""nominal_glide_k"":[""bitzer-refreport-table""],""normal_boiling_c"":[""bitzer-refreport-table""],""odp"":[""bitzer-refreport-table""],""oil_notes"":[""bitzer-refreport-table""],""oil_notes_en"":[""bitzer-refreport-table""],""oil_typical"":[""bitzer-refreport-table""]}"
r468b,R468B,blend,R468B,,,A2L,,0,,,,,,-52.4,,,,15.6,,94.9,"{""nominal_glide_k"":{""method"":""BITZER normal dew minus bubble point at ambient pressure"",""phase"":""two_phase"",""pressureKPaAbsolute"":101.325,""temperatureC"":-52.4},""normal_boiling_c"":{""method"":""BITZER normal boiling/bubble point at ambient pressure"",""phase"":""bubble"",""pressureKPaAbsolute"":101.325,""temperatureC"":-52.4}}",,,BITZERin taulukossa tavallinen öljy on POE; muut mahdolliset: ei ilmoitettu. Tarkista sopiva öljy ja viskositeetti kompressorimallin valmistajalta.,BITZER lists POE as typical oil. Confirm the oil and viscosity for the specific compressor model with its manufacturer.,POE,,,,verified,verified,verified,partial,verified,unsupported,coolprop-mit,bitzer-refreport-table,bitzer-refreport-table,bitzer-refreport-table,eu-2024-573,2026-09-25,"{""ashrae_safety_group"":[""bitzer-refreport-table""],""molar_mass_g_mol"":[""bitzer-refreport-table""],""nominal_glide_k"":[""bitzer-refreport-table""],""normal_boiling_c"":[""bitzer-refreport-table""],""odp"":[""bitzer-refreport-table""],""oil_notes"":[""bitzer-refreport-table""],""oil_notes_en"":[""bitzer-refreport-table""],""oil_typical"":[""bitzer-refreport-table""]}"
r468c,R468C,blend,R468C,,,A2L,,0,,,,,,-56.6,,,,10.4,,73.7,"{""nominal_glide_k"":{""method"":""BITZER normal dew minus bubble point at ambient pressure"",""phase"":""two_phase"",""pressureKPaAbsolute"":101.325,""temperatureC"":-56.6},""normal_boiling_c"":{""method"":""BITZER normal boiling/bubble point at ambient pressure"",""phase"":""bubble"",""pressureKPaAbsolute"":101.325,""temperatureC"":-56.6}}",,,BITZERin taulukossa tavallinen öljy on POE; muut mahdolliset: ei ilmoitettu. Tarkista sopiva öljy ja viskositeetti kompressorimallin valmistajalta.,BITZER lists POE as typical oil. Confirm the oil and viscosity for the specific compressor model with its manufacturer.,POE,,,,verified,verified,verified,partial,verified,unsupported,coolprop-mit,bitzer-refreport-table,bitzer-refreport-table,bitzer-refreport-table,eu-2024-573,2026-09-25,"{""ashrae_safety_group"":[""bitzer-refreport-table""],""molar_mass_g_mol"":[""bitzer-refreport-table""],""nominal_glide_k"":[""bitzer-refreport-table""],""normal_boiling_c"":[""bitzer-refreport-table""],""odp"":[""bitzer-refreport-table""],""oil_notes"":[""bitzer-refreport-table""],""oil_notes_en"":[""bitzer-refreport-table""],""oil_typical"":[""bitzer-refreport-table""]}"
r469a,R469A,blend,R469A,,,A1,,0,,,,,,-78.5,,,,17,,59.1,"{""nominal_glide_k"":{""method"":""BITZER normal dew minus bubble point at ambient pressure"",""phase"":""two_phase"",""pressureKPaAbsolute"":101.325,""temperatureC"":-78.5},""normal_boiling_c"":{""method"":""BITZER normal boiling/bubble point at ambient pressure"",""phase"":""bubble"",""pressureKPaAbsolute"":101.325,""temperatureC"":-78.5}}",,,BITZERin taulukossa tavallinen öljy on POE; muut mahdolliset: ei ilmoitettu. Tarkista sopiva öljy ja viskositeetti kompressorimallin valmistajalta.,BITZER lists POE as typical oil. Confirm the oil and viscosity for the specific compressor model with its manufacturer.,POE,,,,verified,verified,verified,partial,verified,unsupported,coolprop-mit,bitzer-refreport-table,bitzer-refreport-table,bitzer-refreport-table,eu-2024-573;eu-2024-590,2026-09-25,"{""ashrae_safety_group"":[""bitzer-refreport-table""],""molar_mass_g_mol"":[""bitzer-refreport-table""],""nominal_glide_k"":[""bitzer-refreport-table""],""normal_boiling_c"":[""bitzer-refreport-table""],""odp"":[""bitzer-refreport-table""],""oil_notes"":[""bitzer-refreport-table""],""oil_notes_en"":[""bitzer-refreport-table""],""oil_typical"":[""bitzer-refreport-table""]}"
r470a,R470A,blend,R470A,,,A1,,,,,,,,,,,,,,,,,,,,,,,,verified,verified,verified,unsupported,verified,unsupported,coolprop-mit,ashrae-handbook-f25-safety,,,eu-2024-573;eu-2024-590,2026-09-25,"{""ashrae_safety_group"":[""ashrae-handbook-f25-safety""]}"
r470b,R470B,blend,R470B,,,A1,,,,,,,,,,,,,,,,,,,,,,,,verified,verified,verified,unsupported,verified,unsupported,coolprop-mit,ashrae-handbook-f25-safety,,,eu-2024-573;eu-2024-590,2026-09-25,"{""ashrae_safety_group"":[""ashrae-handbook-f25-safety""]}"
r471a,R471A,blend,R471A,,,A1,,0,,,,,,-16.9,,,,3.2,,122.09,"{""nominal_glide_k"":{""method"":""BITZER normal dew minus bubble point at ambient pressure"",""phase"":""two_phase"",""pressureKPaAbsolute"":101.325,""temperatureC"":-16.9},""normal_boiling_c"":{""method"":""BITZER normal boiling/bubble point at ambient pressure"",""phase"":""bubble"",""pressureKPaAbsolute"":101.325,""temperatureC"":-16.9}}",,,BITZERin taulukossa tavallinen öljy on POE; muut mahdolliset: ei ilmoitettu. Tarkista sopiva öljy ja viskositeetti kompressorimallin valmistajalta.,BITZER lists POE as typical oil. Confirm the oil and viscosity for the specific compressor model with its manufacturer.,POE,,,,verified,verified,verified,partial,verified,unsupported,coolprop-mit,bitzer-refreport-table,bitzer-refreport-table,bitzer-refreport-table,eu-2024-573,2026-09-25,"{""ashrae_safety_group"":[""bitzer-refreport-table""],""molar_mass_g_mol"":[""bitzer-refreport-table""],""nominal_glide_k"":[""bitzer-refreport-table""],""normal_boiling_c"":[""bitzer-refreport-table""],""odp"":[""bitzer-refreport-table""],""oil_notes"":[""bitzer-refreport-table""],""oil_notes_en"":[""bitzer-refreport-table""],""oil_typical"":[""bitzer-refreport-table""]}"
r472a,R472A,blend,R472A,,,A1,,0,,,,,,-84.3,,,,22.8,,50.39,"{""nominal_glide_k"":{""method"":""BITZER normal dew minus bubble point at ambient pressure"",""phase"":""two_phase"",""pressureKPaAbsolute"":101.325,""temperatureC"":-84.3},""normal_boiling_c"":{""method"":""BITZER normal boiling/bubble point at ambient pressure"",""phase"":""bubble"",""pressureKPaAbsolute"":101.325,""temperatureC"":-84.3}}",,,BITZERin taulukossa tavallinen öljy on POE; muut mahdolliset: ei ilmoitettu. Tarkista sopiva öljy ja viskositeetti kompressorimallin valmistajalta.,BITZER lists POE as typical oil. Confirm the oil and viscosity for the specific compressor model with its manufacturer.,POE,,,,verified,verified,verified,partial,verified,unsupported,coolprop-mit,bitzer-refreport-table,bitzer-refreport-table,bitzer-refreport-table,eu-2024-573;eu-2024-590,2026-09-25,"{""ashrae_safety_group"":[""bitzer-refreport-table""],""molar_mass_g_mol"":[""bitzer-refreport-table""],""nominal_glide_k"":[""bitzer-refreport-table""],""normal_boiling_c"":[""bitzer-refreport-table""],""odp"":[""bitzer-refreport-table""],""oil_notes"":[""bitzer-refreport-table""],""oil_notes_en"":[""bitzer-refreport-table""],""oil_typical"":[""bitzer-refreport-table""]}"
r472b,R472B,blend,R472B,,,A1,,0,,,,,,-82.9,,,,28.1,,54.8,"{""nominal_glide_k"":{""method"":""BITZER normal dew minus bubble point at ambient pressure"",""phase"":""two_phase"",""pressureKPaAbsolute"":101.325,""temperatureC"":-82.9},""normal_boiling_c"":{""method"":""BITZER normal boiling/bubble point at ambient pressure"",""phase"":""bubble"",""pressureKPaAbsolute"":101.325,""temperatureC"":-82.9}}",,,BITZERin taulukossa tavallinen öljy on POE; muut mahdolliset: ei ilmoitettu. Tarkista sopiva öljy ja viskositeetti kompressorimallin valmistajalta.,BITZER lists POE as typical oil. Confirm the oil and viscosity for the specific compressor model with its manufacturer.,POE,,,,verified,verified,verified,partial,verified,unsupported,coolprop-mit,bitzer-refreport-table,bitzer-refreport-table,bitzer-refreport-table,eu-2024-573;eu-2024-590,2026-09-25,"{""ashrae_safety_group"":[""bitzer-refreport-table""],""molar_mass_g_mol"":[""bitzer-refreport-table""],""nominal_glide_k"":[""bitzer-refreport-table""],""normal_boiling_c"":[""bitzer-refreport-table""],""odp"":[""bitzer-refreport-table""],""oil_notes"":[""bitzer-refreport-table""],""oil_notes_en"":[""bitzer-refreport-table""],""oil_typical"":[""bitzer-refreport-table""]}"
r473a,R473A,blend,R473A,,,A1,,0,,,,,,-75.8,,,,3.7,,52.58,"{""nominal_glide_k"":{""method"":""BITZER normal dew minus bubble point at ambient pressure"",""phase"":""two_phase"",""pressureKPaAbsolute"":101.325,""temperatureC"":-75.8},""normal_boiling_c"":{""method"":""BITZER normal boiling/bubble point at ambient pressure"",""phase"":""bubble"",""pressureKPaAbsolute"":101.325,""temperatureC"":-75.8}}",,,BITZERin taulukossa tavallinen öljy on POE; muut mahdolliset: ei ilmoitettu. Tarkista sopiva öljy ja viskositeetti kompressorimallin valmistajalta.,BITZER lists POE as typical oil. Confirm the oil and viscosity for the specific compressor model with its manufacturer.,POE,,,,verified,verified,verified,partial,verified,unsupported,coolprop-mit,bitzer-refreport-table,bitzer-refreport-table,bitzer-refreport-table,eu-2024-573;eu-2024-590,2026-09-25,"{""ashrae_safety_group"":[""bitzer-refreport-table""],""molar_mass_g_mol"":[""bitzer-refreport-table""],""nominal_glide_k"":[""bitzer-refreport-table""],""normal_boiling_c"":[""bitzer-refreport-table""],""odp"":[""bitzer-refreport-table""],""oil_notes"":[""bitzer-refreport-table""],""oil_notes_en"":[""bitzer-refreport-table""],""oil_typical"":[""bitzer-refreport-table""]}"
r474a,R474A,blend,R474A,,,A2L,,0,,,,,,-43.1,,,,6.7,,96.7,"{""nominal_glide_k"":{""method"":""BITZER normal dew minus bubble point at ambient pressure"",""phase"":""two_phase"",""pressureKPaAbsolute"":101.325,""temperatureC"":-43.1},""normal_boiling_c"":{""method"":""BITZER normal boiling/bubble point at ambient pressure"",""phase"":""bubble"",""pressureKPaAbsolute"":101.325,""temperatureC"":-43.1}}",,,BITZERin taulukossa tavallinen öljy on POE; muut mahdolliset: ei ilmoitettu. Tarkista sopiva öljy ja viskositeetti kompressorimallin valmistajalta.,BITZER lists POE as typical oil. Confirm the oil and viscosity for the specific compressor model with its manufacturer.,POE,,,,verified,verified,verified,partial,verified,unsupported,coolprop-mit,bitzer-refreport-table,bitzer-refreport-table,bitzer-refreport-table,eu-2024-573,2026-09-25,"{""ashrae_safety_group"":[""bitzer-refreport-table""],""molar_mass_g_mol"":[""bitzer-refreport-table""],""nominal_glide_k"":[""bitzer-refreport-table""],""normal_boiling_c"":[""bitzer-refreport-table""],""odp"":[""bitzer-refreport-table""],""oil_notes"":[""bitzer-refreport-table""],""oil_notes_en"":[""bitzer-refreport-table""],""oil_typical"":[""bitzer-refreport-table""]}"
r474b,R474B,blend,R474B,,,A2L,,,,,,,,,,,,,,,,,,,,,,,,verified,verified,verified,unsupported,verified,unsupported,unep-teap-2025-v3,unep-teap-2025-v3,,,eu-2024-573,2026-09-25,"{""ashrae_safety_group"":[""unep-teap-2025-v3""]}"
r475a,R475A,blend,R475A,,,A1,,0,,,,,,-28.8,,,,0.5,,108.54,"{""nominal_glide_k"":{""method"":""BITZER normal dew minus bubble point at ambient pressure"",""phase"":""two_phase"",""pressureKPaAbsolute"":101.325,""temperatureC"":-28.8},""normal_boiling_c"":{""method"":""BITZER normal boiling/bubble point at ambient pressure"",""phase"":""bubble"",""pressureKPaAbsolute"":101.325,""temperatureC"":-28.8}}",,,BITZERin taulukossa tavallinen öljy on POE; muut mahdolliset: ei ilmoitettu. Tarkista sopiva öljy ja viskositeetti kompressorimallin valmistajalta.,BITZER lists POE as typical oil. Confirm the oil and viscosity for the specific compressor model with its manufacturer.,POE,,,,verified,verified,verified,partial,verified,unsupported,coolprop-mit,bitzer-refreport-table,bitzer-refreport-table,bitzer-refreport-table,eu-2024-573,2026-09-25,"{""ashrae_safety_group"":[""bitzer-refreport-table""],""molar_mass_g_mol"":[""bitzer-refreport-table""],""nominal_glide_k"":[""bitzer-refreport-table""],""normal_boiling_c"":[""bitzer-refreport-table""],""odp"":[""bitzer-refreport-table""],""oil_notes"":[""bitzer-refreport-table""],""oil_notes_en"":[""bitzer-refreport-table""],""oil_typical"":[""bitzer-refreport-table""]}"
r475b,R475B,blend,R475B,,,A2L,,,,,,,,,,,,,,,,,,,,,,,,verified,verified,verified,unsupported,verified,unsupported,unep-teap-2025-v3,unep-teap-2025-v3,,,eu-2024-573,2026-09-25,"{""ashrae_safety_group"":[""unep-teap-2025-v3""]}"
r476a,R476A,blend,R476A,,,A1,,0,,,,,,-19.1,,,,3,,116.9,"{""nominal_glide_k"":{""method"":""BITZER normal dew minus bubble point at ambient pressure"",""phase"":""two_phase"",""pressureKPaAbsolute"":101.325,""temperatureC"":-19.1},""normal_boiling_c"":{""method"":""BITZER normal boiling/bubble point at ambient pressure"",""phase"":""bubble"",""pressureKPaAbsolute"":101.325,""temperatureC"":-19.1}}",,,BITZERin taulukossa tavallinen öljy on POE; muut mahdolliset: ei ilmoitettu. Tarkista sopiva öljy ja viskositeetti kompressorimallin valmistajalta.,BITZER lists POE as typical oil. Confirm the oil and viscosity for the specific compressor model with its manufacturer.,POE,,,,verified,verified,verified,partial,verified,unsupported,coolprop-mit,bitzer-refreport-table,bitzer-refreport-table,bitzer-refreport-table,eu-2024-573,2026-09-25,"{""ashrae_safety_group"":[""bitzer-refreport-table""],""molar_mass_g_mol"":[""bitzer-refreport-table""],""nominal_glide_k"":[""bitzer-refreport-table""],""normal_boiling_c"":[""bitzer-refreport-table""],""odp"":[""bitzer-refreport-table""],""oil_notes"":[""bitzer-refreport-table""],""oil_notes_en"":[""bitzer-refreport-table""],""oil_typical"":[""bitzer-refreport-table""]}"
r478a,R478A,blend,R478A,,,A2L,,,,,,,,,,,,,,,,,,,,,,,,verified,verified,verified,unsupported,verified,unsupported,unep-teap-2025-v3,unep-teap-2025-v3,,,eu-2024-573;eu-2024-590,2026-09-25,"{""ashrae_safety_group"":[""unep-teap-2025-v3""]}"
r479a,R479A,blend,R479A,,,A2L,,,,,,,,,,,,,,,,,,,,,,,,verified,verified,verified,unsupported,verified,unsupported,unep-teap-2025-v3,unep-teap-2025-v3,,,eu-2024-573,2026-09-25,"{""ashrae_safety_group"":[""unep-teap-2025-v3""]}"
r480a,R480A,blend,R480A,,,A1,,,,,,,,,,,,,,,,,,,,,,,,verified,verified,verified,unsupported,verified,unsupported,epa-gwp-identities,epa-snap-transport-preview,,,eu-2024-573;eu-2024-590,2026-09-26,"{""ashrae_safety_group"":[""epa-snap-transport-preview""]}"
r481a,R481A,blend,R481A,,,A1,,,,,,,,,,,,,,,,,,,,,,,,verified,verified,verified,unsupported,unsupported,unsupported,unep-teap-2025-v3,unep-teap-2025-v3,,,,2026-09-25,"{""ashrae_safety_group"":[""unep-teap-2025-v3""]}"
r482a,R482A,blend,R482A,,,A1,,,,,,,,,,,,,,,,,,,,,,,,verified,verified,verified,unsupported,unsupported,unsupported,epa-gwp-identities,ashrae-handbook-f25-safety,,,,2026-09-25,"{""ashrae_safety_group"":[""ashrae-handbook-f25-safety""]}"
r483a,R483A,blend,R483A,,,A3,,,,,,,,,,,,,,,,,,,,,,,,verified,verified,verified,unsupported,verified,unsupported,unep-teap-2025-v3,unep-teap-2025-v3,,,eu-2024-573;eu-2024-590,2026-09-25,"{""ashrae_safety_group"":[""unep-teap-2025-v3""]}"
r484a,R484A,blend,R484A,,,A3,,,,,,,,,,,,,,,,,,,,,,,,verified,verified,verified,unsupported,verified,unsupported,unep-teap-2025-v3,unep-teap-2025-v3,,,eu-2024-573;eu-2024-590,2026-09-25,"{""ashrae_safety_group"":[""unep-teap-2025-v3""]}"
r485a,R485A,blend,R485A,,,,,,,,,,,,,,,,,,,,,,,,,,,verified,verified,partial,unsupported,verified,unsupported,unep-teap-2025-v3,,,,eu-2024-573;eu-2024-590,2026-09-25,
r486a,R486A,blend,R486A,,,A1,,,,,,,,,,,,,,,,,,,,,,,,verified,verified,verified,unsupported,unsupported,unsupported,unep-teap-2025-v3,unep-teap-2025-v3,,,,2026-09-25,"{""ashrae_safety_group"":[""unep-teap-2025-v3""]}"
r487a,R487A,blend,R487A,,,A3,,,,,,,,,,,,,,,,,,,,,,,,verified,verified,verified,unsupported,verified,unsupported,unep-teap-2025-v3,unep-teap-2025-v3,,,eu-2024-573;eu-2024-590,2026-09-25,"{""ashrae_safety_group"":[""unep-teap-2025-v3""]}"
r487b,R487B,blend,R487B,,,A3,,,,,,,,,,,,,,,,,,,,,,,,verified,verified,verified,unsupported,verified,unsupported,unep-teap-2025-v3,unep-teap-2025-v3,,,eu-2024-573;eu-2024-590,2026-09-25,"{""ashrae_safety_group"":[""unep-teap-2025-v3""]}"
r488a,R488A,blend,R488A,,,A2L,,,,,,,,,,,,,,,,,,,,,,,,verified,verified,verified,unsupported,verified,unsupported,unep-teap-2025-v3,unep-teap-2025-v3,,,eu-2024-573,2026-09-25,"{""ashrae_safety_group"":[""unep-teap-2025-v3""]}"
r489a,R489A,blend,R489A,,,A3,,,,,,,,,,,,,,,,,,,,,,,,verified,verified,verified,unsupported,unsupported,unsupported,unep-teap-2025-v3,unep-teap-2025-v3,,,,2026-09-25,"{""ashrae_safety_group"":[""unep-teap-2025-v3""]}"
r490a,R490A,blend,R490A,,,A3,,,,,,,,,,,,,,,,,,,,,,,,verified,verified,verified,unsupported,verified,unsupported,unep-teap-2025-v3,unep-teap-2025-v3,,,eu-2024-573;eu-2024-590,2026-09-25,"{""ashrae_safety_group"":[""unep-teap-2025-v3""]}"
r491a,R491A,blend,R491A,,,A2,,,,,,,,,,,,,,,,,,,,,,,,verified,verified,verified,unsupported,verified,unsupported,unep-teap-2025-v3,unep-teap-2025-v3,,,eu-2024-573,2026-09-25,"{""ashrae_safety_group"":[""unep-teap-2025-v3""]}"
r493a,R493A,blend,R493A,,,A3,,,,,,,,,,,,,,,,,,,,,,,,verified,verified,verified,unsupported,verified,unsupported,unep-teap-2025-v3,unep-teap-2025-v3,,,eu-2024-573;eu-2024-590,2026-09-25,"{""ashrae_safety_group"":[""unep-teap-2025-v3""]}"
r493b,R493B,blend,R493B,,,A3,,,,,,,,,,,,,,,,,,,,,,,,verified,verified,verified,unsupported,verified,unsupported,unep-teap-2025-v3,unep-teap-2025-v3,,,eu-2024-573;eu-2024-590,2026-09-25,"{""ashrae_safety_group"":[""unep-teap-2025-v3""]}"
r493c,R493C,blend,R493C,,,A3,,,,,,,,,,,,,,,,,,,,,,,,verified,verified,verified,unsupported,verified,unsupported,unep-teap-2025-v3,unep-teap-2025-v3,,,eu-2024-573;eu-2024-590,2026-09-25,"{""ashrae_safety_group"":[""unep-teap-2025-v3""]}"
r494a,R494A,blend,R494A,,,A2,,,,,,,,,,,,,,,,,,,,,,,,verified,verified,verified,unsupported,unsupported,unsupported,unep-teap-2025-v3,unep-teap-2025-v3,,,,2026-09-25,"{""ashrae_safety_group"":[""unep-teap-2025-v3""]}"
r495a,R495A,blend,R495A,,,A2L,,,,,,,,,,,,,,,,,,,,,,,,verified,verified,verified,unsupported,verified,unsupported,unep-teap-2025-v3,unep-teap-2025-v3,,,eu-2024-573,2026-09-25,"{""ashrae_safety_group"":[""unep-teap-2025-v3""]}"
r496a,R496A,blend,R496A,,,A1,,,,,,,,,,,,,,,,,,,,,,,,verified,verified,verified,unsupported,verified,unsupported,unep-teap-2026-v3,unep-teap-2026-v3,,,eu-2024-573,2026-09-25,"{""ashrae_safety_group"":[""unep-teap-2026-v3""]}"
r497a,R497A,blend,R497A,,,A2,,,,,,,,,,,,,,,,,,,,,,,,verified,verified,verified,unsupported,unsupported,unsupported,unep-teap-2026-v3,unep-teap-2026-v3,,,,2026-09-25,"{""ashrae_safety_group"":[""unep-teap-2026-v3""]}"
r498a,R498A,blend,R498A,,,A3,,,,,,,,,,,,,,,,,,,,,,,,verified,verified,verified,unsupported,unsupported,unsupported,unep-teap-2026-v3,unep-teap-2026-v3,,,,2026-09-25,"{""ashrae_safety_group"":[""unep-teap-2026-v3""]}"
r499a,R499A,blend,R499A,,,A3,,,,,,,,,,,,,,,,,,,,,,,,verified,verified,verified,unsupported,verified,unsupported,unep-teap-2026-v3,unep-teap-2026-v3,,,eu-2024-573;eu-2024-590,2026-09-25,"{""ashrae_safety_group"":[""unep-teap-2026-v3""]}"
r50,R50,pure,Methane,C_{1}H_{4},74-82-8,A3,,,,,,,,,-82.586,45.992,-182.4559,not_applicable,,16.0428000,,,,,,,,,,verified,not_applicable,verified,partial,unsupported,unsupported,coolprop-mit,coolprop-mit,,coolprop-mit,,2026-09-25,"{""ashrae_safety_group"":[""coolprop-mit""],""chemical_name"":[""coolprop-mit""]}"
r500,R500,blend,R500,,,A1,,0.74,,,,,,-33.6,,,,0,,99.3,"{""nominal_glide_k"":{""method"":""BITZER normal dew minus bubble point at ambient pressure"",""phase"":""two_phase"",""pressureKPaAbsolute"":101.325,""temperatureC"":-33.6},""normal_boiling_c"":{""method"":""BITZER normal boiling/bubble point at ambient pressure"",""phase"":""bubble"",""pressureKPaAbsolute"":101.325,""temperatureC"":-33.6}}",,,BITZERin taulukossa tavallinen öljy on mineraaliöljy (MO); muut mahdolliset: alkyylibentseeni (AB). Tarkista sopiva öljy ja viskositeetti kompressorimallin valmistajalta.,BITZER lists MO as typical oil; other possible types: AB. Confirm the oil and viscosity for the specific compressor model with its manufacturer.,MO,AB,,,verified,verified,verified,partial,verified,unsupported,coolprop-mit,bitzer-refreport-table,bitzer-refreport-table,bitzer-refreport-table,eu-2024-573;eu-2024-590,2026-09-25,"{""ashrae_safety_group"":[""bitzer-refreport-table""],""molar_mass_g_mol"":[""bitzer-refreport-table""],""nominal_glide_k"":[""bitzer-refreport-table""],""normal_boiling_c"":[""bitzer-refreport-table""],""odp"":[""bitzer-refreport-table""],""oil_notes"":[""bitzer-refreport-table""],""oil_notes_en"":[""bitzer-refreport-table""],""oil_possible"":[""bitzer-refreport-table""],""oil_typical"":[""bitzer-refreport-table""]}"
r501,R501,blend,R501,,,A1,,,,,,,,,,,,,,,,,,,,,,,,verified,verified,verified,unsupported,verified,unsupported,coolprop-mit,ashrae-handbook-f25-safety,,,eu-2024-590,2026-09-25,"{""ashrae_safety_group"":[""ashrae-handbook-f25-safety""]}"
r502,R502,blend,R502,,,A1,,0.33,,,,,,-45.4,,,,0,,111.64,"{""nominal_glide_k"":{""method"":""BITZER normal dew minus bubble point at ambient pressure"",""phase"":""two_phase"",""pressureKPaAbsolute"":101.325,""temperatureC"":-45.4},""normal_boiling_c"":{""method"":""BITZER normal boiling/bubble point at ambient pressure"",""phase"":""bubble"",""pressureKPaAbsolute"":101.325,""temperatureC"":-45.4}}",,,BITZERin taulukossa tavallinen öljy on alkyylibentseeni (AB); muut mahdolliset: ei ilmoitettu. Tarkista sopiva öljy ja viskositeetti kompressorimallin valmistajalta.,BITZER lists AB as typical oil. Confirm the oil and viscosity for the specific compressor model with its manufacturer.,AB,,,,verified,verified,verified,partial,verified,unsupported,coolprop-mit,bitzer-refreport-table,bitzer-refreport-table,bitzer-refreport-table,eu-2024-590,2026-09-25,"{""ashrae_safety_group"":[""bitzer-refreport-table""],""molar_mass_g_mol"":[""bitzer-refreport-table""],""nominal_glide_k"":[""bitzer-refreport-table""],""normal_boiling_c"":[""bitzer-refreport-table""],""odp"":[""bitzer-refreport-table""],""oil_notes"":[""bitzer-refreport-table""],""oil_notes_en"":[""bitzer-refreport-table""],""oil_typical"":[""bitzer-refreport-table""]}"
r503,R503,blend,R503,,,A1,,0.6,,,,,,-87.9,,,,0,,87.24,"{""nominal_glide_k"":{""method"":""BITZER normal dew minus bubble point at ambient pressure"",""phase"":""two_phase"",""pressureKPaAbsolute"":101.325,""temperatureC"":-87.9},""normal_boiling_c"":{""method"":""BITZER normal boiling/bubble point at ambient pressure"",""phase"":""bubble"",""pressureKPaAbsolute"":101.325,""temperatureC"":-87.9}}",,,BITZERin taulukossa tavallinen öljy on alkyylibentseeni (AB); muut mahdolliset: ei ilmoitettu. Tarkista sopiva öljy ja viskositeetti kompressorimallin valmistajalta.,BITZER lists AB as typical oil. Confirm the oil and viscosity for the specific compressor model with its manufacturer.,AB,,,,verified,verified,verified,partial,verified,unsupported,coolprop-mit,bitzer-refreport-table,bitzer-refreport-table,bitzer-refreport-table,eu-2024-573;eu-2024-590,2026-09-25,"{""ashrae_safety_group"":[""bitzer-refreport-table""],""molar_mass_g_mol"":[""bitzer-refreport-table""],""nominal_glide_k"":[""bitzer-refreport-table""],""normal_boiling_c"":[""bitzer-refreport-table""],""odp"":[""bitzer-refreport-table""],""oil_notes"":[""bitzer-refreport-table""],""oil_notes_en"":[""bitzer-refreport-table""],""oil_typical"":[""bitzer-refreport-table""]}"
r504,R504,blend,R504,,,,,,,,,,,,,,,,,,,,,,,,,,,verified,verified,partial,unsupported,verified,unsupported,coolprop-mit,,,,eu-2024-573;eu-2024-590,2026-09-25,
r505,R505,blend,R505,,,,,,,,,,,,,,,,,,,,,,,,,,,verified,verified,partial,unsupported,verified,unsupported,unep-ozone-blends-live-v3,,,,eu-2024-590,2026-09-25,
r506,R506,blend,R506,,,,,,,,,,,,,,,,,,,,,,,,,,,verified,verified,partial,unsupported,verified,unsupported,unep-ozone-blends-live-v3,,,,eu-2024-590,2026-09-25,
r507a,R507A,blend,R507A,,,A1,,0,,,,,,-46.7,,,,0,,98.86,"{""nominal_glide_k"":{""method"":""BITZER normal dew minus bubble point at ambient pressure"",""phase"":""two_phase"",""pressureKPaAbsolute"":101.325,""temperatureC"":-46.7},""normal_boiling_c"":{""method"":""BITZER normal boiling/bubble point at ambient pressure"",""phase"":""bubble"",""pressureKPaAbsolute"":101.325,""temperatureC"":-46.7}}",,,BITZERin taulukossa tavallinen öljy on POE; muut mahdolliset: PVE. Tarkista sopiva öljy ja viskositeetti kompressorimallin valmistajalta.,BITZER lists POE as typical oil; other possible types: PVE. Confirm the oil and viscosity for the specific compressor model with its manufacturer.,POE,PVE,,,verified,verified,verified,partial,verified,unsupported,epa-snap-compositions,bitzer-refreport-table,bitzer-refreport-table,bitzer-refreport-table,eu-2024-573,2026-09-25,"{""ashrae_safety_group"":[""bitzer-refreport-table""],""molar_mass_g_mol"":[""bitzer-refreport-table""],""nominal_glide_k"":[""bitzer-refreport-table""],""normal_boiling_c"":[""bitzer-refreport-table""],""odp"":[""bitzer-refreport-table""],""oil_notes"":[""bitzer-refreport-table""],""oil_notes_en"":[""bitzer-refreport-table""],""oil_possible"":[""bitzer-refreport-table""],""oil_typical"":[""bitzer-refreport-table""]}"
r508a,R508A,blend,R508A,,,A1,,0,,,,,,-87.6,,,,0,,100.1,"{""nominal_glide_k"":{""method"":""BITZER normal dew minus bubble point at ambient pressure"",""phase"":""two_phase"",""pressureKPaAbsolute"":101.325,""temperatureC"":-87.6},""normal_boiling_c"":{""method"":""BITZER normal boiling/bubble point at ambient pressure"",""phase"":""bubble"",""pressureKPaAbsolute"":101.325,""temperatureC"":-87.6}}",,,BITZERin taulukossa tavallinen öljy on POE; muut mahdolliset: ei ilmoitettu. Tarkista sopiva öljy ja viskositeetti kompressorimallin valmistajalta.,BITZER lists POE as typical oil. Confirm the oil and viscosity for the specific compressor model with its manufacturer.,POE,,,,verified,verified,verified,partial,verified,unsupported,epa-snap-compositions,bitzer-refreport-table,bitzer-refreport-table,bitzer-refreport-table,eu-2024-573,2026-09-25,"{""ashrae_safety_group"":[""bitzer-refreport-table""],""molar_mass_g_mol"":[""bitzer-refreport-table""],""nominal_glide_k"":[""bitzer-refreport-table""],""normal_boiling_c"":[""bitzer-refreport-table""],""odp"":[""bitzer-refreport-table""],""oil_notes"":[""bitzer-refreport-table""],""oil_notes_en"":[""bitzer-refreport-table""],""oil_typical"":[""bitzer-refreport-table""]}"
r508b,R508B,blend,R508B,,,A1,,0,,,,,,-87.6,,,,0,,95.39,"{""nominal_glide_k"":{""method"":""BITZER normal dew minus bubble point at ambient pressure"",""phase"":""two_phase"",""pressureKPaAbsolute"":101.325,""temperatureC"":-87.6},""normal_boiling_c"":{""method"":""BITZER normal boiling/bubble point at ambient pressure"",""phase"":""bubble"",""pressureKPaAbsolute"":101.325,""temperatureC"":-87.6}}",,,BITZERin taulukossa tavallinen öljy on POE; muut mahdolliset: ei ilmoitettu. Tarkista sopiva öljy ja viskositeetti kompressorimallin valmistajalta.,BITZER lists POE as typical oil. Confirm the oil and viscosity for the specific compressor model with its manufacturer.,POE,,,,verified,verified,verified,partial,verified,unsupported,epa-snap-compositions,bitzer-refreport-table,bitzer-refreport-table,bitzer-refreport-table,eu-2024-573,2026-09-25,"{""ashrae_safety_group"":[""bitzer-refreport-table""],""molar_mass_g_mol"":[""bitzer-refreport-table""],""nominal_glide_k"":[""bitzer-refreport-table""],""normal_boiling_c"":[""bitzer-refreport-table""],""odp"":[""bitzer-refreport-table""],""oil_notes"":[""bitzer-refreport-table""],""oil_notes_en"":[""bitzer-refreport-table""],""oil_typical"":[""bitzer-refreport-table""]}"
r509,R509,blend,R509,,,,,,,,,,,,,,,,,,,,,,,,,,,verified,verified,partial,unsupported,verified,unsupported,unep-ozone-blends-live-v3,,,,eu-2024-573;eu-2024-590,2026-09-25,
r509a,R509A,blend,R509A,,,A1,,,,,,,,,,,,,,,,,,,,,,,,verified,verified,verified,unsupported,verified,unsupported,coolprop-mit,ashrae-handbook-f25-safety,,,eu-2024-573;eu-2024-590,2026-09-25,"{""ashrae_safety_group"":[""ashrae-handbook-f25-safety""]}"
r510a,R510A,blend,R510A,,,A3,,,,,,,,,,,,,,,,,,,,,,,,verified,verified,verified,unsupported,unsupported,unsupported,coolprop-mit,ashrae-handbook-f25-safety,,,,2026-09-25,"{""ashrae_safety_group"":[""ashrae-handbook-f25-safety""]}"
r511a,R511A,blend,R511A,,,A3,,0,,,,,,-42,,,,0,,44.19,"{""nominal_glide_k"":{""method"":""BITZER normal dew minus bubble point at ambient pressure"",""phase"":""two_phase"",""pressureKPaAbsolute"":101.325,""temperatureC"":-42.0},""normal_boiling_c"":{""method"":""BITZER normal boiling/bubble point at ambient pressure"",""phase"":""bubble"",""pressureKPaAbsolute"":101.325,""temperatureC"":-42.0}}",,,"BITZERin taulukossa tavallinen öljy on PAO; muut mahdolliset: POE, mineraaliöljy (MO). Tarkista sopiva öljy ja viskositeetti kompressorimallin valmistajalta.","BITZER lists PAO as typical oil; other possible types: POE, MO. Confirm the oil and viscosity for the specific compressor model with its manufacturer.",PAO,POE;MO,,,verified,verified,verified,partial,unsupported,unsupported,coolprop-mit,bitzer-refreport-table,bitzer-refreport-table,bitzer-refreport-table,,2026-09-25,"{""ashrae_safety_group"":[""bitzer-refreport-table""],""molar_mass_g_mol"":[""bitzer-refreport-table""],""nominal_glide_k"":[""bitzer-refreport-table""],""normal_boiling_c"":[""bitzer-refreport-table""],""odp"":[""bitzer-refreport-table""],""oil_notes"":[""bitzer-refreport-table""],""oil_notes_en"":[""bitzer-refreport-table""],""oil_possible"":[""bitzer-refreport-table""],""oil_typical"":[""bitzer-refreport-table""]}"
r512a,R512A,blend,R512A,,,A2,,,,,,,,,,,,,,,,,,,,,,,,verified,verified,verified,unsupported,verified,unsupported,coolprop-mit,dcceew-safety-2024-preview,,,eu-2024-573,2026-09-26,"{""ashrae_safety_group"":[""dcceew-safety-2024-preview""]}"
r513a,R513A,blend,R513A,,,A1,,0,,,,,,-29.6,96.5,37.657,,0.1,,108.31,"{""nominal_glide_k"":{""method"":""BITZER normal dew minus bubble point at ambient pressure"",""phase"":""two_phase"",""pressureKPaAbsolute"":101.325,""temperatureC"":-29.6},""normal_boiling_c"":{""method"":""BITZER normal boiling/bubble point at ambient pressure"",""phase"":""bubble"",""pressureKPaAbsolute"":101.325,""temperatureC"":-29.6}}",,,Chemoursin tuotekohtainen ohje ilmoittaa POE-öljyn. Varmista öljyn soveltuvuus ja viskositeetti laitteen tai kompressorin valmistajalta.,Chemours' product guide lists POE oil. Confirm lubricant suitability and viscosity with the equipment or compressor manufacturer.,POE,PVE,,,verified,verified,verified,partial,verified,unsupported,epa-snap-compositions,bitzer-refreport-table;chemours-opteon-2021;chemours-replacement-guide,bitzer-refreport-table,bitzer-refreport-table;chemours-xp10-critical-preview,eu-2024-573,2026-09-26,"{""critical_pressure_bar_abs"":[""chemours-xp10-critical-preview""],""critical_temp_c"":[""chemours-xp10-critical-preview""],""molar_mass_g_mol"":[""bitzer-refreport-table""],""nominal_glide_k"":[""bitzer-refreport-table""],""normal_boiling_c"":[""bitzer-refreport-table""],""odp"":[""bitzer-refreport-table""],""oil_notes"":[""chemours-replacement-guide""],""oil_notes_en"":[""chemours-replacement-guide""],""oil_possible"":[""bitzer-refreport-table""],""oil_typical"":[""chemours-replacement-guide""]}"
r513b,R513B,blend,R513B,,,A1,,0,,,,,,-29.6,,,,0,,108.73,"{""nominal_glide_k"":{""method"":""BITZER normal dew minus bubble point at ambient pressure"",""phase"":""two_phase"",""pressureKPaAbsolute"":101.325,""temperatureC"":-29.6},""normal_boiling_c"":{""method"":""BITZER normal boiling/bubble point at ambient pressure"",""phase"":""bubble"",""pressureKPaAbsolute"":101.325,""temperatureC"":-29.6}}",,,BITZERin taulukossa tavallinen öljy on POE; muut mahdolliset: PVE. Tarkista sopiva öljy ja viskositeetti kompressorimallin valmistajalta.,BITZER lists POE as typical oil; other possible types: PVE. Confirm the oil and viscosity for the specific compressor model with its manufacturer.,POE,PVE,,,verified,verified,verified,partial,verified,unsupported,epa-gwp-identities,bitzer-refreport-table,bitzer-refreport-table,bitzer-refreport-table,eu-2024-573,2026-09-25,"{""ashrae_safety_group"":[""bitzer-refreport-table""],""molar_mass_g_mol"":[""bitzer-refreport-table""],""nominal_glide_k"":[""bitzer-refreport-table""],""normal_boiling_c"":[""bitzer-refreport-table""],""odp"":[""bitzer-refreport-table""],""oil_notes"":[""bitzer-refreport-table""],""oil_notes_en"":[""bitzer-refreport-table""],""oil_possible"":[""bitzer-refreport-table""],""oil_typical"":[""bitzer-refreport-table""]}"
r514a,R514A,blend,R514A,,,B1,,0.00006,,,,,,29.1,,35.2,,0,,139.6,"{""nominal_glide_k"":{""method"":""BITZER normal dew minus bubble point at ambient pressure"",""phase"":""two_phase"",""pressureKPaAbsolute"":101.325,""temperatureC"":28.8}}",,,BITZERin taulukossa tavallinen öljy on POE; muut mahdolliset: ei ilmoitettu. Tarkista sopiva öljy ja viskositeetti kompressorimallin valmistajalta.,BITZER lists POE as typical oil. Confirm the oil and viscosity for the specific compressor model with its manufacturer.,POE,,,,verified,verified,verified,partial,verified,unsupported,epa-gwp-identities,bitzer-refreport-table;epa-chiller-snap-r514a,epa-chiller-snap-r514a,bitzer-refreport-table;chemours-xp30-tech,eu-2024-573;eu-2024-590,2026-09-25,"{""ashrae_safety_group"":[""epa-chiller-snap-r514a""],""critical_pressure_bar_abs"":[""chemours-xp30-tech""],""molar_mass_g_mol"":[""chemours-xp30-tech""],""nominal_glide_k"":[""bitzer-refreport-table""],""normal_boiling_c"":[""chemours-xp30-tech""],""odp"":[""epa-chiller-snap-r514a""],""oil_notes"":[""bitzer-refreport-table""],""oil_notes_en"":[""bitzer-refreport-table""],""oil_typical"":[""bitzer-refreport-table""]}"
r515a,R515A,blend,R515A,,,A1,,,,,,,,,,,,,,,,,,,,,,,,verified,verified,verified,unsupported,verified,unsupported,unep-ozone-blends-live-v3,dcceew-safety-2024-preview,,,eu-2024-573,2026-09-26,"{""ashrae_safety_group"":[""dcceew-safety-2024-preview""]}"
r515b,R515B,blend,R515B,,,A1,,0,,,,,,-18.9,108.7,35.8,,0,,117.48,"{""nominal_glide_k"":{""method"":""BITZER normal dew minus bubble point at ambient pressure"",""phase"":""two_phase"",""pressureKPaAbsolute"":101.325,""temperatureC"":-18.8}}",not_applicable,,Honeywell suosittelee Solstice N15:lle (R515B) POE-öljyä. Tarkista käytettävä öljy ja viskositeetti laitteen tai kompressorin valmistajalta.,Honeywell recommends POE oil for Solstice N15 (R515B). Confirm the specific lubricant and viscosity with the equipment or compressor manufacturer.,POE,,,,verified,verified,verified,partial,verified,unsupported,epa-gwp-identities,honeywell-r515b-tds,honeywell-r515b-tds,bitzer-refreport-table;honeywell-r515b-tds;honeywell-r515b-metric-2026,eu-2024-573,2026-09-30,"{""ashrae_safety_group"":[""honeywell-r515b-tds""],""critical_pressure_bar_abs"":[""honeywell-r515b-metric-2026""],""critical_temp_c"":[""honeywell-r515b-metric-2026""],""lower_flammability_limit_vol_pct"":[""honeywell-r515b-tds""],""molar_mass_g_mol"":[""bitzer-refreport-table""],""nominal_glide_k"":[""bitzer-refreport-table""],""normal_boiling_c"":[""honeywell-r515b-tds""],""odp"":[""honeywell-r515b-tds""],""oil_notes"":[""honeywell-r515b-tds""],""oil_notes_en"":[""honeywell-r515b-tds""],""oil_typical"":[""honeywell-r515b-tds""]}"
r516a,R516A,blend,R516A,,,A2L,,0,,,,,,-29.4,,,,0,,102.58,"{""nominal_glide_k"":{""method"":""BITZER normal dew minus bubble point at ambient pressure"",""phase"":""two_phase"",""pressureKPaAbsolute"":101.325,""temperatureC"":-29.4},""normal_boiling_c"":{""method"":""BITZER normal boiling/bubble point at ambient pressure"",""phase"":""bubble"",""pressureKPaAbsolute"":101.325,""temperatureC"":-29.4}}",,,BITZERin taulukossa tavallinen öljy on POE; muut mahdolliset: ei ilmoitettu. Tarkista sopiva öljy ja viskositeetti kompressorimallin valmistajalta.,BITZER lists POE as typical oil. Confirm the oil and viscosity for the specific compressor model with its manufacturer.,POE,,,,verified,verified,verified,partial,verified,unsupported,epa-gwp-identities,bitzer-refreport-table;epa-r516a-snap27,bitzer-refreport-table,bitzer-refreport-table,eu-2024-573,2026-09-25,"{""ashrae_safety_group"":[""epa-r516a-snap27""],""molar_mass_g_mol"":[""bitzer-refreport-table""],""nominal_glide_k"":[""bitzer-refreport-table""],""normal_boiling_c"":[""bitzer-refreport-table""],""odp"":[""bitzer-refreport-table""],""oil_notes"":[""bitzer-refreport-table""],""oil_notes_en"":[""bitzer-refreport-table""],""oil_typical"":[""bitzer-refreport-table""]}"
r600,R600,pure,n-Butane,C_{4}H_{10},106-97-8,A3,,0,,,,,,-0.5,151.975,37.96,-138.255,not_applicable,,58.1222000,"{""normal_boiling_c"":{""method"":""BITZER normal boiling/bubble point at ambient pressure"",""phase"":""saturation"",""pressureKPaAbsolute"":101.325,""temperatureC"":-0.5}}",1.5,365,"BITZERin taulukossa tavallinen öljy on mineraaliöljy (MO); muut mahdolliset: PAO, POE. Tarkista sopiva öljy ja viskositeetti kompressorimallin valmistajalta.","BITZER lists MO as typical oil; other possible types: PAO, POE. Confirm the oil and viscosity for the specific compressor model with its manufacturer.",MO,PAO;POE,natural,none,verified,not_applicable,verified,partial,verified,unsupported,coolprop-mit;epa-gwp-identities,bitzer-refreport-table;coolprop-mit;ul-flammable-whitepaper,bitzer-refreport-table,bitzer-refreport-table;coolprop-mit,eu-2024-573;eu-2024-590,2026-09-25,"{""ashrae_safety_group"":[""coolprop-mit""],""autoignition_c"":[""ul-flammable-whitepaper""],""chemical_name"":[""coolprop-mit""],""lower_flammability_limit_vol_pct"":[""ul-flammable-whitepaper""],""normal_boiling_c"":[""bitzer-refreport-table""],""odp"":[""bitzer-refreport-table""],""oil_notes"":[""bitzer-refreport-table""],""oil_notes_en"":[""bitzer-refreport-table""],""oil_possible"":[""bitzer-refreport-table""],""oil_typical"":[""bitzer-refreport-table""]}"
r600a,R600A,pure,IsoButane,C_{4}H_{10},75-28-5,A3,,0,,,,,,-11.8,134.667,36.29,-159.42,not_applicable,,58.1222000,"{""normal_boiling_c"":{""method"":""BITZER normal boiling/bubble point at ambient pressure"",""phase"":""saturation"",""pressureKPaAbsolute"":101.325,""temperatureC"":-11.8}}",1.8,460,"BITZERin taulukossa tavallinen öljy on mineraaliöljy (MO); muut mahdolliset: PAO, POE. Tarkista sopiva öljy ja viskositeetti kompressorimallin valmistajalta.","BITZER lists MO as typical oil; other possible types: PAO, POE. Confirm the oil and viscosity for the specific compressor model with its manufacturer.",MO,PAO;POE,natural,none,verified,not_applicable,verified,partial,verified,unsupported,coolprop-mit;epa-gwp-identities,bitzer-refreport-table;linde-2019-safety;ul-flammable-whitepaper,bitzer-refreport-table,bitzer-refreport-table;coolprop-mit,eu-2024-573;eu-2024-590,2026-09-25,"{""autoignition_c"":[""ul-flammable-whitepaper""],""chemical_name"":[""coolprop-mit""],""lower_flammability_limit_vol_pct"":[""ul-flammable-whitepaper""],""normal_boiling_c"":[""bitzer-refreport-table""],""odp"":[""bitzer-refreport-table""],""oil_notes"":[""bitzer-refreport-table""],""oil_notes_en"":[""bitzer-refreport-table""],""oil_possible"":[""bitzer-refreport-table""],""oil_typical"":[""bitzer-refreport-table""]}"
r601,R601,pure,n-Pentane,C_{5}H_{12},109-66-0,A3,,,,,,,,,196.55000000000005,33.675189947363394,-129.68,not_applicable,,72.14878000,,,,,,,,,,verified,not_applicable,verified,partial,unsupported,unsupported,coolprop-mit,ashrae-handbook-f25-safety,,coolprop-mit,,2026-09-25,"{""chemical_name"":[""coolprop-mit""],""ashrae_safety_group"":[""ashrae-handbook-f25-safety""]}"
r601a,R601a,pure,Isopentane,C_{5}H_{12},78-78-4,A3,,,,,,,,,187.20,33.78,-160.50,not_applicable,,72.14878000,,,,,,,,,,verified,not_applicable,verified,partial,unsupported,unsupported,coolprop-mit,coolprop-mit,,coolprop-mit,,2026-09-25,"{""ashrae_safety_group"":[""coolprop-mit""],""chemical_name"":[""coolprop-mit""]}"
r702,R702,pure,Hydrogen,H_{2},1333-74-0,A3,,,,,,,,,-240.005,12.964,-259.193,not_applicable,,2.01588000,,,,,,,,,,verified,not_applicable,verified,partial,unsupported,unsupported,coolprop-mit,coolprop-mit,,coolprop-mit,,2026-09-25,"{""ashrae_safety_group"":[""coolprop-mit""],""chemical_name"":[""coolprop-mit""]}"
r704,R704,pure,Helium,He_{1},7440-59-7,A1,,,,,,,,,-267.9546999999999995,2.2832606990902807,-270.9732,not_applicable,,4.002602000,,,,,,,,,,verified,not_applicable,verified,partial,unsupported,unsupported,coolprop-mit,coolprop-mit,,coolprop-mit,,2026-09-25,"{""ashrae_safety_group"":[""coolprop-mit""],""chemical_name"":[""coolprop-mit""]}"
r717,R717,pure,Ammonia,H_{3}N_{1},7664-41-7,B2L,,0,,,,,,-33.4,132.41,113.63391162815327,-77.655,not_applicable,,17.03052000,"{""normal_boiling_c"":{""method"":""BITZER normal boiling/bubble point at ambient pressure"",""phase"":""saturation"",""pressureKPaAbsolute"":101.325,""temperatureC"":-33.4}}",15.4,651,,,,,natural,none,verified,not_applicable,verified,partial,verified,unsupported,coolprop-mit;epa-gwp-identities,linde-2019-safety;linde-r717-sds-2020,bitzer-refreport-table,bitzer-refreport-table;coolprop-mit,eu-2024-573;eu-2024-590,2026-09-26,"{""chemical_name"":[""coolprop-mit""],""normal_boiling_c"":[""bitzer-refreport-table""],""odp"":[""bitzer-refreport-table""],""lower_flammability_limit_vol_pct"":[""linde-r717-sds-2020""],""autoignition_c"":[""linde-r717-sds-2020""]}"
r718,R718,pure,Water,H_{2}O_{1},7732-18-5,A1,,0,,,,,,100,373.946,220.64,0.01,not_applicable,,18.015268000,"{""normal_boiling_c"":{""method"":""BITZER normal boiling/bubble point at ambient pressure"",""phase"":""saturation"",""pressureKPaAbsolute"":101.325,""temperatureC"":100.0}}",,,,,,,natural,none,verified,not_applicable,verified,partial,verified,unsupported,coolprop-mit,linde-2019-safety,bitzer-refreport-table,bitzer-refreport-table;coolprop-mit,eu-2024-573;eu-2024-590,2026-09-25,"{""chemical_name"":[""coolprop-mit""],""normal_boiling_c"":[""bitzer-refreport-table""],""odp"":[""bitzer-refreport-table""]}"
r720,R720,pure,Neon,Ne_{1},7440-01-9,A1,,,,,,,,,-228.75,26.616308085948555,-248.589999999999998,not_applicable,,20.179000,,,,,,,,,,verified,not_applicable,verified,partial,unsupported,unsupported,coolprop-mit,coolprop-mit,,coolprop-mit,,2026-09-25,"{""ashrae_safety_group"":[""coolprop-mit""],""chemical_name"":[""coolprop-mit""]}"
r728,R728,pure,Nitrogen,N_{2},7727-37-9,A1,,,,,,,,,-146.958,33.958,-209.999,not_applicable,,28.01348000,,,,,,,,,,verified,not_applicable,verified,partial,unsupported,unsupported,coolprop-mit,coolprop-mit,,coolprop-mit,,2026-09-25,"{""ashrae_safety_group"":[""coolprop-mit""],""chemical_name"":[""coolprop-mit""]}"
r729,R729,pure,Air,,,,,,,,,,,,-140.6194,37.86,-213.40,not_applicable,,28.96546000,,,,,,,,,,verified,not_applicable,partial,partial,unsupported,unsupported,coolprop-mit,,,coolprop-mit,,2026-09-25,"{""chemical_name"":[""coolprop-mit""]}"
r732,R732,pure,Oxygen,O_{2},7782-44-7,,,,,,,,,,-118.56899999999998,50.43,-218.788999999999996,not_applicable,,31.9988000,,,,,,,,,,verified,not_applicable,partial,partial,unsupported,unsupported,coolprop-mit,,,coolprop-mit,,2026-09-25,"{""chemical_name"":[""coolprop-mit""]}"
r740,R740,pure,Argon,Ar_{1},7440-37-1,A1,,,,,,,,,-122.463,48.63,-189.344,not_applicable,,39.948000,,,,,,,,,,verified,not_applicable,verified,partial,unsupported,unsupported,coolprop-mit,coolprop-mit,,coolprop-mit,,2026-09-25,"{""ashrae_safety_group"":[""coolprop-mit""],""chemical_name"":[""coolprop-mit""]}"
r744,R744,pure,CarbonDioxide,C_{1}O_{2},124-38-9,A1,,0,,,,,,,30.9782,73.773,-56.558,not_applicable,,44.0098000,,,,BITZERin taulukossa tavallinen öljy on POE; muut mahdolliset: PAG. Tarkista sopiva öljy ja viskositeetti kompressorimallin valmistajalta.,BITZER lists POE as typical oil; other possible types: PAG. Confirm the oil and viscosity for the specific compressor model with its manufacturer.,POE,PAG,natural,none,verified,not_applicable,verified,partial,verified,unsupported,coolprop-mit;epa-gwp-identities,bitzer-refreport-table;linde-2019-safety,bitzer-refreport-table,coolprop-mit,eu-2024-573;eu-2024-590,2026-09-25,"{""chemical_name"":[""coolprop-mit""],""odp"":[""bitzer-refreport-table""],""oil_notes"":[""bitzer-refreport-table""],""oil_notes_en"":[""bitzer-refreport-table""],""oil_possible"":[""bitzer-refreport-table""],""oil_typical"":[""bitzer-refreport-table""]}"
rc318,RC318,pure,Octafluorocyclobutane,C4F8,115-25-3,A1,,,,10200,EU-2024/573-Annex-I-AR6,,,,,,,not_applicable,,,,,,,,,,PFC,I,verified,not_applicable,verified,unsupported,verified,unsupported,coolprop-rc318-v3;unep-ozone-blends-live-v3,ashrae-handbook-f25-safety,eu-2024-573,,eu-2024-573,2026-09-25,"{""chemical_name"":[""unep-ozone-blends-live-v3""],""euAnnex"":[""eu-2024-573""],""gwp_eu_2024_573_100yr"":[""eu-2024-573""],""ashrae_safety_group"":[""ashrae-handbook-f25-safety""]}"
re143a,RE143A,pure,Methyl trifluoromethyl ether,C_{2}F_{3}H_{3}O_{1},421-14-7,,,,,,,,,,104.771,36.35,-33.15,not_applicable,,100.04000,,,,,,,,,,verified,not_applicable,partial,partial,unsupported,unsupported,coolprop-mit;nist-refprop-identities,,,coolprop-mit,,2026-09-25,"{""chemical_name"":[""nist-refprop-identities""]}"
re170,RE170,pure,DimethylEther,C_{2}H_{6}O_{1},115-10-6,A3,,,,,,,,,127.228,53.368,-141.49,not_applicable,,46.06844000,,,,,,,,,,verified,not_applicable,verified,partial,unsupported,unsupported,coolprop-mit,coolprop-mit,,coolprop-mit,,2026-09-25,"{""ashrae_safety_group"":[""coolprop-mit""],""chemical_name"":[""coolprop-mit""]}"
