id,designation,kind,chemicalName,ptStatus,supportStatus,coolPropFluid,modelClass,modelSourceId,supplementFile,supplementSha256,eosReferences,explicitBlendRecipe,unsupportedRawReason,unsupportedClass,catalogNormalBoilingTemperatureC,catalogTripleTemperatureC,catalogCriticalTemperatureC,canonicalThermodynamicSourceIds,factSourceIds,modelMinimumTemperatureC,modelReportedTripleTemperatureC,effectiveModelLowerBoundC,modelMaximumTemperatureC,modelCriticalTemperatureC,searchMinimumTemperatureC,searchMaximumTemperatureC,modelReportedTripleMinusCatalogTripleK,modelMinimumMinusCatalogTripleK,modelCriticalMinusCatalogCriticalK,lowerPolicy,upperPolicy,bubble,dew,bubbleDewMinimumTemperatureDifferenceK,bubbleDewMaximumTemperatureDifferenceK,solverExclusionsForRecord,changedSourceFactSummary,auditFlags
r11,R11,pure,Trichlorofluoromethane,unsupported,supported,R11,CoolProp pure-fluid EOS,coolprop-pt-7.2.0,,,,,,,23.8,-110.47,197.91,bitzer-refreport-table;coolprop-mit,"{""ashrae_safety_group"":[""coolprop-mit""],""chemical_name"":[""epa-ods-names""],""normal_boiling_c"":[""bitzer-refreport-table""],""odp"":[""eu-2024-590""],""oil_notes"":[""bitzer-refreport-table""],""oil_notes_en"":[""bitzer-refreport-table""],""oil_possible"":[""bitzer-refreport-table""],""oil_typical"":[""bitzer-refreport-table""]}",-110.46999999999997,-110.46999999999997,-110.46999999999997,351.85,197.95999999855894,-109.46999999999997,194.95999999855894,0.0,0.0,0.05,above_model_minimum_and_reported_triple_point,critical_margin_or_model_maximum,"{""nodeCount"":88,""minimumTemperatureC"":-109.47,""maximumTemperatureC"":194.9599999986,""temperatureSpanK"":304.43,""minimumPressureBarAbsolute"":7.49596920225126e-05,""maximumPressureBarAbsolute"":42.180788879455,""offsetAboveModelEffectiveLowerBoundK"":1.0,""offsetAboveSearchMinimumK"":-0.0,""gapBelowSearchMaximumK"":-0.0,""gapBelowCatalogCriticalK"":2.95}","{""nodeCount"":88,""minimumTemperatureC"":-109.47,""maximumTemperatureC"":194.9599999986,""temperatureSpanK"":304.43,""minimumPressureBarAbsolute"":7.49596920225126e-05,""maximumPressureBarAbsolute"":42.180788879455,""offsetAboveModelEffectiveLowerBoundK"":1.0,""offsetAboveSearchMinimumK"":-0.0,""gapBelowSearchMaximumK"":-0.0,""gapBelowCatalogCriticalK"":2.95}",0.0,0.0,[],,[]
r1123,R1123,pure,Trifluoroethylene,unsupported,supported,R1123,upstream pure-fluid EOS JSON supplement,coolprop-eos-supplement-afce86f,R1123.json,b015c9e2b9a0b6e60cdc8e9331506507080ba0dc363da5cd969ce6d183cf6afd,"[""Akasaka-IJR-2020-R1123""]",,,,-61.239,-78.0,58.58,coolprop-mit;nist-r1123-eos-930091,"{""chemical_name"":[""nist-refprop-identities""],""normal_boiling_c"":[""nist-r1123-eos-930091""]}",-77.99999999999997,-77.99999999999997,-77.99999999999997,206.85000000000002,58.57998477335269,-76.99999999999997,55.57998477335269,0.0,0.0,-1.5e-05,above_model_minimum_and_reported_triple_point,critical_margin_or_model_maximum,"{""nodeCount"":36,""minimumTemperatureC"":-77.0,""maximumTemperatureC"":55.5799847734,""temperatureSpanK"":132.579985,""minimumPressureBarAbsolute"":0.415339200490582,""maximumPressureBarAbsolute"":42.6094797284889,""offsetAboveModelEffectiveLowerBoundK"":1.0,""offsetAboveSearchMinimumK"":-0.0,""gapBelowSearchMaximumK"":-0.0,""gapBelowCatalogCriticalK"":3.000015}","{""nodeCount"":36,""minimumTemperatureC"":-77.0,""maximumTemperatureC"":55.5799847734,""temperatureSpanK"":132.579985,""minimumPressureBarAbsolute"":0.415339200490582,""maximumPressureBarAbsolute"":42.6094797284889,""offsetAboveModelEffectiveLowerBoundK"":1.0,""offsetAboveSearchMinimumK"":-0.0,""gapBelowSearchMaximumK"":-0.0,""gapBelowCatalogCriticalK"":3.000015}",0.0,0.0,[],"{""updatedFacts"":{""normal_boiling_c"":""-61.239""},""ptStatus"":""supported"",""modelCriticalTemperatureC"":58.57998477335269,""modelCriticalMinusSourceCriticalK"":-1.5e-05,""dewEndpointGapBelowSourceCriticalK"":3.000015,""modelMinimumMinusSourceTripleK"":0.0}",[]
r113,R113,pure,"1,1,2-Trichlorotrifluoroethane",unsupported,supported,R113,CoolProp pure-fluid EOS,coolprop-pt-7.2.0,,,,,,,47.6,-36.22,214.06000000000003,bitzer-refreport-table;coolprop-mit,"{""ashrae_safety_group"":[""coolprop-mit""],""chemical_name"":[""epa-ods-names""],""normal_boiling_c"":[""bitzer-refreport-table""],""odp"":[""eu-2024-590""],""oil_notes"":[""bitzer-refreport-table""],""oil_notes_en"":[""bitzer-refreport-table""],""oil_possible"":[""bitzer-refreport-table""],""oil_typical"":[""bitzer-refreport-table""]}",-36.21999999999997,-36.21999999999997,-36.21999999999997,251.85000000000002,214.06000001666092,-35.21999999999997,211.06000001666092,0.0,0.0,0.0,above_model_minimum_and_reported_triple_point,critical_margin_or_model_maximum,"{""nodeCount"":60,""minimumTemperatureC"":-35.22,""maximumTemperatureC"":211.0600000167,""temperatureSpanK"":246.28,""minimumPressureBarAbsolute"":0.020028160945377,""maximumPressureBarAbsolute"":32.4472220591861,""offsetAboveModelEffectiveLowerBoundK"":1.0,""offsetAboveSearchMinimumK"":-0.0,""gapBelowSearchMaximumK"":-0.0,""gapBelowCatalogCriticalK"":3.0}","{""nodeCount"":60,""minimumTemperatureC"":-35.22,""maximumTemperatureC"":211.0600000167,""temperatureSpanK"":246.28,""minimumPressureBarAbsolute"":0.020028160945377,""maximumPressureBarAbsolute"":32.4472220591861,""offsetAboveModelEffectiveLowerBoundK"":1.0,""offsetAboveSearchMinimumK"":-0.0,""gapBelowSearchMaximumK"":-0.0,""gapBelowCatalogCriticalK"":3.0}",0.0,0.0,[],,[]
r1130e,R1130(E),pure,"Trans-1,2-dichloroethene",unsupported,supported,R1130(E),upstream pure-fluid EOS JSON supplement,coolprop-eos-supplement-afce86f,R1130(E).json,c0d3df88247742b0887ce6f91162e3ba794167ff385d98551847adefec3a79dc,"[""Huber-IJT-2025-R1130E""]",,,,48.0,-49.84,242.54,bitzer-refreport-table;coolprop-mit,"{""ashrae_safety_group"":[""bitzer-refreport-table""],""chemical_name"":[""nist-r1130e-study""],""gwp_eu_2024_573_100yr"":[""eu-2024-573""],""normal_boiling_c"":[""bitzer-refreport-table""],""odp"":[""coolprop-mit""]}",-49.839999999999975,-49.839999999999975,-49.839999999999975,251.85000000000002,242.53999999943983,-48.839999999999975,239.53999999943983,0.0,0.0,-0.0,above_model_minimum_and_reported_triple_point,critical_margin_or_model_maximum,"{""nodeCount"":71,""minimumTemperatureC"":-48.84,""maximumTemperatureC"":239.5399999994,""temperatureSpanK"":288.38,""minimumPressureBarAbsolute"":0.0070169481447464,""maximumPressureBarAbsolute"":50.4593953841341,""offsetAboveModelEffectiveLowerBoundK"":1.0,""offsetAboveSearchMinimumK"":-0.0,""gapBelowSearchMaximumK"":0.0,""gapBelowCatalogCriticalK"":3.0}","{""nodeCount"":71,""minimumTemperatureC"":-48.84,""maximumTemperatureC"":239.5399999994,""temperatureSpanK"":288.38,""minimumPressureBarAbsolute"":0.0070169481447464,""maximumPressureBarAbsolute"":50.4593953841341,""offsetAboveModelEffectiveLowerBoundK"":1.0,""offsetAboveSearchMinimumK"":-0.0,""gapBelowSearchMaximumK"":0.0,""gapBelowCatalogCriticalK"":3.0}",0.0,0.0,[],,[]
r1132a,R1132a,pure,"1,1-Difluoroethylene",unsupported,supported,R1132a,upstream pure-fluid EOS JSON supplement,coolprop-eos-supplement-afce86f,R1132a.json,9e9da96eaf79c756c8acc7ee50eca6cc2f671339bedd1bd24f51dfe13dabb0d5,"[""Akasaka-IJT-2026-R1132a""]",,,,-84.0,-162.15,29.47,bitzer-refreport-table;coolprop-mit,"{""ashrae_safety_group"":[""coolprop-mit""],""chemical_name"":[""eu-2024-573""],""normal_boiling_c"":[""bitzer-refreport-table""],""odp"":[""bitzer-refreport-table""],""oil_notes"":[""bitzer-refreport-table""],""oil_notes_en"":[""bitzer-refreport-table""],""oil_typical"":[""bitzer-refreport-table""]}",-162.14999999999998,-162.14999999999998,-162.14999999999998,126.85000000000002,29.46999999913305,-161.14999999999998,26.46999999913305,0.0,0.0,-0.0,above_model_minimum_and_reported_triple_point,critical_margin_or_model_maximum,"{""nodeCount"":75,""minimumTemperatureC"":-161.15,""maximumTemperatureC"":26.4699999991,""temperatureSpanK"":187.62,""minimumPressureBarAbsolute"":0.00039927202146476,""maximumPressureBarAbsolute"":41.6458903176884,""offsetAboveModelEffectiveLowerBoundK"":1.0,""offsetAboveSearchMinimumK"":-0.0,""gapBelowSearchMaximumK"":0.0,""gapBelowCatalogCriticalK"":3.0}","{""nodeCount"":75,""minimumTemperatureC"":-161.15,""maximumTemperatureC"":26.4699999991,""temperatureSpanK"":187.62,""minimumPressureBarAbsolute"":0.00039927202146476,""maximumPressureBarAbsolute"":41.6458903176884,""offsetAboveModelEffectiveLowerBoundK"":1.0,""offsetAboveSearchMinimumK"":-0.0,""gapBelowSearchMaximumK"":0.0,""gapBelowCatalogCriticalK"":3.0}",0.0,0.0,[],,[]
r1132e,R1132(E),pure,"Trans-1,2-difluoroethylene",unsupported,supported,R1132(E),upstream pure-fluid EOS JSON supplement,coolprop-eos-supplement-afce86f,R1132(E).json,65727bd385167e5a1a7a587f0331058a2139dd866d3b3966fc36debb6d5be7fc,"[""Akasaka-IJT-2024-R1132E""]",,,,-52.5,-88.25,75.67,bitzer-refreport-table;coolprop-mit;nist-r1132e-eos-958728,"{""ashrae_safety_group"":[""bitzer-refreport-table""],""chemical_name"":[""eu-2024-573""],""normal_boiling_c"":[""bitzer-refreport-table""],""odp"":[""bitzer-refreport-table""],""oil_notes"":[""bitzer-refreport-table""],""oil_notes_en"":[""bitzer-refreport-table""],""oil_typical"":[""bitzer-refreport-table""],""triple_point_c"":[""nist-r1132e-eos-958728""]}",-33.14999999999998,-33.14999999999998,-33.14999999999998,126.85000000000002,75.66999999960177,-32.14999999999998,72.66999999960177,55.1,55.1,-0.0,above_model_minimum_and_reported_triple_point,critical_margin_or_model_maximum,"{""nodeCount"":26,""minimumTemperatureC"":-32.15,""maximumTemperatureC"":72.6699999996,""temperatureSpanK"":104.82,""minimumPressureBarAbsolute"":2.58672032685181,""maximumPressureBarAbsolute"":48.646118406665,""offsetAboveModelEffectiveLowerBoundK"":1.0,""offsetAboveSearchMinimumK"":-0.0,""gapBelowSearchMaximumK"":0.0,""gapBelowCatalogCriticalK"":3.0}","{""nodeCount"":26,""minimumTemperatureC"":-32.15,""maximumTemperatureC"":72.6699999996,""temperatureSpanK"":104.82,""minimumPressureBarAbsolute"":2.58672032685181,""maximumPressureBarAbsolute"":48.646118406665,""offsetAboveModelEffectiveLowerBoundK"":1.0,""offsetAboveSearchMinimumK"":-0.0,""gapBelowSearchMaximumK"":0.0,""gapBelowCatalogCriticalK"":3.0}",0.0,0.0,[],"{""updatedFacts"":{""triple_point_c"":""-88.25""},""ptStatus"":""supported"",""modelCriticalTemperatureC"":75.66999999960177,""modelCriticalMinusSourceCriticalK"":-0.0,""dewEndpointGapBelowSourceCriticalK"":3.0,""modelMinimumMinusSourceTripleK"":55.1}","[""model Tmin materially warmer than catalog triple point; cold-side EOS support limit""]"
r114,R114,pure,Dichlorotetrafluoroethane,unsupported,supported,R114,CoolProp pure-fluid EOS,coolprop-pt-7.2.0,,,,,,,3.6,3e-14,145.68,bitzer-refreport-table;coolprop-mit,"{""ashrae_safety_group"":[""coolprop-mit""],""chemical_name"":[""epa-ods-names""],""normal_boiling_c"":[""bitzer-refreport-table""],""odp"":[""eu-2024-590""],""oil_notes"":[""bitzer-refreport-table""],""oil_notes_en"":[""bitzer-refreport-table""],""oil_possible"":[""bitzer-refreport-table""],""oil_typical"":[""bitzer-refreport-table""]}",5.684341886080802e-14,5.684341886080802e-14,5.684341886080802e-14,233.85000000000002,147.45772506336033,1.0000000000000568,144.45772506336033,0.0,0.0,1.777725,above_model_minimum_and_reported_triple_point,critical_margin_or_model_maximum,"{""nodeCount"":30,""minimumTemperatureC"":1.0,""maximumTemperatureC"":144.4577250634,""temperatureSpanK"":143.457725,""minimumPressureBarAbsolute"":0.916845720329351,""maximumPressureBarAbsolute"":31.8795978134548,""offsetAboveModelEffectiveLowerBoundK"":1.0,""offsetAboveSearchMinimumK"":-0.0,""gapBelowSearchMaximumK"":-0.0,""gapBelowCatalogCriticalK"":1.222275}","{""nodeCount"":30,""minimumTemperatureC"":1.0,""maximumTemperatureC"":144.4577250634,""temperatureSpanK"":143.457725,""minimumPressureBarAbsolute"":0.916845720329351,""maximumPressureBarAbsolute"":31.8795978134548,""offsetAboveModelEffectiveLowerBoundK"":1.0,""offsetAboveSearchMinimumK"":-0.0,""gapBelowSearchMaximumK"":-0.0,""gapBelowCatalogCriticalK"":1.222275}",0.0,0.0,[],,[]
r115,R115,pure,Monochloropentafluoroethane,unsupported,supported,R115,CoolProp pure-fluid EOS,coolprop-pt-7.2.0,,,,,,,-39.2,-99.58,79.95,bitzer-refreport-table;coolprop-mit,"{""ashrae_safety_group"":[""bitzer-refreport-table""],""chemical_name"":[""epa-ods-names""],""normal_boiling_c"":[""bitzer-refreport-table""],""odp"":[""eu-2024-590""],""oil_notes"":[""bitzer-refreport-table""],""oil_notes_en"":[""bitzer-refreport-table""],""oil_possible"":[""bitzer-refreport-table""],""oil_typical"":[""bitzer-refreport-table""]}",-99.57999999999998,-99.57999999999998,-99.57999999999998,276.85,79.9519775386571,-98.57999999999998,76.9519775386571,0.0,0.0,0.001978,above_model_minimum_and_reported_triple_point,critical_margin_or_model_maximum,"{""nodeCount"":51,""minimumTemperatureC"":-98.58,""maximumTemperatureC"":76.9519775387,""temperatureSpanK"":175.531978,""minimumPressureBarAbsolute"":0.0238226468887145,""maximumPressureBarAbsolute"":29.3794220431236,""offsetAboveModelEffectiveLowerBoundK"":1.0,""offsetAboveSearchMinimumK"":-0.0,""gapBelowSearchMaximumK"":-0.0,""gapBelowCatalogCriticalK"":2.998022}","{""nodeCount"":51,""minimumTemperatureC"":-98.58,""maximumTemperatureC"":76.9519775387,""temperatureSpanK"":175.531978,""minimumPressureBarAbsolute"":0.0238226468887145,""maximumPressureBarAbsolute"":29.3794220431236,""offsetAboveModelEffectiveLowerBoundK"":1.0,""offsetAboveSearchMinimumK"":-0.0,""gapBelowSearchMaximumK"":-0.0,""gapBelowCatalogCriticalK"":2.998022}",0.0,0.0,[],,[]
r1150,R1150,pure,Ethylene,unsupported,supported,R1150,CoolProp pure-fluid EOS,coolprop-pt-7.2.0,,,,,,,-103.8,-169.161,9.2,bitzer-refreport-table;coolprop-mit,"{""ashrae_safety_group"":[""coolprop-mit""],""chemical_name"":[""coolprop-mit""],""normal_boiling_c"":[""bitzer-refreport-table""],""odp"":[""bitzer-refreport-table""],""oil_notes"":[""bitzer-refreport-table""],""oil_notes_en"":[""bitzer-refreport-table""],""oil_possible"":[""bitzer-refreport-table""],""oil_typical"":[""bitzer-refreport-table""]}",-169.16099999999997,-169.16099999999997,-169.16099999999997,176.85000000000002,9.20000000000249,-168.16099999999997,6.20000000000249,0.0,0.0,0.0,above_model_minimum_and_reported_triple_point,critical_margin_or_model_maximum,"{""nodeCount"":69,""minimumTemperatureC"":-168.161,""maximumTemperatureC"":6.2,""temperatureSpanK"":174.361,""minimumPressureBarAbsolute"":0.00145398086958942,""maximumPressureBarAbsolute"":47.1453435860185,""offsetAboveModelEffectiveLowerBoundK"":1.0,""offsetAboveSearchMinimumK"":-0.0,""gapBelowSearchMaximumK"":0.0,""gapBelowCatalogCriticalK"":3.0}","{""nodeCount"":69,""minimumTemperatureC"":-168.161,""maximumTemperatureC"":6.2,""temperatureSpanK"":174.361,""minimumPressureBarAbsolute"":0.00145398086958942,""maximumPressureBarAbsolute"":47.1453435860185,""offsetAboveModelEffectiveLowerBoundK"":1.0,""offsetAboveSearchMinimumK"":-0.0,""gapBelowSearchMaximumK"":0.0,""gapBelowCatalogCriticalK"":3.0}",0.0,0.0,[],,[]
r116,R116,pure,Hexafluoroethane,unsupported,supported,R116,CoolProp pure-fluid EOS,coolprop-pt-7.2.0,,,,,,,-78.1,-100.04999999999998,19.88000000000003,bitzer-refreport-table;coolprop-mit,"{""ashrae_safety_group"":[""coolprop-mit""],""chemical_name"":[""eu-2024-573""],""normal_boiling_c"":[""bitzer-refreport-table""],""odp"":[""bitzer-refreport-table""],""oil_notes"":[""bitzer-refreport-table""],""oil_notes_en"":[""bitzer-refreport-table""],""oil_typical"":[""bitzer-refreport-table""]}",-100.04999999999995,-100.04999999999995,-100.04999999999995,151.85000000000002,19.879792782695006,-99.04999999999995,16.879792782695006,0.0,0.0,-0.000207,above_model_minimum_and_reported_triple_point,critical_margin_or_model_maximum,"{""nodeCount"":35,""minimumTemperatureC"":-99.05,""maximumTemperatureC"":16.8797927827,""temperatureSpanK"":115.929793,""minimumPressureBarAbsolute"":0.279910879868398,""maximumPressureBarAbsolute"":28.2971343546121,""offsetAboveModelEffectiveLowerBoundK"":1.0,""offsetAboveSearchMinimumK"":-0.0,""gapBelowSearchMaximumK"":-0.0,""gapBelowCatalogCriticalK"":3.000207}","{""nodeCount"":35,""minimumTemperatureC"":-99.05,""maximumTemperatureC"":16.8797927827,""temperatureSpanK"":115.929793,""minimumPressureBarAbsolute"":0.279910879868398,""maximumPressureBarAbsolute"":28.2971343546121,""offsetAboveModelEffectiveLowerBoundK"":1.0,""offsetAboveSearchMinimumK"":-0.0,""gapBelowSearchMaximumK"":-0.0,""gapBelowCatalogCriticalK"":3.000207}",0.0,0.0,[],,[]
r12,R12,pure,Dichlorodifluoromethane,unsupported,supported,R12,CoolProp pure-fluid EOS,coolprop-pt-7.2.0,,,,,,,-29.8,-157.051,111.97,bitzer-refreport-table;coolprop-mit,"{""ashrae_safety_group"":[""coolprop-mit""],""chemical_name"":[""epa-ods-names""],""normal_boiling_c"":[""bitzer-refreport-table""],""odp"":[""eu-2024-590""],""oil_notes"":[""bitzer-refreport-table""],""oil_notes_en"":[""bitzer-refreport-table""],""oil_possible"":[""bitzer-refreport-table""],""oil_typical"":[""bitzer-refreport-table""]}",-157.051,-157.051,-157.051,251.85000000000002,111.96999976813441,-156.051,108.96999976813441,0.0,0.0,-0.0,above_model_minimum_and_reported_triple_point,critical_margin_or_model_maximum,"{""nodeCount"":98,""minimumTemperatureC"":-156.051,""maximumTemperatureC"":108.949,""temperatureSpanK"":265.0,""minimumPressureBarAbsolute"":3.05801441755306e-06,""maximumPressureBarAbsolute"":39.1831638218447,""offsetAboveModelEffectiveLowerBoundK"":1.0,""offsetAboveSearchMinimumK"":0.0,""gapBelowSearchMaximumK"":0.021,""gapBelowCatalogCriticalK"":3.021}","{""nodeCount"":98,""minimumTemperatureC"":-156.051,""maximumTemperatureC"":108.949,""temperatureSpanK"":265.0,""minimumPressureBarAbsolute"":3.05801441755306e-06,""maximumPressureBarAbsolute"":39.1831638218447,""offsetAboveModelEffectiveLowerBoundK"":1.0,""offsetAboveSearchMinimumK"":0.0,""gapBelowSearchMaximumK"":0.021,""gapBelowCatalogCriticalK"":3.021}",0.0,0.0,[],,[]
r1224ydz,R1224YDZ,pure,"(Z)-1-Chloro-2,3,3,3-tetrafluoropropene",unsupported,supported,R1224YDZ,upstream pure-fluid EOS JSON supplement,coolprop-eos-supplement-afce86f,R1224yd(Z).json,56109aad8d5a45281616adc0201718de9aa03e164c46dfe8c1728bc502ceb1d3,"[""Akasaka-IJT-2023-R1224ydZ""]",,,,14.6,-115.35,155.54,bitzer-refreport-table;coolprop-mit,"{""ashrae_safety_group"":[""bitzer-refreport-table""],""chemical_name"":[""agc-1224yd-technical""],""normal_boiling_c"":[""bitzer-refreport-table""],""odp"":[""bitzer-refreport-table""],""oil_notes"":[""bitzer-refreport-table""],""oil_notes_en"":[""bitzer-refreport-table""],""oil_typical"":[""bitzer-refreport-table""]}",-115.34999999999997,-115.34999999999997,-115.34999999999997,200.0,155.54000000006272,-114.34999999999997,152.54000000006272,0.0,0.0,0.0,above_model_minimum_and_reported_triple_point,critical_margin_or_model_maximum,"{""nodeCount"":88,""minimumTemperatureC"":-114.35,""maximumTemperatureC"":152.5400000001,""temperatureSpanK"":266.89,""minimumPressureBarAbsolute"":2.98998036820873e-05,""maximumPressureBarAbsolute"":31.635199942676,""offsetAboveModelEffectiveLowerBoundK"":1.0,""offsetAboveSearchMinimumK"":-0.0,""gapBelowSearchMaximumK"":-0.0,""gapBelowCatalogCriticalK"":3.0}","{""nodeCount"":88,""minimumTemperatureC"":-114.35,""maximumTemperatureC"":152.5400000001,""temperatureSpanK"":266.89,""minimumPressureBarAbsolute"":2.98998036820873e-05,""maximumPressureBarAbsolute"":31.635199942676,""offsetAboveModelEffectiveLowerBoundK"":1.0,""offsetAboveSearchMinimumK"":-0.0,""gapBelowSearchMaximumK"":-0.0,""gapBelowCatalogCriticalK"":3.0}",0.0,0.0,[],,[]
r123,R123,pure,Dichlorotrifluoroethane,unsupported,supported,R123,CoolProp pure-fluid EOS,coolprop-pt-7.2.0,,,,,,,27.8,-107.15,183.681,bitzer-refreport-table;coolprop-mit,"{""ashrae_safety_group"":[""coolprop-mit""],""chemical_name"":[""epa-ods-names""],""normal_boiling_c"":[""bitzer-refreport-table""],""odp"":[""eu-2024-590""],""oil_notes"":[""bitzer-refreport-table""],""oil_notes_en"":[""bitzer-refreport-table""],""oil_possible"":[""bitzer-refreport-table""],""oil_typical"":[""bitzer-refreport-table""]}",-107.14999999999998,-107.14999999999998,-107.14999999999998,326.85,183.68002581312982,-106.14999999999998,180.68002581312982,0.0,0.0,-0.000974,above_model_minimum_and_reported_triple_point,critical_margin_or_model_maximum,"{""nodeCount"":87,""minimumTemperatureC"":-106.15,""maximumTemperatureC"":180.6800258131,""temperatureSpanK"":286.830026,""minimumPressureBarAbsolute"":4.87368816487701e-05,""maximumPressureBarAbsolute"":34.8842356053938,""offsetAboveModelEffectiveLowerBoundK"":1.0,""offsetAboveSearchMinimumK"":-0.0,""gapBelowSearchMaximumK"":0.0,""gapBelowCatalogCriticalK"":3.000974}","{""nodeCount"":87,""minimumTemperatureC"":-106.15,""maximumTemperatureC"":180.6800258131,""temperatureSpanK"":286.830026,""minimumPressureBarAbsolute"":4.87368816487701e-05,""maximumPressureBarAbsolute"":34.8842356053938,""offsetAboveModelEffectiveLowerBoundK"":1.0,""offsetAboveSearchMinimumK"":-0.0,""gapBelowSearchMaximumK"":0.0,""gapBelowCatalogCriticalK"":3.000974}",0.0,0.0,[],,[]
r1233zde,R1233zd(E),pure,"Trans-1-chloro-3,3,3-trifluoropropene",unsupported,supported,R1233zd(E),CoolProp pure-fluid EOS,coolprop-pt-7.2.0,,,,,,,18.3,-107.4,165.71,bitzer-refreport-table;coolprop-mit,"{""ashrae_safety_group"":[""bitzer-refreport-table""],""chemical_name"":[""honeywell-1233zd-identity""],""normal_boiling_c"":[""bitzer-refreport-table""],""odp"":[""bitzer-refreport-table""],""oil_notes"":[""bitzer-refreport-table""],""oil_notes_en"":[""bitzer-refreport-table""],""oil_typical"":[""bitzer-refreport-table""]}",-77.99999999999997,-77.99999999999997,-77.99999999999997,276.85,166.45083307567268,-76.99999999999997,163.45083307567268,29.4,29.4,0.740833,above_model_minimum_and_reported_triple_point,critical_margin_or_model_maximum,"{""nodeCount"":65,""minimumTemperatureC"":-77.0,""maximumTemperatureC"":163.4508330757,""temperatureSpanK"":240.450833,""minimumPressureBarAbsolute"":0.00301520360346141,""maximumPressureBarAbsolute"":34.4402560166735,""offsetAboveModelEffectiveLowerBoundK"":1.0,""offsetAboveSearchMinimumK"":-0.0,""gapBelowSearchMaximumK"":-0.0,""gapBelowCatalogCriticalK"":2.259167}","{""nodeCount"":65,""minimumTemperatureC"":-77.0,""maximumTemperatureC"":163.4508330757,""temperatureSpanK"":240.450833,""minimumPressureBarAbsolute"":0.00301520360346141,""maximumPressureBarAbsolute"":34.4402560166735,""offsetAboveModelEffectiveLowerBoundK"":1.0,""offsetAboveSearchMinimumK"":-0.0,""gapBelowSearchMaximumK"":-0.0,""gapBelowCatalogCriticalK"":2.259167}",0.0,0.0,[],,"[""model Tmin materially warmer than catalog triple point; cold-side EOS support limit""]"
r1234yf,R1234yf,pure,"2,3,3,3-Tetrafluoroprop-1-ene",unsupported,supported,R1234yf,CoolProp pure-fluid EOS,coolprop-pt-7.2.0,,,,,,,-29.5,-151.55,94.7,bitzer-refreport-table;coolprop-mit,"{""autoignition_c"":[""chemours-yf-bulletin""],""chemical_name"":[""epa-hfo-yf-name""],""lower_flammability_limit_vol_pct"":[""chemours-yf-bulletin""],""normal_boiling_c"":[""bitzer-refreport-table""],""odp"":[""bitzer-refreport-table""],""oil_notes"":[""bitzer-refreport-table""],""oil_notes_en"":[""bitzer-refreport-table""],""oil_possible"":[""bitzer-refreport-table""],""oil_typical"":[""bitzer-refreport-table""]}",-53.14999999999998,-53.14999999999998,-53.14999999999998,136.85000000000002,94.69998882341457,-52.14999999999998,91.69998882341457,98.4,98.4,-1.1e-05,above_model_minimum_and_reported_triple_point,critical_margin_or_model_maximum,"{""nodeCount"":36,""minimumTemperatureC"":-52.15,""maximumTemperatureC"":91.6999888234,""temperatureSpanK"":143.849989,""minimumPressureBarAbsolute"":0.332968278666873,""maximumPressureBarAbsolute"":31.860073113326,""offsetAboveModelEffectiveLowerBoundK"":1.0,""offsetAboveSearchMinimumK"":-0.0,""gapBelowSearchMaximumK"":0.0,""gapBelowCatalogCriticalK"":3.000011}","{""nodeCount"":36,""minimumTemperatureC"":-52.15,""maximumTemperatureC"":91.6999888234,""temperatureSpanK"":143.849989,""minimumPressureBarAbsolute"":0.332968278666873,""maximumPressureBarAbsolute"":31.860073113326,""offsetAboveModelEffectiveLowerBoundK"":1.0,""offsetAboveSearchMinimumK"":-0.0,""gapBelowSearchMaximumK"":0.0,""gapBelowCatalogCriticalK"":3.000011}",0.0,0.0,[],,"[""model Tmin materially warmer than catalog triple point; cold-side EOS support limit""]"
r1234zee,R1234ze(E),pure,"Trans-1,3,3,3-tetrafluoroprop-1-ene",unsupported,supported,R1234ze(E),CoolProp pure-fluid EOS,coolprop-pt-7.2.0,,,,,,,-19.0,-104.53,109.37,bitzer-refreport-table;coolprop-mit,"{""ashrae_safety_group"":[""bitzer-refreport-table""],""chemical_name"":[""epa-hfo-ze-name""],""normal_boiling_c"":[""bitzer-refreport-table""],""odp"":[""bitzer-refreport-table""],""oil_notes"":[""bitzer-refreport-table""],""oil_notes_en"":[""bitzer-refreport-table""],""oil_possible"":[""bitzer-refreport-table""],""oil_typical"":[""bitzer-refreport-table""]}",-104.52999999999997,-104.52999999999997,-104.52999999999997,146.85000000000002,109.36300260465185,-103.52999999999997,106.36300260465185,0.0,0.0,-0.006997,above_model_minimum_and_reported_triple_point,critical_margin_or_model_maximum,"{""nodeCount"":62,""minimumTemperatureC"":-103.53,""maximumTemperatureC"":106.3630026047,""temperatureSpanK"":209.893003,""minimumPressureBarAbsolute"":0.00245583933822765,""maximumPressureBarAbsolute"":34.2772179646395,""offsetAboveModelEffectiveLowerBoundK"":1.0,""offsetAboveSearchMinimumK"":-0.0,""gapBelowSearchMaximumK"":-0.0,""gapBelowCatalogCriticalK"":3.006997}","{""nodeCount"":62,""minimumTemperatureC"":-103.53,""maximumTemperatureC"":106.3630026047,""temperatureSpanK"":209.893003,""minimumPressureBarAbsolute"":0.00245583933822765,""maximumPressureBarAbsolute"":34.2772179646395,""offsetAboveModelEffectiveLowerBoundK"":1.0,""offsetAboveSearchMinimumK"":-0.0,""gapBelowSearchMaximumK"":-0.0,""gapBelowCatalogCriticalK"":3.006997}",0.0,0.0,[],,[]
r1234zez,R1234ze(Z),pure,"Cis-1,3,3,3-tetrafluoropropene",unsupported,supported,R1234ze(Z),CoolProp pure-fluid EOS,coolprop-pt-7.2.0,,,,,,,,-0.15,150.12,coolprop-mit,"{""chemical_name"":[""nist-refprop-identities""]}",-0.14999999999997726,-0.14999999999997726,-0.14999999999997726,166.85000000000002,150.12037839541892,0.8500000000000227,147.12037839541892,0.0,0.0,0.000378,above_model_minimum_and_reported_triple_point,critical_margin_or_model_maximum,"{""nodeCount"":31,""minimumTemperatureC"":0.85,""maximumTemperatureC"":147.1203783954,""temperatureSpanK"":146.270378,""minimumPressureBarAbsolute"":0.707679814653773,""maximumPressureBarAbsolute"":33.4534821845999,""offsetAboveModelEffectiveLowerBoundK"":1.0,""offsetAboveSearchMinimumK"":-0.0,""gapBelowSearchMaximumK"":0.0,""gapBelowCatalogCriticalK"":2.999622}","{""nodeCount"":31,""minimumTemperatureC"":0.85,""maximumTemperatureC"":147.1203783954,""temperatureSpanK"":146.270378,""minimumPressureBarAbsolute"":0.707679814653773,""maximumPressureBarAbsolute"":33.4534821845999,""offsetAboveModelEffectiveLowerBoundK"":1.0,""offsetAboveSearchMinimumK"":-0.0,""gapBelowSearchMaximumK"":0.0,""gapBelowCatalogCriticalK"":2.999622}",0.0,0.0,[],,[]
r124,R124,pure,Monochlorotetrafluoroethane,unsupported,supported,R124,CoolProp pure-fluid EOS,coolprop-pt-7.2.0,,,,,,,-12.0,-153.15,122.275,bitzer-refreport-table;coolprop-mit,"{""ashrae_safety_group"":[""coolprop-mit""],""chemical_name"":[""epa-ods-names""],""normal_boiling_c"":[""bitzer-refreport-table""],""odp"":[""eu-2024-590""],""oil_notes"":[""bitzer-refreport-table""],""oil_notes_en"":[""bitzer-refreport-table""],""oil_possible"":[""bitzer-refreport-table""],""oil_typical"":[""bitzer-refreport-table""]}",-153.14999999999998,-153.14999999999998,-153.14999999999998,196.85000000000002,122.27796077320471,-152.14999999999998,119.27796077320471,0.0,0.0,0.002961,above_model_minimum_and_reported_triple_point,critical_margin_or_model_maximum,"{""nodeCount"":105,""minimumTemperatureC"":-152.15,""maximumTemperatureC"":119.2779607732,""temperatureSpanK"":271.427961,""minimumPressureBarAbsolute"":3.45633641745441e-07,""maximumPressureBarAbsolute"":34.2773010351932,""offsetAboveModelEffectiveLowerBoundK"":1.0,""offsetAboveSearchMinimumK"":-0.0,""gapBelowSearchMaximumK"":0.0,""gapBelowCatalogCriticalK"":2.997039}","{""nodeCount"":105,""minimumTemperatureC"":-152.15,""maximumTemperatureC"":119.2779607732,""temperatureSpanK"":271.427961,""minimumPressureBarAbsolute"":3.45633641745441e-07,""maximumPressureBarAbsolute"":34.2773010351932,""offsetAboveModelEffectiveLowerBoundK"":1.0,""offsetAboveSearchMinimumK"":-0.0,""gapBelowSearchMaximumK"":0.0,""gapBelowCatalogCriticalK"":2.997039}",0.0,0.0,[],,[]
r1243zf,R1243zf,pure,"3,3,3-Trifluoropropene",unsupported,supported,R1243zf,CoolProp pure-fluid EOS,coolprop-pt-7.2.0,,,,,,,,-150.8,103.78,coolprop-mit,"{""chemical_name"":[""nist-refprop-identities""],""odp"":[""coolprop-mit""]}",-53.14999999999998,-53.14999999999998,-53.14999999999998,136.85000000000002,103.78000983860835,-52.14999999999998,100.78000983860835,97.65,97.65,1e-05,above_model_minimum_and_reported_triple_point,critical_margin_or_model_maximum,"{""nodeCount"":38,""minimumTemperatureC"":-52.15,""maximumTemperatureC"":100.7800098386,""temperatureSpanK"":152.93001,""minimumPressureBarAbsolute"":0.273258849767897,""maximumPressureBarAbsolute"":33.1987136073422,""offsetAboveModelEffectiveLowerBoundK"":1.0,""offsetAboveSearchMinimumK"":-0.0,""gapBelowSearchMaximumK"":0.0,""gapBelowCatalogCriticalK"":2.99999}","{""nodeCount"":38,""minimumTemperatureC"":-52.15,""maximumTemperatureC"":100.7800098386,""temperatureSpanK"":152.93001,""minimumPressureBarAbsolute"":0.273258849767897,""maximumPressureBarAbsolute"":33.1987136073422,""offsetAboveModelEffectiveLowerBoundK"":1.0,""offsetAboveSearchMinimumK"":-0.0,""gapBelowSearchMaximumK"":0.0,""gapBelowCatalogCriticalK"":2.99999}",0.0,0.0,[],,"[""model Tmin materially warmer than catalog triple point; cold-side EOS support limit""]"
r125,R125,pure,Pentafluoroethane,unsupported,supported,R125,CoolProp pure-fluid EOS,coolprop-pt-7.2.0,,,,,,,-48.5,-100.63,66.023,bitzer-refreport-table;coolprop-mit,"{""ashrae_safety_group"":[""bitzer-refreport-table""],""chemical_name"":[""eu-2024-573""],""normal_boiling_c"":[""bitzer-refreport-table""],""odp"":[""bitzer-refreport-table""],""oil_notes"":[""bitzer-refreport-table""],""oil_notes_en"":[""bitzer-refreport-table""],""oil_possible"":[""bitzer-refreport-table""],""oil_typical"":[""bitzer-refreport-table""]}",-100.62999999999997,-100.62999999999997,-100.62999999999997,226.85000000000002,66.02728245610484,-99.62999999999997,63.02728245610484,0.0,0.0,0.004282,above_model_minimum_and_reported_triple_point,critical_margin_or_model_maximum,"{""nodeCount"":48,""minimumTemperatureC"":-99.63,""maximumTemperatureC"":63.0272824561,""temperatureSpanK"":162.657282,""minimumPressureBarAbsolute"":0.031947038605446,""maximumPressureBarAbsolute"":33.8736737511966,""offsetAboveModelEffectiveLowerBoundK"":1.0,""offsetAboveSearchMinimumK"":-0.0,""gapBelowSearchMaximumK"":0.0,""gapBelowCatalogCriticalK"":2.995718}","{""nodeCount"":48,""minimumTemperatureC"":-99.63,""maximumTemperatureC"":63.0272824561,""temperatureSpanK"":162.657282,""minimumPressureBarAbsolute"":0.031947038605446,""maximumPressureBarAbsolute"":33.8736737511966,""offsetAboveModelEffectiveLowerBoundK"":1.0,""offsetAboveSearchMinimumK"":-0.0,""gapBelowSearchMaximumK"":0.0,""gapBelowCatalogCriticalK"":2.995718}",0.0,0.0,[],,[]
r1270,R1270,pure,Propylene,unsupported,supported,R1270,CoolProp pure-fluid EOS,coolprop-pt-7.2.0,,,,,,,-47.6,-185.197,91.061,bitzer-refreport-table;coolprop-mit,"{""chemical_name"":[""coolprop-mit""],""normal_boiling_c"":[""bitzer-refreport-table""],""odp"":[""bitzer-refreport-table""],""oil_notes"":[""bitzer-refreport-table""],""oil_notes_en"":[""bitzer-refreport-table""],""oil_possible"":[""bitzer-refreport-table""],""oil_typical"":[""bitzer-refreport-table""]}",-185.19699999999997,-185.19699999999997,-185.19699999999997,301.85,91.0610025913478,-184.19699999999997,88.0610025913478,0.0,0.0,3e-06,above_model_minimum_and_reported_triple_point,critical_margin_or_model_maximum,"{""nodeCount"":123,""minimumTemperatureC"":-184.197,""maximumTemperatureC"":88.0610025913,""temperatureSpanK"":272.258003,""minimumPressureBarAbsolute"":1.09086264590524e-08,""maximumPressureBarAbsolute"":43.126380103862,""offsetAboveModelEffectiveLowerBoundK"":1.0,""offsetAboveSearchMinimumK"":-0.0,""gapBelowSearchMaximumK"":0.0,""gapBelowCatalogCriticalK"":2.999997}","{""nodeCount"":123,""minimumTemperatureC"":-184.197,""maximumTemperatureC"":88.0610025913,""temperatureSpanK"":272.258003,""minimumPressureBarAbsolute"":1.09086264590524e-08,""maximumPressureBarAbsolute"":43.126380103862,""offsetAboveModelEffectiveLowerBoundK"":1.0,""offsetAboveSearchMinimumK"":-0.0,""gapBelowSearchMaximumK"":0.0,""gapBelowCatalogCriticalK"":2.999997}",0.0,0.0,[],,[]
r13,R13,pure,Chlorotrifluoromethane,unsupported,supported,R13,CoolProp pure-fluid EOS,coolprop-pt-7.2.0,,,,,,,-81.4,-175.0,28.73,bitzer-refreport-table;coolprop-mit,"{""ashrae_safety_group"":[""coolprop-mit""],""chemical_name"":[""epa-ods-names""],""normal_boiling_c"":[""bitzer-refreport-table""],""odp"":[""eu-2024-590""],""oil_notes"":[""bitzer-refreport-table""],""oil_notes_en"":[""bitzer-refreport-table""],""oil_possible"":[""bitzer-refreport-table""],""oil_typical"":[""bitzer-refreport-table""]}",-174.99999999999997,-174.99999999999997,-174.99999999999997,176.85000000000002,29.899905634213383,-173.99999999999997,26.899905634213383,0.0,0.0,1.169906,above_model_minimum_and_reported_triple_point,critical_margin_or_model_maximum,"{""nodeCount"":95,""minimumTemperatureC"":-174.0,""maximumTemperatureC"":26.8999056342,""temperatureSpanK"":200.899906,""minimumPressureBarAbsolute"":1.24344154342118e-05,""maximumPressureBarAbsolute"":37.1586352467916,""offsetAboveModelEffectiveLowerBoundK"":1.0,""offsetAboveSearchMinimumK"":-0.0,""gapBelowSearchMaximumK"":0.0,""gapBelowCatalogCriticalK"":1.830094}","{""nodeCount"":95,""minimumTemperatureC"":-174.0,""maximumTemperatureC"":26.8999056342,""temperatureSpanK"":200.899906,""minimumPressureBarAbsolute"":1.24344154342118e-05,""maximumPressureBarAbsolute"":37.1586352467916,""offsetAboveModelEffectiveLowerBoundK"":1.0,""offsetAboveSearchMinimumK"":-0.0,""gapBelowSearchMaximumK"":0.0,""gapBelowCatalogCriticalK"":1.830094}",0.0,0.0,[],,[]
r1336mzze,R1336mzz(E),pure,"Trans-1,1,1,4,4,4-hexafluoro-2-butene",unsupported,supported,R1336mzz(E),CoolProp pure-fluid EOS,coolprop-pt-7.2.0,,,,,,,7.6,-73.0,130.38,bitzer-refreport-table;coolprop-mit,"{""ashrae_safety_group"":[""coolprop-mit""],""chemical_name"":[""epa-1336-isomers""],""gwp_eu_2024_573_100yr"":[""eu-2024-573""],""normal_boiling_c"":[""bitzer-refreport-table""],""odp"":[""coolprop-mit""]}",-72.99999999999997,-72.99999999999997,-72.99999999999997,136.85000000000002,130.3800000000283,-71.99999999999997,127.3800000000283,0.0,0.0,0.0,above_model_minimum_and_reported_triple_point,critical_margin_or_model_maximum,"{""nodeCount"":56,""minimumTemperatureC"":-72.0,""maximumTemperatureC"":127.38,""temperatureSpanK"":199.38,""minimumPressureBarAbsolute"":0.00713827326016527,""maximumPressureBarAbsolute"":26.1701269344203,""offsetAboveModelEffectiveLowerBoundK"":1.0,""offsetAboveSearchMinimumK"":-0.0,""gapBelowSearchMaximumK"":0.0,""gapBelowCatalogCriticalK"":3.0}","{""nodeCount"":56,""minimumTemperatureC"":-72.0,""maximumTemperatureC"":127.38,""temperatureSpanK"":199.38,""minimumPressureBarAbsolute"":0.00713827326016527,""maximumPressureBarAbsolute"":26.1701269344203,""offsetAboveModelEffectiveLowerBoundK"":1.0,""offsetAboveSearchMinimumK"":-0.0,""gapBelowSearchMaximumK"":0.0,""gapBelowCatalogCriticalK"":3.0}",0.0,0.0,[],,[]
r1336mzzz,R1336mzz(Z),pure,"Cis-1,1,1,4,4,4-hexafluoro-2-butene",unsupported,supported,R1336mzz(Z),upstream pure-fluid EOS JSON supplement,coolprop-eos-supplement-afce86f,R1336mzz(Z).json,1f293dbb0e264ed90d0762d049826ccf25feea6e9fc996de52bb4a58dbc76a8f,"[""McLinden-JCED-2020-R1336mzzZ""]",,,,33.5,-90.5,171.35,bitzer-refreport-table;coolprop-mit,"{""ashrae_safety_group"":[""coolprop-mit""],""chemical_name"":[""epa-1336-isomers""],""gwp_eu_2024_573_100yr"":[""eu-2024-573""],""normal_boiling_c"":[""bitzer-refreport-table""],""odp"":[""coolprop-mit""]}",-90.49999999999997,-90.49999999999997,-90.49999999999997,226.85000000000002,171.34999102533664,-89.49999999999997,168.34999102533664,0.0,0.0,-9e-06,above_model_minimum_and_reported_triple_point,critical_margin_or_model_maximum,"{""nodeCount"":75,""minimumTemperatureC"":-89.5,""maximumTemperatureC"":168.3499910253,""temperatureSpanK"":257.849991,""minimumPressureBarAbsolute"":0.000205504674671094,""maximumPressureBarAbsolute"":27.5344225325151,""offsetAboveModelEffectiveLowerBoundK"":1.0,""offsetAboveSearchMinimumK"":-0.0,""gapBelowSearchMaximumK"":0.0,""gapBelowCatalogCriticalK"":3.000009}","{""nodeCount"":75,""minimumTemperatureC"":-89.5,""maximumTemperatureC"":168.3499910253,""temperatureSpanK"":257.849991,""minimumPressureBarAbsolute"":0.000205504674671094,""maximumPressureBarAbsolute"":27.5344225325151,""offsetAboveModelEffectiveLowerBoundK"":1.0,""offsetAboveSearchMinimumK"":-0.0,""gapBelowSearchMaximumK"":0.0,""gapBelowCatalogCriticalK"":3.000009}",0.0,0.0,[],,[]
r134a,R134a,pure,"1,1,1,2-Tetrafluoroethane",unsupported,supported,R134a,CoolProp pure-fluid EOS,coolprop-pt-7.2.0,,,,,,,-26.1,-103.3,101.06,bitzer-refreport-table;coolprop-mit,"{""chemical_name"":[""arkema-r134a""],""normal_boiling_c"":[""bitzer-refreport-table""],""odp"":[""bitzer-refreport-table""],""oil_notes"":[""bitzer-refreport-table""],""oil_notes_en"":[""bitzer-refreport-table""],""oil_possible"":[""bitzer-refreport-table""],""oil_typical"":[""bitzer-refreport-table""]}",-103.29999999999998,-103.29999999999998,-103.29999999999998,181.85000000000002,101.06196658495134,-102.29999999999998,98.06196658495134,0.0,0.0,0.001967,above_model_minimum_and_reported_triple_point,critical_margin_or_model_maximum,"{""nodeCount"":59,""minimumTemperatureC"":-102.3,""maximumTemperatureC"":98.061966585,""temperatureSpanK"":200.361967,""minimumPressureBarAbsolute"":0.00435473662101754,""maximumPressureBarAbsolute"":38.1997202896331,""offsetAboveModelEffectiveLowerBoundK"":1.0,""offsetAboveSearchMinimumK"":-0.0,""gapBelowSearchMaximumK"":-0.0,""gapBelowCatalogCriticalK"":2.998033}","{""nodeCount"":59,""minimumTemperatureC"":-102.3,""maximumTemperatureC"":98.061966585,""temperatureSpanK"":200.361967,""minimumPressureBarAbsolute"":0.00435473662101754,""maximumPressureBarAbsolute"":38.1997202896331,""offsetAboveModelEffectiveLowerBoundK"":1.0,""offsetAboveSearchMinimumK"":-0.0,""gapBelowSearchMaximumK"":-0.0,""gapBelowCatalogCriticalK"":2.998033}",0.0,0.0,[],,[]
r13i1,R13I1,pure,Trifluoroiodomethane,unsupported,supported,R13I1,CoolProp pure-fluid EOS,coolprop-pt-7.2.0,,,,,,,,,,,"{""chemical_name"":[""epa-cf3i-identity-v3""],""ashrae_safety_group"":[""ashrae-handbook-f25-safety""]}",-153.14999999999998,-153.14999999999998,-153.14999999999998,146.85000000000002,123.28969044596568,-152.14999999999998,120.28969044596568,,,,above_model_minimum_and_reported_triple_point,critical_margin_or_model_maximum,"{""nodeCount"":97,""minimumTemperatureC"":-152.15,""maximumTemperatureC"":120.289690446,""temperatureSpanK"":272.43969,""minimumPressureBarAbsolute"":5.68578118888449e-06,""maximumPressureBarAbsolute"":37.5345931618515,""offsetAboveModelEffectiveLowerBoundK"":1.0,""offsetAboveSearchMinimumK"":-0.0,""gapBelowSearchMaximumK"":-0.0,""gapBelowCatalogCriticalK"":null}","{""nodeCount"":97,""minimumTemperatureC"":-152.15,""maximumTemperatureC"":120.289690446,""temperatureSpanK"":272.43969,""minimumPressureBarAbsolute"":5.68578118888449e-06,""maximumPressureBarAbsolute"":37.5345931618515,""offsetAboveModelEffectiveLowerBoundK"":1.0,""offsetAboveSearchMinimumK"":-0.0,""gapBelowSearchMaximumK"":-0.0,""gapBelowCatalogCriticalK"":null}",0.0,0.0,[],,[]
r14,R14,pure,Tetrafluoromethane,unsupported,supported,R14,CoolProp pure-fluid EOS,coolprop-pt-7.2.0,,,,,,,-127.9,-153.15,-45.64,bitzer-refreport-table;coolprop-mit,"{""ashrae_safety_group"":[""bitzer-refreport-table""],""chemical_name"":[""eu-2024-573""],""normal_boiling_c"":[""bitzer-refreport-table""],""odp"":[""bitzer-refreport-table""],""oil_notes"":[""bitzer-refreport-table""],""oil_notes_en"":[""bitzer-refreport-table""],""oil_typical"":[""bitzer-refreport-table""]}",-153.14999999999998,-153.14999999999998,-153.14999999999998,349.85,-45.75377152512965,-152.14999999999998,-48.75377152512965,0.0,0.0,-0.113772,above_model_minimum_and_reported_triple_point,critical_margin_or_model_maximum,"{""nodeCount"":39,""minimumTemperatureC"":-152.15,""maximumTemperatureC"":-48.7537715251,""temperatureSpanK"":103.396228,""minimumPressureBarAbsolute"":0.125756132373968,""maximumPressureBarAbsolute"":34.327837592144,""offsetAboveModelEffectiveLowerBoundK"":1.0,""offsetAboveSearchMinimumK"":-0.0,""gapBelowSearchMaximumK"":-0.0,""gapBelowCatalogCriticalK"":3.113772}","{""nodeCount"":39,""minimumTemperatureC"":-152.15,""maximumTemperatureC"":-48.7537715251,""temperatureSpanK"":103.396228,""minimumPressureBarAbsolute"":0.125756132373968,""maximumPressureBarAbsolute"":34.327837592144,""offsetAboveModelEffectiveLowerBoundK"":1.0,""offsetAboveSearchMinimumK"":-0.0,""gapBelowSearchMaximumK"":-0.0,""gapBelowCatalogCriticalK"":3.113772}",0.0,0.0,[],,[]
r141b,R141b,pure,Dichlorofluoroethane,unsupported,supported,R141b,CoolProp pure-fluid EOS,coolprop-pt-7.2.0,,,,,,,32.0,-103.47,204.35,bitzer-refreport-table;coolprop-mit,"{""chemical_name"":[""epa-ods-names""],""normal_boiling_c"":[""bitzer-refreport-table""],""odp"":[""eu-2024-590""],""oil_notes"":[""bitzer-refreport-table""],""oil_notes_en"":[""bitzer-refreport-table""],""oil_possible"":[""bitzer-refreport-table""],""oil_typical"":[""bitzer-refreport-table""]}",-103.46999999999997,-103.46999999999997,-103.46999999999997,226.85000000000002,204.35002770597333,-102.46999999999997,201.35002770597333,0.0,0.0,2.8e-05,above_model_minimum_and_reported_triple_point,critical_margin_or_model_maximum,"{""nodeCount"":88,""minimumTemperatureC"":-102.47,""maximumTemperatureC"":201.350027706,""temperatureSpanK"":303.820028,""minimumPressureBarAbsolute"":7.46967770122978e-05,""maximumPressureBarAbsolute"":40.2745576954365,""offsetAboveModelEffectiveLowerBoundK"":1.0,""offsetAboveSearchMinimumK"":-0.0,""gapBelowSearchMaximumK"":-0.0,""gapBelowCatalogCriticalK"":2.999972}","{""nodeCount"":88,""minimumTemperatureC"":-102.47,""maximumTemperatureC"":201.350027706,""temperatureSpanK"":303.820028,""minimumPressureBarAbsolute"":7.46967770122978e-05,""maximumPressureBarAbsolute"":40.2745576954365,""offsetAboveModelEffectiveLowerBoundK"":1.0,""offsetAboveSearchMinimumK"":-0.0,""gapBelowSearchMaximumK"":-0.0,""gapBelowCatalogCriticalK"":2.999972}",0.0,0.0,[],,[]
r142b,R142b,pure,Monochlorodifluoroethane,unsupported,supported,R142b,CoolProp pure-fluid EOS,coolprop-pt-7.2.0,,,,,,,-9.1,-130.43,137.11,bitzer-refreport-table;coolprop-mit,"{""ashrae_safety_group"":[""coolprop-mit""],""chemical_name"":[""epa-ods-names""],""normal_boiling_c"":[""bitzer-refreport-table""],""odp"":[""eu-2024-590""],""oil_notes"":[""bitzer-refreport-table""],""oil_notes_en"":[""bitzer-refreport-table""],""oil_possible"":[""bitzer-refreport-table""],""oil_typical"":[""bitzer-refreport-table""]}",-130.42999999999998,-130.42999999999998,-130.42999999999998,196.85000000000002,137.1102326520994,-129.42999999999998,134.1102326520994,0.0,0.0,0.000233,above_model_minimum_and_reported_triple_point,critical_margin_or_model_maximum,"{""nodeCount"":88,""minimumTemperatureC"":-129.43,""maximumTemperatureC"":134.1102326521,""temperatureSpanK"":263.540233,""minimumPressureBarAbsolute"":4.30168951141141e-05,""maximumPressureBarAbsolute"":38.4743341888971,""offsetAboveModelEffectiveLowerBoundK"":1.0,""offsetAboveSearchMinimumK"":-0.0,""gapBelowSearchMaximumK"":-0.0,""gapBelowCatalogCriticalK"":2.999767}","{""nodeCount"":88,""minimumTemperatureC"":-129.43,""maximumTemperatureC"":134.1102326521,""temperatureSpanK"":263.540233,""minimumPressureBarAbsolute"":4.30168951141141e-05,""maximumPressureBarAbsolute"":38.4743341888971,""offsetAboveModelEffectiveLowerBoundK"":1.0,""offsetAboveSearchMinimumK"":-0.0,""gapBelowSearchMaximumK"":-0.0,""gapBelowCatalogCriticalK"":2.999767}",0.0,0.0,[],,[]
r143a,R143a,pure,"1,1,1-Trifluoroethane",unsupported,supported,R143a,CoolProp pure-fluid EOS,coolprop-pt-7.2.0,,,,,,,-47.2,-111.81,72.707,bitzer-refreport-table;coolprop-mit,"{""ashrae_safety_group"":[""bitzer-refreport-table""],""chemical_name"":[""eu-2024-573""],""normal_boiling_c"":[""bitzer-refreport-table""],""odp"":[""bitzer-refreport-table""],""oil_notes"":[""bitzer-refreport-table""],""oil_notes_en"":[""bitzer-refreport-table""],""oil_possible"":[""bitzer-refreport-table""],""oil_typical"":[""bitzer-refreport-table""]}",-111.80999999999997,-111.80999999999997,-111.80999999999997,376.85,72.7070008678619,-110.80999999999997,69.7070008678619,0.0,0.0,1e-06,above_model_minimum_and_reported_triple_point,critical_margin_or_model_maximum,"{""nodeCount"":54,""minimumTemperatureC"":-110.81,""maximumTemperatureC"":69.7070008679,""temperatureSpanK"":180.517001,""minimumPressureBarAbsolute"":0.0119187543176014,""maximumPressureBarAbsolute"":35.3087050100102,""offsetAboveModelEffectiveLowerBoundK"":1.0,""offsetAboveSearchMinimumK"":-0.0,""gapBelowSearchMaximumK"":-0.0,""gapBelowCatalogCriticalK"":2.999999}","{""nodeCount"":54,""minimumTemperatureC"":-110.81,""maximumTemperatureC"":69.7070008679,""temperatureSpanK"":180.517001,""minimumPressureBarAbsolute"":0.0119187543176014,""maximumPressureBarAbsolute"":35.3087050100102,""offsetAboveModelEffectiveLowerBoundK"":1.0,""offsetAboveSearchMinimumK"":-0.0,""gapBelowSearchMaximumK"":-0.0,""gapBelowCatalogCriticalK"":2.999999}",0.0,0.0,[],,[]
r152a,R152A,pure,"1,1-Difluoroethane",unsupported,supported,R152A,CoolProp pure-fluid EOS,coolprop-pt-7.2.0,,,,,,,-24.0,-118.59,113.261,bitzer-refreport-table;coolprop-mit,"{""ashrae_safety_group"":[""coolprop-mit""],""chemical_name"":[""eu-2024-573""],""lower_flammability_limit_vol_pct"":[""chemours-a2l-charge-guidance""],""normal_boiling_c"":[""bitzer-refreport-table""],""odp"":[""bitzer-refreport-table""],""oil_notes"":[""bitzer-refreport-table""],""oil_notes_en"":[""bitzer-refreport-table""],""oil_possible"":[""bitzer-refreport-table""],""oil_typical"":[""bitzer-refreport-table""]}",-118.58999999999997,-118.58999999999997,-118.58999999999997,226.85000000000002,113.26099777721072,-117.58999999999997,110.26099777721072,0.0,0.0,-2e-06,above_model_minimum_and_reported_triple_point,critical_margin_or_model_maximum,"{""nodeCount"":72,""minimumTemperatureC"":-117.59,""maximumTemperatureC"":110.2609977772,""temperatureSpanK"":227.850998,""minimumPressureBarAbsolute"":0.000733272739172847,""maximumPressureBarAbsolute"":42.6427992422741,""offsetAboveModelEffectiveLowerBoundK"":1.0,""offsetAboveSearchMinimumK"":-0.0,""gapBelowSearchMaximumK"":0.0,""gapBelowCatalogCriticalK"":3.000002}","{""nodeCount"":72,""minimumTemperatureC"":-117.59,""maximumTemperatureC"":110.2609977772,""temperatureSpanK"":227.850998,""minimumPressureBarAbsolute"":0.000733272739172847,""maximumPressureBarAbsolute"":42.6427992422741,""offsetAboveModelEffectiveLowerBoundK"":1.0,""offsetAboveSearchMinimumK"":-0.0,""gapBelowSearchMaximumK"":0.0,""gapBelowCatalogCriticalK"":3.000002}",0.0,0.0,[],,[]
r161,R161,pure,Fluoroethane,unsupported,supported,R161,CoolProp pure-fluid EOS,coolprop-pt-7.2.0,,,,,,,,-143.15,102.1,coolprop-mit,"{""chemical_name"":[""eu-2024-573""]}",-143.14999999999998,-143.14999999999998,-143.14999999999998,176.85000000000002,102.09999890354493,-142.14999999999998,99.09999890354493,0.0,0.0,-1e-06,above_model_minimum_and_reported_triple_point,critical_margin_or_model_maximum,"{""nodeCount"":86,""minimumTemperatureC"":-142.15,""maximumTemperatureC"":99.0999989035,""temperatureSpanK"":241.249999,""minimumPressureBarAbsolute"":6.61740699376697e-05,""maximumPressureBarAbsolute"":47.3392184022072,""offsetAboveModelEffectiveLowerBoundK"":1.0,""offsetAboveSearchMinimumK"":-0.0,""gapBelowSearchMaximumK"":0.0,""gapBelowCatalogCriticalK"":3.000001}","{""nodeCount"":86,""minimumTemperatureC"":-142.15,""maximumTemperatureC"":99.0999989035,""temperatureSpanK"":241.249999,""minimumPressureBarAbsolute"":6.61740699376697e-05,""maximumPressureBarAbsolute"":47.3392184022072,""offsetAboveModelEffectiveLowerBoundK"":1.0,""offsetAboveSearchMinimumK"":-0.0,""gapBelowSearchMaximumK"":0.0,""gapBelowCatalogCriticalK"":3.000001}",0.0,0.0,[],,[]
r170,R170,pure,Ethane,unsupported,supported,R170,CoolProp pure-fluid EOS,coolprop-pt-7.2.0,,,,,,,-88.6,-182.782,32.172,bitzer-refreport-table;coolprop-mit,"{""ashrae_safety_group"":[""coolprop-mit""],""chemical_name"":[""coolprop-mit""],""normal_boiling_c"":[""bitzer-refreport-table""],""odp"":[""bitzer-refreport-table""],""oil_notes"":[""bitzer-refreport-table""],""oil_notes_en"":[""bitzer-refreport-table""],""oil_possible"":[""bitzer-refreport-table""],""oil_typical"":[""bitzer-refreport-table""]}",-182.78199999999998,-182.78199999999998,-182.78199999999998,401.85,32.172000000015544,-181.78199999999998,29.172000000015544,0.0,0.0,0.0,above_model_minimum_and_reported_triple_point,critical_margin_or_model_maximum,"{""nodeCount"":89,""minimumTemperatureC"":-181.782,""maximumTemperatureC"":29.172,""temperatureSpanK"":210.954,""minimumPressureBarAbsolute"":1.48161939748013e-05,""maximumPressureBarAbsolute"":45.750075795834,""offsetAboveModelEffectiveLowerBoundK"":1.0,""offsetAboveSearchMinimumK"":-0.0,""gapBelowSearchMaximumK"":0.0,""gapBelowCatalogCriticalK"":3.0}","{""nodeCount"":89,""minimumTemperatureC"":-181.782,""maximumTemperatureC"":29.172,""temperatureSpanK"":210.954,""minimumPressureBarAbsolute"":1.48161939748013e-05,""maximumPressureBarAbsolute"":45.750075795834,""offsetAboveModelEffectiveLowerBoundK"":1.0,""offsetAboveSearchMinimumK"":-0.0,""gapBelowSearchMaximumK"":0.0,""gapBelowCatalogCriticalK"":3.0}",0.0,0.0,[],,[]
r21,R21,pure,Dichlorofluoromethane,unsupported,supported,R21,CoolProp pure-fluid EOS,coolprop-pt-7.2.0,,,,,,,,-73.15,178.33,coolprop-mit,"{""ashrae_safety_group"":[""coolprop-mit""],""chemical_name"":[""epa-ods-names""],""odp"":[""eu-2024-590""]}",-73.14999999999998,-73.14999999999998,-73.14999999999998,199.85000000000002,179.5701623436206,-72.14999999999998,176.5701623436206,0.0,0.0,1.240162,above_model_minimum_and_reported_triple_point,critical_margin_or_model_maximum,"{""nodeCount"":64,""minimumTemperatureC"":-72.15,""maximumTemperatureC"":176.5701623436,""temperatureSpanK"":248.720162,""minimumPressureBarAbsolute"":0.00951207415847738,""maximumPressureBarAbsolute"":50.4592247973659,""offsetAboveModelEffectiveLowerBoundK"":1.0,""offsetAboveSearchMinimumK"":-0.0,""gapBelowSearchMaximumK"":0.0,""gapBelowCatalogCriticalK"":1.759838}","{""nodeCount"":64,""minimumTemperatureC"":-72.15,""maximumTemperatureC"":176.5701623436,""temperatureSpanK"":248.720162,""minimumPressureBarAbsolute"":0.00951207415847738,""maximumPressureBarAbsolute"":50.4592247973659,""offsetAboveModelEffectiveLowerBoundK"":1.0,""offsetAboveSearchMinimumK"":-0.0,""gapBelowSearchMaximumK"":0.0,""gapBelowCatalogCriticalK"":1.759838}",0.0,0.0,[],,[]
r218,R218,pure,Octafluoropropane,unsupported,supported,R218,CoolProp pure-fluid EOS,coolprop-pt-7.2.0,,,,,,,-36.8,-147.7,71.87,bitzer-refreport-table;coolprop-mit,"{""ashrae_safety_group"":[""coolprop-mit""],""chemical_name"":[""eu-2024-573""],""normal_boiling_c"":[""bitzer-refreport-table""],""odp"":[""bitzer-refreport-table""],""oil_notes"":[""bitzer-refreport-table""],""oil_notes_en"":[""bitzer-refreport-table""],""oil_typical"":[""bitzer-refreport-table""]}",-147.7,-147.7,-147.7,166.85000000000002,71.86996901445968,-146.7,68.86996901445968,0.0,0.0,-3.1e-05,above_model_minimum_and_reported_triple_point,critical_margin_or_model_maximum,"{""nodeCount"":84,""minimumTemperatureC"":-146.7,""maximumTemperatureC"":68.8699690145,""temperatureSpanK"":215.569969,""minimumPressureBarAbsolute"":2.46845907381658e-05,""maximumPressureBarAbsolute"":24.7089714504445,""offsetAboveModelEffectiveLowerBoundK"":1.0,""offsetAboveSearchMinimumK"":0.0,""gapBelowSearchMaximumK"":-0.0,""gapBelowCatalogCriticalK"":3.000031}","{""nodeCount"":84,""minimumTemperatureC"":-146.7,""maximumTemperatureC"":68.8699690145,""temperatureSpanK"":215.569969,""minimumPressureBarAbsolute"":2.46845907381658e-05,""maximumPressureBarAbsolute"":24.7089714504445,""offsetAboveModelEffectiveLowerBoundK"":1.0,""offsetAboveSearchMinimumK"":0.0,""gapBelowSearchMaximumK"":-0.0,""gapBelowCatalogCriticalK"":3.000031}",0.0,0.0,[],,[]
r22,R22,pure,Monochlorodifluoromethane,unsupported,supported,R22,CoolProp pure-fluid EOS,coolprop-pt-7.2.0,,,,,,,-40.7,-157.42,96.145,bitzer-refreport-table;coolprop-mit,"{""chemical_name"":[""epa-ods-names""],""normal_boiling_c"":[""bitzer-refreport-table""],""odp"":[""eu-2024-590""],""oil_notes"":[""bitzer-refreport-table""],""oil_notes_en"":[""bitzer-refreport-table""],""oil_possible"":[""bitzer-refreport-table""],""oil_typical"":[""bitzer-refreport-table""]}",-157.41999999999996,-157.41999999999996,-157.41999999999996,276.85,96.14500000802741,-156.41999999999996,93.14500000802741,0.0,0.0,0.0,above_model_minimum_and_reported_triple_point,critical_margin_or_model_maximum,"{""nodeCount"":96,""minimumTemperatureC"":-156.42,""maximumTemperatureC"":93.145000008,""temperatureSpanK"":249.565,""minimumPressureBarAbsolute"":4.79079255719109e-06,""maximumPressureBarAbsolute"":47.1439571873553,""offsetAboveModelEffectiveLowerBoundK"":1.0,""offsetAboveSearchMinimumK"":-0.0,""gapBelowSearchMaximumK"":0.0,""gapBelowCatalogCriticalK"":3.0}","{""nodeCount"":96,""minimumTemperatureC"":-156.42,""maximumTemperatureC"":93.145000008,""temperatureSpanK"":249.565,""minimumPressureBarAbsolute"":4.79079255719109e-06,""maximumPressureBarAbsolute"":47.1439571873553,""offsetAboveModelEffectiveLowerBoundK"":1.0,""offsetAboveSearchMinimumK"":-0.0,""gapBelowSearchMaximumK"":0.0,""gapBelowCatalogCriticalK"":3.0}",0.0,0.0,[],,[]
r227ea,R227EA,pure,"1,1,1,2,3,3,3-Heptafluoropropane",unsupported,supported,R227EA,CoolProp pure-fluid EOS,coolprop-pt-7.2.0,,,,,,,-16.3,-126.8,101.75000000000003,bitzer-refreport-table;coolprop-mit,"{""ashrae_safety_group"":[""coolprop-mit""],""chemical_name"":[""eu-2024-573""],""normal_boiling_c"":[""bitzer-refreport-table""],""odp"":[""bitzer-refreport-table""],""oil_notes"":[""bitzer-refreport-table""],""oil_notes_en"":[""bitzer-refreport-table""],""oil_possible"":[""bitzer-refreport-table""],""oil_typical"":[""bitzer-refreport-table""]}",-126.79999999999998,-126.79999999999998,-126.79999999999998,201.85000000000002,101.7501034452502,-125.79999999999998,98.7501034452502,0.0,0.0,0.000103,above_model_minimum_and_reported_triple_point,critical_margin_or_model_maximum,"{""nodeCount"":79,""minimumTemperatureC"":-125.8,""maximumTemperatureC"":98.7501034453,""temperatureSpanK"":224.550103,""minimumPressureBarAbsolute"":8.65262297693748e-05,""maximumPressureBarAbsolute"":27.5059487975902,""offsetAboveModelEffectiveLowerBoundK"":1.0,""offsetAboveSearchMinimumK"":-0.0,""gapBelowSearchMaximumK"":-0.0,""gapBelowCatalogCriticalK"":2.999897}","{""nodeCount"":79,""minimumTemperatureC"":-125.8,""maximumTemperatureC"":98.7501034453,""temperatureSpanK"":224.550103,""minimumPressureBarAbsolute"":8.65262297693748e-05,""maximumPressureBarAbsolute"":27.5059487975902,""offsetAboveModelEffectiveLowerBoundK"":1.0,""offsetAboveSearchMinimumK"":-0.0,""gapBelowSearchMaximumK"":-0.0,""gapBelowCatalogCriticalK"":2.999897}",0.0,0.0,[],,[]
r23,R23,pure,Trifluoromethane,unsupported,supported,R23,CoolProp pure-fluid EOS,coolprop-pt-7.2.0,,,,,,,-82.0,-155.13,26.143,bitzer-refreport-table;coolprop-mit,"{""ashrae_safety_group"":[""coolprop-mit""],""chemical_name"":[""eu-2024-573""],""normal_boiling_c"":[""bitzer-refreport-table""],""odp"":[""bitzer-refreport-table""],""oil_notes"":[""bitzer-refreport-table""],""oil_notes_en"":[""bitzer-refreport-table""],""oil_possible"":[""bitzer-refreport-table""],""oil_typical"":[""bitzer-refreport-table""]}",-155.13,-155.13,-155.13,201.85000000000002,26.143048971673124,-154.13,23.143048971673124,0.0,0.0,4.9e-05,above_model_minimum_and_reported_triple_point,critical_margin_or_model_maximum,"{""nodeCount"":71,""minimumTemperatureC"":-154.13,""maximumTemperatureC"":23.1430489717,""temperatureSpanK"":177.273049,""minimumPressureBarAbsolute"":0.000691720789262951,""maximumPressureBarAbsolute"":44.914853483722,""offsetAboveModelEffectiveLowerBoundK"":1.0,""offsetAboveSearchMinimumK"":0.0,""gapBelowSearchMaximumK"":-0.0,""gapBelowCatalogCriticalK"":2.999951}","{""nodeCount"":71,""minimumTemperatureC"":-154.13,""maximumTemperatureC"":23.1430489717,""temperatureSpanK"":177.273049,""minimumPressureBarAbsolute"":0.000691720789262951,""maximumPressureBarAbsolute"":44.914853483722,""offsetAboveModelEffectiveLowerBoundK"":1.0,""offsetAboveSearchMinimumK"":0.0,""gapBelowSearchMaximumK"":-0.0,""gapBelowCatalogCriticalK"":2.999951}",0.0,0.0,[],,[]
r236ea,R236EA,pure,"1,1,1,2,3,3-Hexafluoropropane",unsupported,supported,R236EA,CoolProp pure-fluid EOS,coolprop-pt-7.2.0,,,,,,,,-30.15,139.29,coolprop-mit,"{""chemical_name"":[""eu-2024-573""]}",-30.149999999999977,-30.149999999999977,-30.149999999999977,138.85000000000002,139.25899003386525,-29.149999999999977,136.25899003386525,0.0,0.0,-0.03101,above_model_minimum_and_reported_triple_point,critical_margin_or_model_maximum,"{""nodeCount"":41,""minimumTemperatureC"":-29.15,""maximumTemperatureC"":136.2589900339,""temperatureSpanK"":165.40899,""minimumPressureBarAbsolute"":0.185273603509562,""maximumPressureBarAbsolute"":32.2714106878112,""offsetAboveModelEffectiveLowerBoundK"":1.0,""offsetAboveSearchMinimumK"":-0.0,""gapBelowSearchMaximumK"":-0.0,""gapBelowCatalogCriticalK"":3.03101}","{""nodeCount"":41,""minimumTemperatureC"":-29.15,""maximumTemperatureC"":136.2589900339,""temperatureSpanK"":165.40899,""minimumPressureBarAbsolute"":0.185273603509562,""maximumPressureBarAbsolute"":32.2714106878112,""offsetAboveModelEffectiveLowerBoundK"":1.0,""offsetAboveSearchMinimumK"":-0.0,""gapBelowSearchMaximumK"":-0.0,""gapBelowCatalogCriticalK"":3.03101}",0.0,0.0,[],,[]
r236fa,R236FA,pure,"1,1,1,3,3,3-Hexafluoropropane",unsupported,supported,R236FA,CoolProp pure-fluid EOS,coolprop-pt-7.2.0,,,,,,,-1.5,-93.54999999999998,124.92,bitzer-refreport-table;coolprop-mit,"{""ashrae_safety_group"":[""coolprop-mit""],""chemical_name"":[""eu-2024-573""],""normal_boiling_c"":[""bitzer-refreport-table""],""odp"":[""bitzer-refreport-table""],""oil_notes"":[""bitzer-refreport-table""],""oil_notes_en"":[""bitzer-refreport-table""],""oil_possible"":[""bitzer-refreport-table""],""oil_typical"":[""bitzer-refreport-table""]}",-93.54999999999995,-93.54999999999995,-93.54999999999995,126.85000000000002,124.92005160523104,-92.54999999999995,121.92005160523104,0.0,0.0,5.2e-05,above_model_minimum_and_reported_triple_point,critical_margin_or_model_maximum,"{""nodeCount"":63,""minimumTemperatureC"":-92.55,""maximumTemperatureC"":121.9200516052,""temperatureSpanK"":214.470052,""minimumPressureBarAbsolute"":0.00179978471457508,""maximumPressureBarAbsolute"":30.0837088390243,""offsetAboveModelEffectiveLowerBoundK"":1.0,""offsetAboveSearchMinimumK"":-0.0,""gapBelowSearchMaximumK"":0.0,""gapBelowCatalogCriticalK"":2.999948}","{""nodeCount"":63,""minimumTemperatureC"":-92.55,""maximumTemperatureC"":121.9200516052,""temperatureSpanK"":214.470052,""minimumPressureBarAbsolute"":0.00179978471457508,""maximumPressureBarAbsolute"":30.0837088390243,""offsetAboveModelEffectiveLowerBoundK"":1.0,""offsetAboveSearchMinimumK"":-0.0,""gapBelowSearchMaximumK"":0.0,""gapBelowCatalogCriticalK"":2.999948}",0.0,0.0,[],,[]
r245ca,R245ca,pure,"1,1,2,2,3-Pentafluoropropane",unsupported,supported,R245ca,CoolProp pure-fluid EOS,coolprop-pt-7.2.0,,,,,,,,-77.15,174.42,coolprop-mit,"{""chemical_name"":[""eu-2024-573""]}",-77.14999999999998,-77.14999999999998,-77.14999999999998,176.85000000000002,174.4199955219675,-76.14999999999998,171.4199955219675,0.0,0.0,-4e-06,above_model_minimum_and_reported_triple_point,critical_margin_or_model_maximum,"{""nodeCount"":68,""minimumTemperatureC"":-76.15,""maximumTemperatureC"":171.419995522,""temperatureSpanK"":247.569996,""minimumPressureBarAbsolute"":0.0013204150707362,""maximumPressureBarAbsolute"":37.4187140399993,""offsetAboveModelEffectiveLowerBoundK"":1.0,""offsetAboveSearchMinimumK"":-0.0,""gapBelowSearchMaximumK"":-0.0,""gapBelowCatalogCriticalK"":3.000004}","{""nodeCount"":68,""minimumTemperatureC"":-76.15,""maximumTemperatureC"":171.419995522,""temperatureSpanK"":247.569996,""minimumPressureBarAbsolute"":0.0013204150707362,""maximumPressureBarAbsolute"":37.4187140399993,""offsetAboveModelEffectiveLowerBoundK"":1.0,""offsetAboveSearchMinimumK"":-0.0,""gapBelowSearchMaximumK"":-0.0,""gapBelowCatalogCriticalK"":3.000004}",0.0,0.0,[],,[]
r245fa,R245fa,pure,"1,1,1,3,3-Pentafluoropropane",unsupported,supported,R245fa,CoolProp pure-fluid EOS,coolprop-pt-7.2.0,,,,,,,15.1,-102.1,153.86,bitzer-refreport-table;coolprop-mit,"{""ashrae_safety_group"":[""coolprop-mit""],""chemical_name"":[""eu-2024-573""],""normal_boiling_c"":[""bitzer-refreport-table""],""odp"":[""bitzer-refreport-table""],""oil_notes"":[""bitzer-refreport-table""],""oil_notes_en"":[""bitzer-refreport-table""],""oil_typical"":[""bitzer-refreport-table""]}",-102.09999999999997,-102.09999999999997,-102.09999999999997,166.85000000000002,153.85998969559256,-101.09999999999997,150.85998969559256,0.0,0.0,-1e-05,above_model_minimum_and_reported_triple_point,critical_margin_or_model_maximum,"{""nodeCount"":78,""minimumTemperatureC"":-101.1,""maximumTemperatureC"":150.8599896956,""temperatureSpanK"":251.95999,""minimumPressureBarAbsolute"":0.000158145771328422,""maximumPressureBarAbsolute"":34.5819848021541,""offsetAboveModelEffectiveLowerBoundK"":1.0,""offsetAboveSearchMinimumK"":-0.0,""gapBelowSearchMaximumK"":-0.0,""gapBelowCatalogCriticalK"":3.00001}","{""nodeCount"":78,""minimumTemperatureC"":-101.1,""maximumTemperatureC"":150.8599896956,""temperatureSpanK"":251.95999,""minimumPressureBarAbsolute"":0.000158145771328422,""maximumPressureBarAbsolute"":34.5819848021541,""offsetAboveModelEffectiveLowerBoundK"":1.0,""offsetAboveSearchMinimumK"":-0.0,""gapBelowSearchMaximumK"":-0.0,""gapBelowCatalogCriticalK"":3.00001}",0.0,0.0,[],,[]
r290,R290,pure,n-Propane,unsupported,supported,R290,CoolProp pure-fluid EOS,coolprop-pt-7.2.0,,,,,,,-42.1,-187.625,96.74,bitzer-refreport-table;coolprop-mit,"{""autoignition_c"":[""ul-flammable-whitepaper""],""chemical_name"":[""coolprop-mit""],""lower_flammability_limit_vol_pct"":[""ul-flammable-whitepaper""],""normal_boiling_c"":[""bitzer-refreport-table""],""odp"":[""bitzer-refreport-table""],""oil_notes"":[""bitzer-refreport-table""],""oil_notes_en"":[""bitzer-refreport-table""],""oil_possible"":[""bitzer-refreport-table""],""oil_typical"":[""bitzer-refreport-table""]}",-187.62499999999997,-187.62499999999997,-187.62499999999997,376.85,96.74000895096344,-186.62499999999997,93.74000895096344,0.0,0.0,9e-06,above_model_minimum_and_reported_triple_point,critical_margin_or_model_maximum,"{""nodeCount"":128,""minimumTemperatureC"":-186.625,""maximumTemperatureC"":93.740008951,""temperatureSpanK"":280.365009,""minimumPressureBarAbsolute"":2.57350275993774e-09,""maximumPressureBarAbsolute"":40.2700928072916,""offsetAboveModelEffectiveLowerBoundK"":1.0,""offsetAboveSearchMinimumK"":-0.0,""gapBelowSearchMaximumK"":-0.0,""gapBelowCatalogCriticalK"":2.999991}","{""nodeCount"":128,""minimumTemperatureC"":-186.625,""maximumTemperatureC"":93.740008951,""temperatureSpanK"":280.365009,""minimumPressureBarAbsolute"":2.57350275993774e-09,""maximumPressureBarAbsolute"":40.2700928072916,""offsetAboveModelEffectiveLowerBoundK"":1.0,""offsetAboveSearchMinimumK"":-0.0,""gapBelowSearchMaximumK"":-0.0,""gapBelowCatalogCriticalK"":2.999991}",0.0,0.0,[],,[]
r31,R31,pure,Monochlorofluoromethane,unsupported,unsupported,,,,,,,,no_exact_coolprop_fluid_or_predefined_mixture,no exact CoolProp 7.2.0 or pinned supplement pure-fluid EOS (R31),,,,,"{""chemical_name"":[""epa-ods-r31-v3""],""euAnnex"":[""eu-2024-590""],""gwp_eu_2024_590_100yr"":[""eu-2024-590""],""odp"":[""eu-2024-590""]}",,,,,,,,,,,,,,,,,[],,"[""unsupported: no P-T saturation curve shipped""]"
r32,R32,pure,Difluoromethane,unsupported,supported,R32,CoolProp pure-fluid EOS,coolprop-pt-7.2.0,,,,,,,-51.7,-136.81,78.105,bitzer-refreport-table;coolprop-mit,"{""chemical_name"":[""eu-2024-573""],""lower_flammability_limit_vol_pct"":[""daikin-r32-sds-2023""],""normal_boiling_c"":[""bitzer-refreport-table""],""odp"":[""bitzer-refreport-table""],""oil_notes"":[""bitzer-refreport-table""],""oil_notes_en"":[""bitzer-refreport-table""],""oil_possible"":[""bitzer-refreport-table""],""oil_typical"":[""bitzer-refreport-table""]}",-136.80999999999997,-136.80999999999997,-136.80999999999997,161.85000000000002,78.10500044943205,-135.80999999999997,75.10500044943205,0.0,0.0,0.0,above_model_minimum_and_reported_triple_point,critical_margin_or_model_maximum,"{""nodeCount"":74,""minimumTemperatureC"":-135.81,""maximumTemperatureC"":75.1050004494,""temperatureSpanK"":210.915,""minimumPressureBarAbsolute"":0.00056031826047477,""maximumPressureBarAbsolute"":54.2875157360719,""offsetAboveModelEffectiveLowerBoundK"":1.0,""offsetAboveSearchMinimumK"":-0.0,""gapBelowSearchMaximumK"":0.0,""gapBelowCatalogCriticalK"":3.0}","{""nodeCount"":74,""minimumTemperatureC"":-135.81,""maximumTemperatureC"":75.1050004494,""temperatureSpanK"":210.915,""minimumPressureBarAbsolute"":0.00056031826047477,""maximumPressureBarAbsolute"":54.2875157360719,""offsetAboveModelEffectiveLowerBoundK"":1.0,""offsetAboveSearchMinimumK"":-0.0,""gapBelowSearchMaximumK"":0.0,""gapBelowCatalogCriticalK"":3.0}",0.0,0.0,[],,[]
r365mfc,R365MFC,pure,"1,1,1,3,3-Pentafluorobutane",unsupported,supported,R365MFC,CoolProp pure-fluid EOS,coolprop-pt-7.2.0,,,,,,,,-34.15,186.85,coolprop-mit,"{""chemical_name"":[""eu-2024-573""]}",-34.14999999999998,-34.14999999999998,-34.14999999999998,226.85000000000002,186.8531716751766,-33.14999999999998,183.8531716751766,0.0,0.0,0.003172,above_model_minimum_and_reported_triple_point,critical_margin_or_model_maximum,"{""nodeCount"":54,""minimumTemperatureC"":-33.15,""maximumTemperatureC"":183.8531716752,""temperatureSpanK"":217.003172,""minimumPressureBarAbsolute"":0.0265472923251106,""maximumPressureBarAbsolute"":31.0047630722444,""offsetAboveModelEffectiveLowerBoundK"":1.0,""offsetAboveSearchMinimumK"":-0.0,""gapBelowSearchMaximumK"":-0.0,""gapBelowCatalogCriticalK"":2.996828}","{""nodeCount"":54,""minimumTemperatureC"":-33.15,""maximumTemperatureC"":183.8531716752,""temperatureSpanK"":217.003172,""minimumPressureBarAbsolute"":0.0265472923251106,""maximumPressureBarAbsolute"":31.0047630722444,""offsetAboveModelEffectiveLowerBoundK"":1.0,""offsetAboveSearchMinimumK"":-0.0,""gapBelowSearchMaximumK"":-0.0,""gapBelowCatalogCriticalK"":2.996828}",0.0,0.0,[],,[]
r40,R40,pure,Methyl chloride,unsupported,supported,R40,CoolProp pure-fluid EOS,coolprop-pt-7.2.0,,,,,,,-23.8,-43.15,143.15,bitzer-refreport-table;coolprop-mit,"{""ashrae_safety_group"":[""bitzer-refreport-table""],""chemical_name"":[""ul-r40-name""],""normal_boiling_c"":[""bitzer-refreport-table""],""odp"":[""bitzer-refreport-table""],""oil_notes"":[""bitzer-refreport-table""],""oil_notes_en"":[""bitzer-refreport-table""],""oil_typical"":[""bitzer-refreport-table""]}",-43.14999999999998,-43.14999999999998,-43.14999999999998,456.85,145.4756521058676,-42.14999999999998,142.4756521058676,0.0,0.0,2.325652,above_model_minimum_and_reported_triple_point,critical_margin_or_model_maximum,"{""nodeCount"":42,""minimumTemperatureC"":-42.15,""maximumTemperatureC"":142.4756521059,""temperatureSpanK"":184.625652,""minimumPressureBarAbsolute"":0.427319292747648,""maximumPressureBarAbsolute"":66.2151760243991,""offsetAboveModelEffectiveLowerBoundK"":1.0,""offsetAboveSearchMinimumK"":-0.0,""gapBelowSearchMaximumK"":-0.0,""gapBelowCatalogCriticalK"":0.674348}","{""nodeCount"":42,""minimumTemperatureC"":-42.15,""maximumTemperatureC"":142.4756521059,""temperatureSpanK"":184.625652,""minimumPressureBarAbsolute"":0.427319292747648,""maximumPressureBarAbsolute"":66.2151760243991,""offsetAboveModelEffectiveLowerBoundK"":1.0,""offsetAboveSearchMinimumK"":-0.0,""gapBelowSearchMaximumK"":-0.0,""gapBelowCatalogCriticalK"":0.674348}",0.0,0.0,[],,"[""model critical temperature differs from catalog by >2 K""]"
r401a,R401A,blend,R401A,unsupported,unsupported,,,,,,,,no_exact_coolprop_fluid_or_predefined_mixture,no exact CoolProp 7.2.0 predefined mixture or explicit composition recipe,-32.9,,,bitzer-refreport-table,"{""ashrae_safety_group"":[""bitzer-refreport-table""],""molar_mass_g_mol"":[""bitzer-refreport-table""],""nominal_glide_k"":[""bitzer-refreport-table""],""normal_boiling_c"":[""bitzer-refreport-table""],""odp"":[""bitzer-refreport-table""],""oil_notes"":[""bitzer-refreport-table""],""oil_notes_en"":[""bitzer-refreport-table""],""oil_possible"":[""bitzer-refreport-table""],""oil_typical"":[""bitzer-refreport-table""]}",,,,,,,,,,,,,,,,,[],,"[""unsupported: no P-T saturation curve shipped""]"
r401b,R401B,blend,R401B,unsupported,unsupported,,,,,,,,no_exact_coolprop_fluid_or_predefined_mixture,no exact CoolProp 7.2.0 predefined mixture or explicit composition recipe,-34.6,,,bitzer-refreport-table,"{""ashrae_safety_group"":[""bitzer-refreport-table""],""molar_mass_g_mol"":[""bitzer-refreport-table""],""nominal_glide_k"":[""bitzer-refreport-table""],""normal_boiling_c"":[""bitzer-refreport-table""],""odp"":[""bitzer-refreport-table""],""oil_notes"":[""bitzer-refreport-table""],""oil_notes_en"":[""bitzer-refreport-table""],""oil_possible"":[""bitzer-refreport-table""],""oil_typical"":[""bitzer-refreport-table""]}",,,,,,,,,,,,,,,,,[],,"[""unsupported: no P-T saturation curve shipped""]"
r401c,R401C,blend,R401C,unsupported,unsupported,,,,,,,,no_exact_coolprop_fluid_or_predefined_mixture,no exact CoolProp 7.2.0 predefined mixture or explicit composition recipe,,,,,"{""ashrae_safety_group"":[""ashrae-handbook-f25-safety""]}",,,,,,,,,,,,,,,,,[],,"[""unsupported: no P-T saturation curve shipped""]"
r402a,R402A,blend,R402A,unsupported,unsupported,,,,,,,,no_exact_coolprop_fluid_or_predefined_mixture,no exact CoolProp 7.2.0 predefined mixture or explicit composition recipe,-48.9,,,bitzer-refreport-table,"{""ashrae_safety_group"":[""bitzer-refreport-table""],""molar_mass_g_mol"":[""bitzer-refreport-table""],""nominal_glide_k"":[""bitzer-refreport-table""],""normal_boiling_c"":[""bitzer-refreport-table""],""odp"":[""bitzer-refreport-table""],""oil_notes"":[""bitzer-refreport-table""],""oil_notes_en"":[""bitzer-refreport-table""],""oil_typical"":[""bitzer-refreport-table""]}",,,,,,,,,,,,,,,,,[],,"[""unsupported: no P-T saturation curve shipped""]"
r402b,R402B,blend,R402B,unsupported,unsupported,,,,,,,,no_exact_coolprop_fluid_or_predefined_mixture,no exact CoolProp 7.2.0 predefined mixture or explicit composition recipe,-47.0,,,bitzer-refreport-table,"{""ashrae_safety_group"":[""bitzer-refreport-table""],""molar_mass_g_mol"":[""bitzer-refreport-table""],""nominal_glide_k"":[""bitzer-refreport-table""],""normal_boiling_c"":[""bitzer-refreport-table""],""odp"":[""bitzer-refreport-table""],""oil_notes"":[""bitzer-refreport-table""],""oil_notes_en"":[""bitzer-refreport-table""],""oil_typical"":[""bitzer-refreport-table""]}",,,,,,,,,,,,,,,,,[],,"[""unsupported: no P-T saturation curve shipped""]"
r403a,R403A,blend,R403A,unsupported,unsupported,,,,,,,,no_exact_coolprop_fluid_or_predefined_mixture,no exact CoolProp 7.2.0 predefined mixture or explicit composition recipe,-47.4,,,bitzer-refreport-table,"{""ashrae_safety_group"":[""bitzer-refreport-table""],""molar_mass_g_mol"":[""bitzer-refreport-table""],""nominal_glide_k"":[""bitzer-refreport-table""],""normal_boiling_c"":[""bitzer-refreport-table""],""odp"":[""bitzer-refreport-table""],""oil_notes"":[""bitzer-refreport-table""],""oil_notes_en"":[""bitzer-refreport-table""],""oil_typical"":[""bitzer-refreport-table""]}",,,,,,,,,,,,,,,,,[],,"[""unsupported: no P-T saturation curve shipped""]"
r403b,R403B,blend,R403B,unsupported,unsupported,,,,,,,,no_exact_coolprop_fluid_or_predefined_mixture,no exact CoolProp 7.2.0 predefined mixture or explicit composition recipe,-48.6,,,bitzer-refreport-table,"{""ashrae_safety_group"":[""bitzer-refreport-table""],""molar_mass_g_mol"":[""bitzer-refreport-table""],""nominal_glide_k"":[""bitzer-refreport-table""],""normal_boiling_c"":[""bitzer-refreport-table""],""odp"":[""bitzer-refreport-table""],""oil_notes"":[""bitzer-refreport-table""],""oil_notes_en"":[""bitzer-refreport-table""],""oil_typical"":[""bitzer-refreport-table""]}",,,,,,,,,,,,,,,,,[],,"[""unsupported: no P-T saturation curve shipped""]"
r404a,R404A,blend,R404A,unsupported,supported,R404A,designation-specific pseudo-pure EOS,coolprop-pt-7.2.0,,,,,,,-46.2,,,bitzer-refreport-table,"{""molar_mass_g_mol"":[""bitzer-refreport-table""],""nominal_glide_k"":[""bitzer-refreport-table""],""normal_boiling_c"":[""bitzer-refreport-table""],""odp"":[""bitzer-refreport-table""],""oil_notes"":[""bitzer-refreport-table""],""oil_notes_en"":[""bitzer-refreport-table""],""oil_possible"":[""bitzer-refreport-table""],""oil_typical"":[""bitzer-refreport-table""]}",-73.14999999999998,-73.14999999999998,-73.14999999999998,226.85000000000002,72.12,-72.14999999999998,69.12,,,,above_model_minimum_and_reported_triple_point,critical_margin_or_model_maximum,"{""nodeCount"":38,""minimumTemperatureC"":-72.15,""maximumTemperatureC"":69.12,""temperatureSpanK"":141.27,""minimumPressureBarAbsolute"":0.24150572439954,""maximumPressureBarAbsolute"":35.0611301543773,""offsetAboveModelEffectiveLowerBoundK"":1.0,""offsetAboveSearchMinimumK"":-0.0,""gapBelowSearchMaximumK"":0.0,""gapBelowCatalogCriticalK"":null}","{""nodeCount"":39,""minimumTemperatureC"":-72.15,""maximumTemperatureC"":69.12,""temperatureSpanK"":141.27,""minimumPressureBarAbsolute"":0.227052161096533,""maximumPressureBarAbsolute"":34.9627705881743,""offsetAboveModelEffectiveLowerBoundK"":1.0,""offsetAboveSearchMinimumK"":-0.0,""gapBelowSearchMaximumK"":0.0,""gapBelowCatalogCriticalK"":null}",0.0,0.0,[],,[]
r405a,R405A,blend,R405A,unsupported,unsupported,,,,,,,,no_exact_coolprop_fluid_or_predefined_mixture,no exact CoolProp 7.2.0 predefined mixture or explicit composition recipe,,,,,{},,,,,,,,,,,,,,,,,[],,"[""unsupported: no P-T saturation curve shipped""]"
r406a,R406A,blend,R406A,unsupported,unsupported,,,,,,,,no_exact_coolprop_fluid_or_predefined_mixture,no exact CoolProp 7.2.0 predefined mixture or explicit composition recipe,,,,,"{""ashrae_safety_group"":[""epa-snap-transport-preview""]}",,,,,,,,,,,,,,,,,[],,"[""unsupported: no P-T saturation curve shipped""]"
r406b,R406B,blend,R406B,unsupported,unsupported,,,,,,,,no_exact_coolprop_fluid_or_predefined_mixture,no exact CoolProp 7.2.0 predefined mixture or explicit composition recipe,,,,,{},,,,,,,,,,,,,,,,,[],,"[""unsupported: no P-T saturation curve shipped""]"
r407a,R407A,blend,R407A,unsupported,supported,R407A.mix,CoolProp predefined mixture,coolprop-pt-7.2.0,,,,,,,-45.2,,,bitzer-refreport-table,"{""ashrae_safety_group"":[""bitzer-refreport-table""],""molar_mass_g_mol"":[""bitzer-refreport-table""],""nominal_glide_k"":[""bitzer-refreport-table""],""normal_boiling_c"":[""bitzer-refreport-table""],""odp"":[""bitzer-refreport-table""],""oil_notes"":[""bitzer-refreport-table""],""oil_notes_en"":[""bitzer-refreport-table""],""oil_possible"":[""bitzer-refreport-table""],""oil_typical"":[""bitzer-refreport-table""]}",-114.10668679548493,-114.10668679548493,-114.10668679548493,188.43580275792834,82.24686697162866,-113.10668679548493,79.24686697162866,,,,above_model_minimum_and_reported_triple_point,critical_margin_or_model_maximum,"{""nodeCount"":58,""minimumTemperatureC"":-113.1066867955,""maximumTemperatureC"":79.2468669716,""temperatureSpanK"":192.353554,""minimumPressureBarAbsolute"":0.00668234423861171,""maximumPressureBarAbsolute"":42.9990399539413,""offsetAboveModelEffectiveLowerBoundK"":1.0,""offsetAboveSearchMinimumK"":-0.0,""gapBelowSearchMaximumK"":0.0,""gapBelowCatalogCriticalK"":null}","{""nodeCount"":62,""minimumTemperatureC"":-113.1066867955,""maximumTemperatureC"":76.8933132045,""temperatureSpanK"":190.0,""minimumPressureBarAbsolute"":0.00271973467696361,""maximumPressureBarAbsolute"":39.4564450557109,""offsetAboveModelEffectiveLowerBoundK"":1.0,""offsetAboveSearchMinimumK"":-0.0,""gapBelowSearchMaximumK"":2.353554,""gapBelowCatalogCriticalK"":null}",0.0,2.353554,[],,[]
r407b,R407B,blend,R407B,unsupported,supported,R407B.mix,CoolProp predefined mixture,coolprop-pt-7.2.0,,,,,,,-46.5,,,bitzer-refreport-table,"{""ashrae_safety_group"":[""bitzer-refreport-table""],""molar_mass_g_mol"":[""bitzer-refreport-table""],""nominal_glide_k"":[""bitzer-refreport-table""],""normal_boiling_c"":[""bitzer-refreport-table""],""odp"":[""bitzer-refreport-table""],""oil_notes"":[""bitzer-refreport-table""],""oil_notes_en"":[""bitzer-refreport-table""],""oil_typical"":[""bitzer-refreport-table""]}",-108.32749393958073,-108.32749393958073,-108.32749393958073,204.9089209386559,74.7544464259687,-107.32749393958073,71.7544464259687,,,,above_model_minimum_and_reported_triple_point,critical_margin_or_model_maximum,"{""nodeCount"":53,""minimumTemperatureC"":-107.3274939396,""maximumTemperatureC"":71.754446426,""temperatureSpanK"":179.08194,""minimumPressureBarAbsolute"":0.0134896873491217,""maximumPressureBarAbsolute"":38.9110765615465,""offsetAboveModelEffectiveLowerBoundK"":1.0,""offsetAboveSearchMinimumK"":-0.0,""gapBelowSearchMaximumK"":-0.0,""gapBelowCatalogCriticalK"":null}","{""nodeCount"":55,""minimumTemperatureC"":-107.3274939396,""maximumTemperatureC"":67.6725060604,""temperatureSpanK"":175.0,""minimumPressureBarAbsolute"":0.00746108316182007,""maximumPressureBarAbsolute"":34.7558286548845,""offsetAboveModelEffectiveLowerBoundK"":1.0,""offsetAboveSearchMinimumK"":-0.0,""gapBelowSearchMaximumK"":4.08194,""gapBelowCatalogCriticalK"":null}",0.0,4.08194,[],,[]
r407c,R407C,blend,R407C,unsupported,supported,R407C,designation-specific pseudo-pure EOS,coolprop-pt-7.2.0,,,,,,,-43.8,,86.03,bitzer-refreport-table;honeywell-r407c-product-2026,"{""ashrae_safety_group"":[""bitzer-refreport-table""],""critical_pressure_bar_abs"":[""honeywell-r407c-product-2026""],""critical_temp_c"":[""honeywell-r407c-product-2026""],""molar_mass_g_mol"":[""bitzer-refreport-table""],""nominal_glide_k"":[""bitzer-refreport-table""],""normal_boiling_c"":[""bitzer-refreport-table""],""odp"":[""bitzer-refreport-table""],""oil_notes"":[""bitzer-refreport-table""],""oil_notes_en"":[""bitzer-refreport-table""],""oil_possible"":[""bitzer-refreport-table""],""oil_typical"":[""bitzer-refreport-table""]}",-73.14999999999998,-73.14999999999998,-73.14999999999998,226.85000000000002,86.19500000000005,-72.14999999999998,83.19500000000005,,,0.165,above_model_minimum_and_reported_triple_point,critical_margin_or_model_maximum,"{""nodeCount"":42,""minimumTemperatureC"":-72.15,""maximumTemperatureC"":83.195,""temperatureSpanK"":155.345,""minimumPressureBarAbsolute"":0.204604683250646,""maximumPressureBarAbsolute"":44.3389941921405,""offsetAboveModelEffectiveLowerBoundK"":1.0,""offsetAboveSearchMinimumK"":-0.0,""gapBelowSearchMaximumK"":0.0,""gapBelowCatalogCriticalK"":2.835}","{""nodeCount"":43,""minimumTemperatureC"":-72.15,""maximumTemperatureC"":83.195,""temperatureSpanK"":155.345,""minimumPressureBarAbsolute"":0.121698145400369,""maximumPressureBarAbsolute"":42.8048356747279,""offsetAboveModelEffectiveLowerBoundK"":1.0,""offsetAboveSearchMinimumK"":-0.0,""gapBelowSearchMaximumK"":0.0,""gapBelowCatalogCriticalK"":2.835}",0.0,0.0,[],"{""updatedFacts"":{""critical_temp_c"":""86.03"",""critical_pressure_bar_abs"":""46.29""},""ptStatus"":""supported"",""modelCriticalTemperatureC"":86.19500000000005,""modelCriticalMinusSourceCriticalK"":0.165,""dewEndpointGapBelowSourceCriticalK"":2.835,""modelMinimumMinusSourceTripleK"":null}",[]
r407d,R407D,blend,R407D,unsupported,supported,R407D.mix,CoolProp predefined mixture,coolprop-pt-7.2.0,,,,,,,,,,,"{""ashrae_safety_group"":[""dcceew-safety-2024-preview""]}",-111.78507319917921,-111.78507319917921,-111.78507319917921,181.7203140783161,,-110.78507319917921,181.7203140783161,,,,above_model_minimum_and_reported_triple_point,validated_solver_interval_below_model_maximum,"{""nodeCount"":56,""minimumTemperatureC"":-110.7850731992,""maximumTemperatureC"":79.2149268008,""temperatureSpanK"":190.0,""minimumPressureBarAbsolute"":0.00593550239725806,""maximumPressureBarAbsolute"":35.7346933682202,""offsetAboveModelEffectiveLowerBoundK"":1.0,""offsetAboveSearchMinimumK"":-0.0,""gapBelowSearchMaximumK"":102.505387,""gapBelowCatalogCriticalK"":null}","{""nodeCount"":63,""minimumTemperatureC"":-110.7850731992,""maximumTemperatureC"":89.2149268008,""temperatureSpanK"":200.0,""minimumPressureBarAbsolute"":0.00238909570676572,""maximumPressureBarAbsolute"":42.0280550035861,""offsetAboveModelEffectiveLowerBoundK"":1.0,""offsetAboveSearchMinimumK"":-0.0,""gapBelowSearchMaximumK"":92.505387,""gapBelowCatalogCriticalK"":null}",0.0,-10.0,[],,"[""no scalar CoolProp Tcrit; upper endpoint is validated solver/model coverage, not physical critical boundary"",""bubble ends >20 K below search ceiling; solver-limited branch"",""dew ends >20 K below search ceiling; solver-limited branch"",""bubble/dew upper coverage differs by >=10 K; side-specific numerical range""]"
r407e,R407E,blend,R407E,unsupported,supported,R407E.mix,CoolProp predefined mixture,coolprop-pt-7.2.0,,,,,,,,,,,"{""ashrae_safety_group"":[""dcceew-safety-2024-preview""]}",-116.51194020751487,-116.51194020751487,-116.51194020751487,178.50965814145638,,-115.51194020751487,178.50965814145638,,,,above_model_minimum_and_reported_triple_point,validated_solver_interval_below_model_maximum,"{""nodeCount"":54,""minimumTemperatureC"":-115.5119402075,""maximumTemperatureC"":54.4880597925,""temperatureSpanK"":170.0,""minimumPressureBarAbsolute"":0.00448739394350701,""maximumPressureBarAbsolute"":23.7587457589515,""offsetAboveModelEffectiveLowerBoundK"":1.0,""offsetAboveSearchMinimumK"":0.0,""gapBelowSearchMaximumK"":124.021598,""gapBelowCatalogCriticalK"":null}","{""nodeCount"":65,""minimumTemperatureC"":-115.5119402075,""maximumTemperatureC"":84.4880597925,""temperatureSpanK"":200.0,""minimumPressureBarAbsolute"":0.00158676571572252,""maximumPressureBarAbsolute"":42.3533259297697,""offsetAboveModelEffectiveLowerBoundK"":1.0,""offsetAboveSearchMinimumK"":0.0,""gapBelowSearchMaximumK"":94.021598,""gapBelowCatalogCriticalK"":null}",0.0,-30.0,[],,"[""no scalar CoolProp Tcrit; upper endpoint is validated solver/model coverage, not physical critical boundary"",""bubble ends >20 K below search ceiling; solver-limited branch"",""dew ends >20 K below search ceiling; solver-limited branch"",""bubble/dew upper coverage differs by >=10 K; side-specific numerical range""]"
r407f,R407F,blend,R407F,unsupported,supported,R407F.mix,CoolProp predefined mixture,coolprop-pt-7.2.0,,,,,,,-46.1,,,bitzer-refreport-table,"{""ashrae_safety_group"":[""bitzer-refreport-table""],""molar_mass_g_mol"":[""bitzer-refreport-table""],""nominal_glide_k"":[""bitzer-refreport-table""],""normal_boiling_c"":[""bitzer-refreport-table""],""odp"":[""bitzer-refreport-table""],""oil_notes"":[""bitzer-refreport-table""],""oil_notes_en"":[""bitzer-refreport-table""],""oil_possible"":[""bitzer-refreport-table""],""oil_typical"":[""bitzer-refreport-table""]}",-118.6091129263784,-118.6091129263784,-118.6091129263784,181.6160154045328,,-117.6091129263784,181.6160154045328,,,,above_model_minimum_and_reported_triple_point,validated_solver_interval_below_model_maximum,"{""nodeCount"":55,""minimumTemperatureC"":-117.6091129264,""maximumTemperatureC"":47.3908870736,""temperatureSpanK"":165.0,""minimumPressureBarAbsolute"":0.00433960068675034,""maximumPressureBarAbsolute"":22.8940839887278,""offsetAboveModelEffectiveLowerBoundK"":1.0,""offsetAboveSearchMinimumK"":-0.0,""gapBelowSearchMaximumK"":134.225128,""gapBelowCatalogCriticalK"":null}","{""nodeCount"":65,""minimumTemperatureC"":-117.6091129264,""maximumTemperatureC"":77.3908870736,""temperatureSpanK"":195.0,""minimumPressureBarAbsolute"":0.00164171070701663,""maximumPressureBarAbsolute"":41.6600177593893,""offsetAboveModelEffectiveLowerBoundK"":1.0,""offsetAboveSearchMinimumK"":-0.0,""gapBelowSearchMaximumK"":104.225128,""gapBelowCatalogCriticalK"":null}",0.0,-30.0,[],,"[""no scalar CoolProp Tcrit; upper endpoint is validated solver/model coverage, not physical critical boundary"",""bubble ends >20 K below search ceiling; solver-limited branch"",""dew ends >20 K below search ceiling; solver-limited branch"",""bubble/dew upper coverage differs by >=10 K; side-specific numerical range""]"
r407g,R407G,blend,R407G,unsupported,unsupported,,,,,,,,no_exact_coolprop_fluid_or_predefined_mixture,no exact CoolProp 7.2.0 predefined mixture or explicit composition recipe,,,,,"{""ashrae_safety_group"":[""dcceew-safety-2024-preview""]}",,,,,,,,,,,,,,,,,[],,"[""unsupported: no P-T saturation curve shipped""]"
r407h,R407H,blend,R407H,unsupported,unsupported,,,,,,,,no_exact_coolprop_fluid_or_predefined_mixture,no exact CoolProp 7.2.0 predefined mixture or explicit composition recipe,-44.6,,,bitzer-refreport-table,"{""ashrae_safety_group"":[""bitzer-refreport-table""],""molar_mass_g_mol"":[""bitzer-refreport-table""],""nominal_glide_k"":[""bitzer-refreport-table""],""normal_boiling_c"":[""bitzer-refreport-table""],""odp"":[""bitzer-refreport-table""],""oil_notes"":[""bitzer-refreport-table""],""oil_notes_en"":[""bitzer-refreport-table""],""oil_possible"":[""bitzer-refreport-table""],""oil_typical"":[""bitzer-refreport-table""]}",,,,,,,,,,,,,,,,,[],,"[""unsupported: no P-T saturation curve shipped""]"
r407i,R407I,blend,R407I,unsupported,unsupported,,,,,,,,no_exact_coolprop_fluid_or_predefined_mixture,no exact CoolProp 7.2.0 predefined mixture or explicit composition recipe,,,,,"{""ashrae_safety_group"":[""ashrae-handbook-f25-safety""]}",,,,,,,,,,,,,,,,,[],,"[""unsupported: no P-T saturation curve shipped""]"
r408a,R408A,blend,R408A,unsupported,unsupported,,,,,,,,no_exact_coolprop_fluid_or_predefined_mixture,no exact CoolProp 7.2.0 predefined mixture or explicit composition recipe,-44.6,,,bitzer-refreport-table,"{""ashrae_safety_group"":[""bitzer-refreport-table""],""molar_mass_g_mol"":[""bitzer-refreport-table""],""nominal_glide_k"":[""bitzer-refreport-table""],""normal_boiling_c"":[""bitzer-refreport-table""],""odp"":[""bitzer-refreport-table""],""oil_notes"":[""bitzer-refreport-table""],""oil_notes_en"":[""bitzer-refreport-table""],""oil_typical"":[""bitzer-refreport-table""]}",,,,,,,,,,,,,,,,,[],,"[""unsupported: no P-T saturation curve shipped""]"
r409a,R409A,blend,R409A,unsupported,unsupported,,,,,,,,no_exact_coolprop_fluid_or_predefined_mixture,no exact CoolProp 7.2.0 predefined mixture or explicit composition recipe,-34.5,,,bitzer-refreport-table,"{""ashrae_safety_group"":[""bitzer-refreport-table""],""molar_mass_g_mol"":[""bitzer-refreport-table""],""nominal_glide_k"":[""bitzer-refreport-table""],""normal_boiling_c"":[""bitzer-refreport-table""],""odp"":[""bitzer-refreport-table""],""oil_notes"":[""bitzer-refreport-table""],""oil_notes_en"":[""bitzer-refreport-table""],""oil_possible"":[""bitzer-refreport-table""],""oil_typical"":[""bitzer-refreport-table""]}",,,,,,,,,,,,,,,,,[],,"[""unsupported: no P-T saturation curve shipped""]"
r409b,R409B,blend,R409B,unsupported,unsupported,,,,,,,,no_exact_coolprop_fluid_or_predefined_mixture,no exact CoolProp 7.2.0 predefined mixture or explicit composition recipe,-35.6,,,bitzer-refreport-table,"{""ashrae_safety_group"":[""bitzer-refreport-table""],""molar_mass_g_mol"":[""bitzer-refreport-table""],""nominal_glide_k"":[""bitzer-refreport-table""],""normal_boiling_c"":[""bitzer-refreport-table""],""odp"":[""bitzer-refreport-table""],""oil_notes"":[""bitzer-refreport-table""],""oil_notes_en"":[""bitzer-refreport-table""],""oil_possible"":[""bitzer-refreport-table""],""oil_typical"":[""bitzer-refreport-table""]}",,,,,,,,,,,,,,,,,[],,"[""unsupported: no P-T saturation curve shipped""]"
r41,R41,pure,Fluoromethane,unsupported,supported,R41,CoolProp pure-fluid EOS,coolprop-pt-7.2.0,,,,,,,,-143.33,44.13000000000003,coolprop-mit,"{""chemical_name"":[""eu-2024-573""]}",-143.32999999999998,-143.32999999999998,-143.32999999999998,151.85000000000002,44.129063855142704,-142.32999999999998,41.129063855142704,0.0,0.0,-0.000936,above_model_minimum_and_reported_triple_point,critical_margin_or_model_maximum,"{""nodeCount"":64,""minimumTemperatureC"":-142.33,""maximumTemperatureC"":41.1290638551,""temperatureSpanK"":183.459064,""minimumPressureBarAbsolute"":0.00394627145086074,""maximumPressureBarAbsolute"":55.2088684974304,""offsetAboveModelEffectiveLowerBoundK"":1.0,""offsetAboveSearchMinimumK"":-0.0,""gapBelowSearchMaximumK"":0.0,""gapBelowCatalogCriticalK"":3.000936}","{""nodeCount"":64,""minimumTemperatureC"":-142.33,""maximumTemperatureC"":41.1290638551,""temperatureSpanK"":183.459064,""minimumPressureBarAbsolute"":0.00394627145086074,""maximumPressureBarAbsolute"":55.2088684974304,""offsetAboveModelEffectiveLowerBoundK"":1.0,""offsetAboveSearchMinimumK"":-0.0,""gapBelowSearchMaximumK"":0.0,""gapBelowCatalogCriticalK"":3.000936}",0.0,0.0,[],,[]
r4101a,R4101A,blend,R4101A,unsupported,unsupported,,,,,,,,no_exact_coolprop_fluid_or_predefined_mixture,no exact CoolProp 7.2.0 predefined mixture or explicit composition recipe,,,,,"{""ashrae_safety_group"":[""unep-teap-2026-v3""]}",,,,,,,,,,,,,,,,,[],,"[""unsupported: no P-T saturation curve shipped""]"
r4102a,R4102A,blend,R4102A,unsupported,unsupported,,,,,,,,no_exact_coolprop_fluid_or_predefined_mixture,no exact CoolProp 7.2.0 predefined mixture or explicit composition recipe,,,,,"{""ashrae_safety_group"":[""unep-teap-2026-v3""]}",,,,,,,,,,,,,,,,,[],,"[""unsupported: no P-T saturation curve shipped""]"
r4103a,R4103A,blend,R4103A,unsupported,unsupported,,,,,,,,no_exact_coolprop_fluid_or_predefined_mixture,no exact CoolProp 7.2.0 predefined mixture or explicit composition recipe,,,,,"{""ashrae_safety_group"":[""unep-teap-2026-v3""]}",,,,,,,,,,,,,,,,,[],,"[""unsupported: no P-T saturation curve shipped""]"
r410a,R410A,blend,R410A,unsupported,supported,R410A,designation-specific pseudo-pure EOS,coolprop-pt-7.2.0,,,,,,,-51.4,,71.36,bitzer-refreport-table;honeywell-r410a-product-2026,"{""ashrae_safety_group"":[""bitzer-refreport-table""],""critical_pressure_bar_abs"":[""honeywell-r410a-product-2026""],""critical_temp_c"":[""honeywell-r410a-product-2026""],""molar_mass_g_mol"":[""bitzer-refreport-table""],""nominal_glide_k"":[""bitzer-refreport-table""],""normal_boiling_c"":[""bitzer-refreport-table""],""odp"":[""bitzer-refreport-table""],""oil_notes"":[""bitzer-refreport-table""],""oil_notes_en"":[""bitzer-refreport-table""],""oil_possible"":[""bitzer-refreport-table""],""oil_typical"":[""bitzer-refreport-table""]}",-73.14999999999998,-73.14999999999998,-73.14999999999998,226.85000000000002,71.34400000000005,-72.14999999999998,68.34400000000005,,,-0.016,above_model_minimum_and_reported_triple_point,critical_margin_or_model_maximum,"{""nodeCount"":38,""minimumTemperatureC"":-72.15,""maximumTemperatureC"":68.344,""temperatureSpanK"":140.494,""minimumPressureBarAbsolute"":0.310977523431044,""maximumPressureBarAbsolute"":45.9959477104296,""offsetAboveModelEffectiveLowerBoundK"":1.0,""offsetAboveSearchMinimumK"":-0.0,""gapBelowSearchMaximumK"":0.0,""gapBelowCatalogCriticalK"":3.016}","{""nodeCount"":38,""minimumTemperatureC"":-72.15,""maximumTemperatureC"":68.344,""temperatureSpanK"":140.494,""minimumPressureBarAbsolute"":0.309399928278078,""maximumPressureBarAbsolute"":45.9558608166433,""offsetAboveModelEffectiveLowerBoundK"":1.0,""offsetAboveSearchMinimumK"":-0.0,""gapBelowSearchMaximumK"":0.0,""gapBelowCatalogCriticalK"":3.016}",0.0,0.0,[],"{""updatedFacts"":{""critical_temp_c"":""71.36"",""critical_pressure_bar_abs"":""49.02""},""ptStatus"":""supported"",""modelCriticalTemperatureC"":71.34400000000005,""modelCriticalMinusSourceCriticalK"":-0.016,""dewEndpointGapBelowSourceCriticalK"":3.016,""modelMinimumMinusSourceTripleK"":null}",[]
r410b,R410B,blend,R410B,unsupported,supported,R410B.mix,CoolProp predefined mixture,coolprop-pt-7.2.0,,,,,,,,,,,"{""ashrae_safety_group"":[""dcceew-safety-2024-preview""]}",-124.28046577804218,-124.28046577804218,-124.28046577804218,184.36021902784017,,-123.28046577804218,184.36021902784017,,,,above_model_minimum_and_reported_triple_point,validated_solver_interval_below_model_maximum,"{""nodeCount"":58,""minimumTemperatureC"":-123.280465778,""maximumTemperatureC"":41.719534222,""temperatureSpanK"":165.0,""minimumPressureBarAbsolute"":0.00298449289337366,""maximumPressureBarAbsolute"":25.1183423376177,""offsetAboveModelEffectiveLowerBoundK"":1.0,""offsetAboveSearchMinimumK"":0.0,""gapBelowSearchMaximumK"":142.640685,""gapBelowCatalogCriticalK"":null}","{""nodeCount"":58,""minimumTemperatureC"":-123.280465778,""maximumTemperatureC"":41.719534222,""temperatureSpanK"":165.0,""minimumPressureBarAbsolute"":0.00290434893826266,""maximumPressureBarAbsolute"":25.0221191778839,""offsetAboveModelEffectiveLowerBoundK"":1.0,""offsetAboveSearchMinimumK"":0.0,""gapBelowSearchMaximumK"":142.640685,""gapBelowCatalogCriticalK"":null}",0.0,0.0,[],,"[""no scalar CoolProp Tcrit; upper endpoint is validated solver/model coverage, not physical critical boundary"",""bubble ends >20 K below search ceiling; solver-limited branch"",""dew ends >20 K below search ceiling; solver-limited branch""]"
r411a,R411A,blend,R411A,unsupported,supported,R411A.mix,CoolProp predefined mixture,coolprop-pt-7.2.0,,,,,,,-39.5,,,bitzer-refreport-table,"{""ashrae_safety_group"":[""bitzer-refreport-table""],""molar_mass_g_mol"":[""bitzer-refreport-table""],""nominal_glide_k"":[""bitzer-refreport-table""],""normal_boiling_c"":[""bitzer-refreport-table""],""odp"":[""bitzer-refreport-table""],""oil_notes"":[""bitzer-refreport-table""],""oil_notes_en"":[""bitzer-refreport-table""],""oil_possible"":[""bitzer-refreport-table""],""oil_typical"":[""bitzer-refreport-table""]}",-152.9092979696211,-152.9092979696211,-152.9092979696211,270.7256026329584,99.54751153347104,-151.9092979696211,96.54751153347104,,,,above_model_minimum_and_reported_triple_point,critical_margin_or_model_maximum,"{""nodeCount"":71,""minimumTemperatureC"":-131.9092979696,""maximumTemperatureC"":78.0907020304,""temperatureSpanK"":210.0,""minimumPressureBarAbsolute"":0.000504699097732563,""maximumPressureBarAbsolute"":33.199270409104,""offsetAboveModelEffectiveLowerBoundK"":21.0,""offsetAboveSearchMinimumK"":20.0,""gapBelowSearchMaximumK"":18.45681,""gapBelowCatalogCriticalK"":null}","{""nodeCount"":74,""minimumTemperatureC"":-131.9092979696,""maximumTemperatureC"":78.0907020304,""temperatureSpanK"":210.0,""minimumPressureBarAbsolute"":0.000268222977655628,""maximumPressureBarAbsolute"":32.5887845453519,""offsetAboveModelEffectiveLowerBoundK"":21.0,""offsetAboveSearchMinimumK"":20.0,""gapBelowSearchMaximumK"":18.45681,""gapBelowCatalogCriticalK"":null}",0.0,0.0,"[{""side"":""bubble"",""observedFailureTemperatureC"":-137.6905479696,""guardK"":5,""guardMinimumC"":-142.6905479696,""guardMaximumC"":-132.6905479696,""emittedBranchIntersectsGuard"":false}]",,"[""bubble begins >10 K above search minimum; solver-limited branch"",""dew begins >10 K above search minimum; solver-limited branch""]"
r411b,R411B,blend,R411B,unsupported,supported,R411B.mix,CoolProp predefined mixture,coolprop-pt-7.2.0,,,,,,,-41.6,,,bitzer-refreport-table,"{""ashrae_safety_group"":[""bitzer-refreport-table""],""molar_mass_g_mol"":[""bitzer-refreport-table""],""nominal_glide_k"":[""bitzer-refreport-table""],""normal_boiling_c"":[""bitzer-refreport-table""],""odp"":[""bitzer-refreport-table""],""oil_notes"":[""bitzer-refreport-table""],""oil_notes_en"":[""bitzer-refreport-table""],""oil_possible"":[""bitzer-refreport-table""],""oil_typical"":[""bitzer-refreport-table""]}",-157.59996345913083,-157.59996345913083,-157.59996345913083,276.4440668697032,96.18096782530574,-156.59996345913083,93.18096782530574,,,,above_model_minimum_and_reported_triple_point,critical_margin_or_model_maximum,"{""nodeCount"":62,""minimumTemperatureC"":-121.5999634591,""maximumTemperatureC"":78.4000365409,""temperatureSpanK"":200.0,""minimumPressureBarAbsolute"":0.00236202396319855,""maximumPressureBarAbsolute"":35.3950522178845,""offsetAboveModelEffectiveLowerBoundK"":36.0,""offsetAboveSearchMinimumK"":35.0,""gapBelowSearchMaximumK"":14.780931,""gapBelowCatalogCriticalK"":null}","{""nodeCount"":81,""minimumTemperatureC"":-141.5999634591,""maximumTemperatureC"":78.4000365409,""temperatureSpanK"":220.0,""minimumPressureBarAbsolute"":7.69619700662036e-05,""maximumPressureBarAbsolute"":35.1427158547868,""offsetAboveModelEffectiveLowerBoundK"":16.0,""offsetAboveSearchMinimumK"":15.0,""gapBelowSearchMaximumK"":14.780931,""gapBelowCatalogCriticalK"":null}",20.0,0.0,"[{""side"":""bubble"",""observedFailureTemperatureC"":-131.3499634591,""guardK"":5,""guardMinimumC"":-136.3499634591,""guardMaximumC"":-126.3499634591,""emittedBranchIntersectsGuard"":false}]",,"[""bubble begins >10 K above search minimum; solver-limited branch"",""dew begins >10 K above search minimum; solver-limited branch"",""bubble/dew lower coverage differs by >=10 K; side-specific numerical range""]"
r411c,R411C,blend,R411C,unsupported,unsupported,,,,,,,,no_exact_coolprop_fluid_or_predefined_mixture,no exact CoolProp 7.2.0 predefined mixture or explicit composition recipe,,,,,{},,,,,,,,,,,,,,,,,[],,"[""unsupported: no P-T saturation curve shipped""]"
r412a,R412A,blend,R412A,unsupported,unsupported,,,,,,,,no_exact_coolprop_fluid_or_predefined_mixture,no exact CoolProp 7.2.0 predefined mixture or explicit composition recipe,,,,,"{""ashrae_safety_group"":[""ashrae-handbook-f25-safety""]}",,,,,,,,,,,,,,,,,[],,"[""unsupported: no P-T saturation curve shipped""]"
r413a,R413A,blend,R413A,unsupported,unsupported,,,,,,,,no_exact_coolprop_fluid_or_predefined_mixture,no exact CoolProp 7.2.0 predefined mixture or explicit composition recipe,-33.4,,,bitzer-refreport-table,"{""ashrae_safety_group"":[""bitzer-refreport-table""],""molar_mass_g_mol"":[""bitzer-refreport-table""],""nominal_glide_k"":[""bitzer-refreport-table""],""normal_boiling_c"":[""bitzer-refreport-table""],""odp"":[""bitzer-refreport-table""],""oil_notes"":[""bitzer-refreport-table""],""oil_notes_en"":[""bitzer-refreport-table""],""oil_possible"":[""bitzer-refreport-table""],""oil_typical"":[""bitzer-refreport-table""]}",,,,,,,,,,,,,,,,,[],,"[""unsupported: no P-T saturation curve shipped""]"
r414a,R414A,blend,R414A,unsupported,unsupported,,,,,,,,no_exact_coolprop_fluid_or_predefined_mixture,no exact CoolProp 7.2.0 predefined mixture or explicit composition recipe,,,,,"{""ashrae_safety_group"":[""epa-snap-transport-preview""]}",,,,,,,,,,,,,,,,,[],,"[""unsupported: no P-T saturation curve shipped""]"
r414b,R414B,blend,R414B,unsupported,unsupported,,,,,,,,no_exact_coolprop_fluid_or_predefined_mixture,no exact CoolProp 7.2.0 predefined mixture or explicit composition recipe,,,,,"{""ashrae_safety_group"":[""epa-snap-transport-preview""]}",,,,,,,,,,,,,,,,,[],,"[""unsupported: no P-T saturation curve shipped""]"
r415a,R415A,blend,R415A,unsupported,supported,R415A.mix,CoolProp predefined mixture,coolprop-pt-7.2.0,,,,,,,,,,,"{""ashrae_safety_group"":[""ashrae-handbook-f25-safety""]}",-148.75237358887048,-148.75237358887048,-148.75237358887048,265.68900796918683,102.30239152206951,-147.75237358887048,99.30239152206951,,,,above_model_minimum_and_reported_triple_point,critical_margin_or_model_maximum,"{""nodeCount"":85,""minimumTemperatureC"":-147.7523735889,""maximumTemperatureC"":77.2476264111,""temperatureSpanK"":225.0,""minimumPressureBarAbsolute"":2.35261075531171e-05,""maximumPressureBarAbsolute"":30.9496198102942,""offsetAboveModelEffectiveLowerBoundK"":1.0,""offsetAboveSearchMinimumK"":-0.0,""gapBelowSearchMaximumK"":22.054765,""gapBelowCatalogCriticalK"":null}","{""nodeCount"":69,""minimumTemperatureC"":-122.7523735889,""maximumTemperatureC"":82.2476264111,""temperatureSpanK"":205.0,""minimumPressureBarAbsolute"":0.000840449351204318,""maximumPressureBarAbsolute"":33.4528347168548,""offsetAboveModelEffectiveLowerBoundK"":26.0,""offsetAboveSearchMinimumK"":25.0,""gapBelowSearchMaximumK"":17.054765,""gapBelowCatalogCriticalK"":null}",-25.0,-5.0,"[{""side"":""dew"",""observedFailureTemperatureC"":-132.2836235889,""guardK"":5,""guardMinimumC"":-137.2836235889,""guardMaximumC"":-127.28362358890001,""emittedBranchIntersectsGuard"":false}]",,"[""bubble ends >20 K below search ceiling; solver-limited branch"",""dew begins >10 K above search minimum; solver-limited branch"",""bubble/dew lower coverage differs by >=10 K; side-specific numerical range""]"
r415b,R415B,blend,R415B,unsupported,supported,R415B.mix,CoolProp predefined mixture,coolprop-pt-7.2.0,,,,,,,,,,,"{""ashrae_safety_group"":[""ashrae-handbook-f25-safety""]}",-126.47053749366268,-126.47053749366268,-126.47053749366268,236.9974858275338,111.25935848356664,-125.47053749366268,108.25935848356664,,,,above_model_minimum_and_reported_triple_point,critical_margin_or_model_maximum,"{""nodeCount"":66,""minimumTemperatureC"":-115.4705374937,""maximumTemperatureC"":99.5294625063,""temperatureSpanK"":215.0,""minimumPressureBarAbsolute"":0.00143268619567621,""maximumPressureBarAbsolute"":37.3135083249686,""offsetAboveModelEffectiveLowerBoundK"":11.0,""offsetAboveSearchMinimumK"":10.0,""gapBelowSearchMaximumK"":8.729896,""gapBelowCatalogCriticalK"":null}","{""nodeCount"":74,""minimumTemperatureC"":-125.4705374937,""maximumTemperatureC"":94.5294625063,""temperatureSpanK"":220.0,""minimumPressureBarAbsolute"":0.000283028527252867,""maximumPressureBarAbsolute"":33.608051375715,""offsetAboveModelEffectiveLowerBoundK"":1.0,""offsetAboveSearchMinimumK"":-0.0,""gapBelowSearchMaximumK"":13.729896,""gapBelowCatalogCriticalK"":null}",10.0,5.0,"[{""side"":""bubble"",""observedFailureTemperatureC"":-125.3142874937,""guardK"":5,""guardMinimumC"":-130.3142874937,""guardMaximumC"":-120.3142874937,""emittedBranchIntersectsGuard"":false}]",,"[""bubble/dew lower coverage differs by >=10 K; side-specific numerical range""]"
r416a,R416A,blend,R416A,unsupported,unsupported,,,,,,,,no_exact_coolprop_fluid_or_predefined_mixture,no exact CoolProp 7.2.0 predefined mixture or explicit composition recipe,,,,,"{""ashrae_safety_group"":[""epa-snap-transport-preview""]}",,,,,,,,,,,,,,,,,[],,"[""unsupported: no P-T saturation curve shipped""]"
r417a,R417A,blend,R417A,unsupported,supported,R417A.mix,CoolProp predefined mixture,coolprop-pt-7.2.0,,,,,,,-39.1,,,bitzer-refreport-table,"{""ashrae_safety_group"":[""bitzer-refreport-table""],""molar_mass_g_mol"":[""bitzer-refreport-table""],""nominal_glide_k"":[""bitzer-refreport-table""],""normal_boiling_c"":[""bitzer-refreport-table""],""odp"":[""bitzer-refreport-table""],""oil_notes"":[""bitzer-refreport-table""],""oil_notes_en"":[""bitzer-refreport-table""],""oil_possible"":[""bitzer-refreport-table""],""oil_typical"":[""bitzer-refreport-table""]}",-104.37611952809516,-104.37611952809516,-104.37611952809516,207.99376162172683,,-103.37611952809516,207.99376162172683,,,,above_model_minimum_and_reported_triple_point,validated_solver_interval_below_model_maximum,"{""nodeCount"":52,""minimumTemperatureC"":-103.3761195281,""maximumTemperatureC"":76.6238804719,""temperatureSpanK"":180.0,""minimumPressureBarAbsolute"":0.0129420712792187,""maximumPressureBarAbsolute"":32.855991169423,""offsetAboveModelEffectiveLowerBoundK"":1.0,""offsetAboveSearchMinimumK"":-0.0,""gapBelowSearchMaximumK"":131.369881,""gapBelowCatalogCriticalK"":null}","{""nodeCount"":54,""minimumTemperatureC"":-103.3761195281,""maximumTemperatureC"":71.6238804719,""temperatureSpanK"":175.0,""minimumPressureBarAbsolute"":0.00637589204188339,""maximumPressureBarAbsolute"":28.5955756945585,""offsetAboveModelEffectiveLowerBoundK"":1.0,""offsetAboveSearchMinimumK"":-0.0,""gapBelowSearchMaximumK"":136.369881,""gapBelowCatalogCriticalK"":null}",0.0,5.0,[],,"[""no scalar CoolProp Tcrit; upper endpoint is validated solver/model coverage, not physical critical boundary"",""bubble ends >20 K below search ceiling; solver-limited branch"",""dew ends >20 K below search ceiling; solver-limited branch""]"
r417b,R417B,blend,R417B,unsupported,supported,R417B.mix,CoolProp predefined mixture,coolprop-pt-7.2.0,,,,,,,-44.9,,,bitzer-refreport-table,"{""ashrae_safety_group"":[""bitzer-refreport-table""],""molar_mass_g_mol"":[""bitzer-refreport-table""],""nominal_glide_k"":[""bitzer-refreport-table""],""normal_boiling_c"":[""bitzer-refreport-table""],""odp"":[""bitzer-refreport-table""],""oil_notes"":[""bitzer-refreport-table""],""oil_notes_en"":[""bitzer-refreport-table""],""oil_possible"":[""bitzer-refreport-table""],""oil_typical"":[""bitzer-refreport-table""]}",-103.14882532187664,-103.14882532187664,-103.14882532187664,221.66128137279708,,-102.14882532187664,221.66128137279708,,,,above_model_minimum_and_reported_triple_point,validated_solver_interval_below_model_maximum,"{""nodeCount"":50,""minimumTemperatureC"":-102.1488253219,""maximumTemperatureC"":67.8511746781,""temperatureSpanK"":170.0,""minimumPressureBarAbsolute"":0.0212401906828865,""maximumPressureBarAbsolute"":33.0106946080365,""offsetAboveModelEffectiveLowerBoundK"":1.0,""offsetAboveSearchMinimumK"":-0.0,""gapBelowSearchMaximumK"":153.810107,""gapBelowCatalogCriticalK"":null}","{""nodeCount"":50,""minimumTemperatureC"":-102.1488253219,""maximumTemperatureC"":62.8511746781,""temperatureSpanK"":165.0,""minimumPressureBarAbsolute"":0.0129144146429162,""maximumPressureBarAbsolute"":28.9999911041961,""offsetAboveModelEffectiveLowerBoundK"":1.0,""offsetAboveSearchMinimumK"":-0.0,""gapBelowSearchMaximumK"":158.810107,""gapBelowCatalogCriticalK"":null}",0.0,5.0,[],,"[""no scalar CoolProp Tcrit; upper endpoint is validated solver/model coverage, not physical critical boundary"",""bubble ends >20 K below search ceiling; solver-limited branch"",""dew ends >20 K below search ceiling; solver-limited branch""]"
r417c,R417C,blend,R417C,unsupported,supported,R417C.mix,CoolProp predefined mixture,coolprop-pt-7.2.0,,,,,,,,,,,"{""ashrae_safety_group"":[""dcceew-safety-2024-preview""]}",-103.91055522011794,-103.91055522011794,-103.91055522011794,193.07483972854368,,-102.91055522011794,193.07483972854368,,,,above_model_minimum_and_reported_triple_point,validated_solver_interval_below_model_maximum,"{""nodeCount"":55,""minimumTemperatureC"":-102.9105552201,""maximumTemperatureC"":87.0894447799,""temperatureSpanK"":190.0,""minimumPressureBarAbsolute"":0.00824686002786256,""maximumPressureBarAbsolute"":34.6495548444015,""offsetAboveModelEffectiveLowerBoundK"":1.0,""offsetAboveSearchMinimumK"":0.0,""gapBelowSearchMaximumK"":105.985395,""gapBelowCatalogCriticalK"":null}","{""nodeCount"":56,""minimumTemperatureC"":-102.9105552201,""maximumTemperatureC"":87.0894447799,""temperatureSpanK"":190.0,""minimumPressureBarAbsolute"":0.00486797858945636,""maximumPressureBarAbsolute"":34.0456127440466,""offsetAboveModelEffectiveLowerBoundK"":1.0,""offsetAboveSearchMinimumK"":0.0,""gapBelowSearchMaximumK"":105.985395,""gapBelowCatalogCriticalK"":null}",0.0,0.0,[],,"[""no scalar CoolProp Tcrit; upper endpoint is validated solver/model coverage, not physical critical boundary"",""bubble ends >20 K below search ceiling; solver-limited branch"",""dew ends >20 K below search ceiling; solver-limited branch""]"
r418a,R418A,blend,R418A,unsupported,unsupported,,,,,,,,no_exact_coolprop_fluid_or_predefined_mixture,no exact CoolProp 7.2.0 predefined mixture or explicit composition recipe,-41.7,,,bitzer-refreport-table,"{""ashrae_safety_group"":[""bitzer-refreport-table""],""molar_mass_g_mol"":[""bitzer-refreport-table""],""nominal_glide_k"":[""bitzer-refreport-table""],""normal_boiling_c"":[""bitzer-refreport-table""],""odp"":[""bitzer-refreport-table""],""oil_notes"":[""bitzer-refreport-table""],""oil_notes_en"":[""bitzer-refreport-table""],""oil_possible"":[""bitzer-refreport-table""],""oil_typical"":[""bitzer-refreport-table""]}",,,,,,,,,,,,,,,,,[],,"[""unsupported: no P-T saturation curve shipped""]"
r419a,R419A,blend,R419A,unsupported,supported,R419A.mix,CoolProp predefined mixture,coolprop-pt-7.2.0,,,,,,,-42.6,,,bitzer-refreport-table,"{""ashrae_safety_group"":[""bitzer-refreport-table""],""molar_mass_g_mol"":[""bitzer-refreport-table""],""nominal_glide_k"":[""bitzer-refreport-table""],""normal_boiling_c"":[""bitzer-refreport-table""],""odp"":[""bitzer-refreport-table""],""oil_notes"":[""bitzer-refreport-table""],""oil_notes_en"":[""bitzer-refreport-table""],""oil_typical"":[""bitzer-refreport-table""]}",-105.0526777497291,-105.0526777497291,-105.0526777497291,220.0611634931186,,-104.0526777497291,220.0611634931186,,,,above_model_minimum_and_reported_triple_point,validated_solver_interval_below_model_maximum,"{""nodeCount"":50,""minimumTemperatureC"":-104.0526777497,""maximumTemperatureC"":65.9473222503,""temperatureSpanK"":170.0,""minimumPressureBarAbsolute"":0.015102494619089,""maximumPressureBarAbsolute"":29.0822090647425,""offsetAboveModelEffectiveLowerBoundK"":1.0,""offsetAboveSearchMinimumK"":0.0,""gapBelowSearchMaximumK"":154.113841,""gapBelowCatalogCriticalK"":null}","{""nodeCount"":56,""minimumTemperatureC"":-104.0526777497,""maximumTemperatureC"":80.9473222503,""temperatureSpanK"":185.0,""minimumPressureBarAbsolute"":0.0075173603483024,""maximumPressureBarAbsolute"":38.1667656234786,""offsetAboveModelEffectiveLowerBoundK"":1.0,""offsetAboveSearchMinimumK"":0.0,""gapBelowSearchMaximumK"":139.113841,""gapBelowCatalogCriticalK"":null}",0.0,-15.0,[],,"[""no scalar CoolProp Tcrit; upper endpoint is validated solver/model coverage, not physical critical boundary"",""bubble ends >20 K below search ceiling; solver-limited branch"",""dew ends >20 K below search ceiling; solver-limited branch"",""bubble/dew upper coverage differs by >=10 K; side-specific numerical range""]"
r419b,R419B,blend,R419B,unsupported,supported,R419B.mix,CoolProp predefined mixture,coolprop-pt-7.2.0,,,,,,,,,,,"{""ashrae_safety_group"":[""dcceew-safety-2024-preview""]}",-105.21740542134356,-105.21740542134356,-105.21740542134356,206.57614923331374,,-104.21740542134356,206.57614923331374,,,,above_model_minimum_and_reported_triple_point,validated_solver_interval_below_model_maximum,"{""nodeCount"":53,""minimumTemperatureC"":-104.2174054213,""maximumTemperatureC"":75.7825945787,""temperatureSpanK"":180.0,""minimumPressureBarAbsolute"":0.0101470289962184,""maximumPressureBarAbsolute"":30.8339877498167,""offsetAboveModelEffectiveLowerBoundK"":1.0,""offsetAboveSearchMinimumK"":0.0,""gapBelowSearchMaximumK"":130.793555,""gapBelowCatalogCriticalK"":null}","{""nodeCount"":57,""minimumTemperatureC"":-104.2174054213,""maximumTemperatureC"":85.7825945787,""temperatureSpanK"":190.0,""minimumPressureBarAbsolute"":0.00513160082431919,""maximumPressureBarAbsolute"":36.4443035698437,""offsetAboveModelEffectiveLowerBoundK"":1.0,""offsetAboveSearchMinimumK"":0.0,""gapBelowSearchMaximumK"":120.793555,""gapBelowCatalogCriticalK"":null}",0.0,-10.0,[],,"[""no scalar CoolProp Tcrit; upper endpoint is validated solver/model coverage, not physical critical boundary"",""bubble ends >20 K below search ceiling; solver-limited branch"",""dew ends >20 K below search ceiling; solver-limited branch"",""bubble/dew upper coverage differs by >=10 K; side-specific numerical range""]"
r420a,R420A,blend,R420A,unsupported,supported,R420A.mix,CoolProp predefined mixture,coolprop-pt-7.2.0,,,,,,,-25.0,,,bitzer-refreport-table,"{""ashrae_safety_group"":[""bitzer-refreport-table""],""molar_mass_g_mol"":[""bitzer-refreport-table""],""nominal_glide_k"":[""bitzer-refreport-table""],""normal_boiling_c"":[""bitzer-refreport-table""],""odp"":[""bitzer-refreport-table""],""oil_notes"":[""bitzer-refreport-table""],""oil_notes_en"":[""bitzer-refreport-table""],""oil_typical"":[""bitzer-refreport-table""]}",-106.5993359130477,-106.5993359130477,-106.5993359130477,183.67418130098474,104.48765055081043,-105.5993359130477,101.48765055081043,,,,above_model_minimum_and_reported_triple_point,critical_margin_or_model_maximum,"{""nodeCount"":60,""minimumTemperatureC"":-105.599335913,""maximumTemperatureC"":94.400664087,""temperatureSpanK"":200.0,""minimumPressureBarAbsolute"":0.00287653700849125,""maximumPressureBarAbsolute"":33.542943785353,""offsetAboveModelEffectiveLowerBoundK"":1.0,""offsetAboveSearchMinimumK"":0.0,""gapBelowSearchMaximumK"":7.086986,""gapBelowCatalogCriticalK"":null}","{""nodeCount"":62,""minimumTemperatureC"":-105.599335913,""maximumTemperatureC"":101.4876505508,""temperatureSpanK"":207.086986,""minimumPressureBarAbsolute"":0.00278199954629077,""maximumPressureBarAbsolute"":38.2894708055985,""offsetAboveModelEffectiveLowerBoundK"":1.0,""offsetAboveSearchMinimumK"":0.0,""gapBelowSearchMaximumK"":0.0,""gapBelowCatalogCriticalK"":null}",0.0,-7.086986,[],,[]
r421a,R421A,blend,R421A,unsupported,supported,R421A.mix,CoolProp predefined mixture,coolprop-pt-7.2.0,,,,,,,-40.7,,,bitzer-refreport-table,"{""ashrae_safety_group"":[""bitzer-refreport-table""],""molar_mass_g_mol"":[""bitzer-refreport-table""],""nominal_glide_k"":[""bitzer-refreport-table""],""normal_boiling_c"":[""bitzer-refreport-table""],""odp"":[""bitzer-refreport-table""],""oil_notes"":[""bitzer-refreport-table""],""oil_notes_en"":[""bitzer-refreport-table""],""oil_typical"":[""bitzer-refreport-table""]}",-101.85816871456962,-101.85816871456962,-101.85816871456962,206.15052728253403,82.76699080217918,-100.85816871456962,79.76699080217918,,,,above_model_minimum_and_reported_triple_point,critical_margin_or_model_maximum,"{""nodeCount"":53,""minimumTemperatureC"":-100.8581687146,""maximumTemperatureC"":79.7669908022,""temperatureSpanK"":180.62516,""minimumPressureBarAbsolute"":0.0177566571775419,""maximumPressureBarAbsolute"":37.0996194812652,""offsetAboveModelEffectiveLowerBoundK"":1.0,""offsetAboveSearchMinimumK"":-0.0,""gapBelowSearchMaximumK"":-0.0,""gapBelowCatalogCriticalK"":null}","{""nodeCount"":54,""minimumTemperatureC"":-100.8581687146,""maximumTemperatureC"":79.7669908022,""temperatureSpanK"":180.62516,""minimumPressureBarAbsolute"":0.00905954358651645,""maximumPressureBarAbsolute"":36.3365177992821,""offsetAboveModelEffectiveLowerBoundK"":1.0,""offsetAboveSearchMinimumK"":-0.0,""gapBelowSearchMaximumK"":-0.0,""gapBelowCatalogCriticalK"":null}",0.0,0.0,[],,[]
r421b,R421B,blend,R421B,unsupported,supported,R421B.mix,CoolProp predefined mixture,coolprop-pt-7.2.0,,,,,,,-45.6,,,bitzer-refreport-table,"{""ashrae_safety_group"":[""bitzer-refreport-table""],""molar_mass_g_mol"":[""bitzer-refreport-table""],""nominal_glide_k"":[""bitzer-refreport-table""],""normal_boiling_c"":[""bitzer-refreport-table""],""odp"":[""bitzer-refreport-table""],""oil_notes"":[""bitzer-refreport-table""],""oil_notes_en"":[""bitzer-refreport-table""],""oil_typical"":[""bitzer-refreport-table""]}",-101.08897433897181,-101.08897433897181,-101.08897433897181,219.11447743305888,72.38224139777759,-100.08897433897181,69.38224139777759,,,,above_model_minimum_and_reported_triple_point,critical_margin_or_model_maximum,"{""nodeCount"":49,""minimumTemperatureC"":-100.088974339,""maximumTemperatureC"":69.3822413978,""temperatureSpanK"":169.471216,""minimumPressureBarAbsolute"":0.0263452348605775,""maximumPressureBarAbsolute"":35.2810923742217,""offsetAboveModelEffectiveLowerBoundK"":1.0,""offsetAboveSearchMinimumK"":-0.0,""gapBelowSearchMaximumK"":-0.0,""gapBelowCatalogCriticalK"":null}","{""nodeCount"":50,""minimumTemperatureC"":-100.088974339,""maximumTemperatureC"":69.3822413978,""temperatureSpanK"":169.471216,""minimumPressureBarAbsolute"":0.0170614100494665,""maximumPressureBarAbsolute"":34.8660428168857,""offsetAboveModelEffectiveLowerBoundK"":1.0,""offsetAboveSearchMinimumK"":-0.0,""gapBelowSearchMaximumK"":-0.0,""gapBelowCatalogCriticalK"":null}",0.0,0.0,[],,[]
r422a,R422A,blend,R422A,unsupported,supported,R422A.mix,CoolProp predefined mixture,coolprop-pt-7.2.0,,,,,,,-46.5,,,bitzer-refreport-table,"{""ashrae_safety_group"":[""bitzer-refreport-table""],""molar_mass_g_mol"":[""bitzer-refreport-table""],""nominal_glide_k"":[""bitzer-refreport-table""],""normal_boiling_c"":[""bitzer-refreport-table""],""odp"":[""bitzer-refreport-table""],""oil_notes"":[""bitzer-refreport-table""],""oil_notes_en"":[""bitzer-refreport-table""],""oil_possible"":[""bitzer-refreport-table""],""oil_typical"":[""bitzer-refreport-table""]}",-104.87880503884182,-104.87880503884182,-104.87880503884182,226.07222991514772,,-103.87880503884182,226.07222991514772,,,,above_model_minimum_and_reported_triple_point,validated_solver_interval_below_model_maximum,"{""nodeCount"":49,""minimumTemperatureC"":-103.8788050388,""maximumTemperatureC"":61.1211949612,""temperatureSpanK"":165.0,""minimumPressureBarAbsolute"":0.0208116004152683,""maximumPressureBarAbsolute"":30.1507912147761,""offsetAboveModelEffectiveLowerBoundK"":1.0,""offsetAboveSearchMinimumK"":0.0,""gapBelowSearchMaximumK"":164.951035,""gapBelowCatalogCriticalK"":null}","{""nodeCount"":51,""minimumTemperatureC"":-103.8788050388,""maximumTemperatureC"":61.1211949612,""temperatureSpanK"":165.0,""minimumPressureBarAbsolute"":0.0134338341681526,""maximumPressureBarAbsolute"":29.7097161995974,""offsetAboveModelEffectiveLowerBoundK"":1.0,""offsetAboveSearchMinimumK"":0.0,""gapBelowSearchMaximumK"":164.951035,""gapBelowCatalogCriticalK"":null}",0.0,0.0,[],,"[""no scalar CoolProp Tcrit; upper endpoint is validated solver/model coverage, not physical critical boundary"",""bubble ends >20 K below search ceiling; solver-limited branch"",""dew ends >20 K below search ceiling; solver-limited branch""]"
r422b,R422B,blend,R422B,unsupported,supported,R422B.mix,CoolProp predefined mixture,coolprop-pt-7.2.0,,,,,,,-41.3,,,bitzer-refreport-table,"{""ashrae_safety_group"":[""bitzer-refreport-table""],""molar_mass_g_mol"":[""bitzer-refreport-table""],""nominal_glide_k"":[""bitzer-refreport-table""],""normal_boiling_c"":[""bitzer-refreport-table""],""odp"":[""bitzer-refreport-table""],""oil_notes"":[""bitzer-refreport-table""],""oil_notes_en"":[""bitzer-refreport-table""],""oil_typical"":[""bitzer-refreport-table""]}",-105.11564753449721,-105.11564753449721,-105.11564753449721,210.94939728398288,,-104.11564753449721,210.94939728398288,,,,above_model_minimum_and_reported_triple_point,validated_solver_interval_below_model_maximum,"{""nodeCount"":52,""minimumTemperatureC"":-104.1156475345,""maximumTemperatureC"":75.8843524655,""temperatureSpanK"":180.0,""minimumPressureBarAbsolute"":0.014912737838922,""maximumPressureBarAbsolute"":34.3806563696786,""offsetAboveModelEffectiveLowerBoundK"":1.0,""offsetAboveSearchMinimumK"":-0.0,""gapBelowSearchMaximumK"":135.065045,""gapBelowCatalogCriticalK"":null}","{""nodeCount"":54,""minimumTemperatureC"":-104.1156475345,""maximumTemperatureC"":70.8843524655,""temperatureSpanK"":175.0,""minimumPressureBarAbsolute"":0.00657108478598193,""maximumPressureBarAbsolute"":30.0017702583784,""offsetAboveModelEffectiveLowerBoundK"":1.0,""offsetAboveSearchMinimumK"":-0.0,""gapBelowSearchMaximumK"":140.065045,""gapBelowCatalogCriticalK"":null}",0.0,5.0,[],,"[""no scalar CoolProp Tcrit; upper endpoint is validated solver/model coverage, not physical critical boundary"",""bubble ends >20 K below search ceiling; solver-limited branch"",""dew ends >20 K below search ceiling; solver-limited branch""]"
r422c,R422C,blend,R422C,unsupported,supported,R422C.mix,CoolProp predefined mixture,coolprop-pt-7.2.0,,,,,,,-45.9,,,bitzer-refreport-table,"{""ashrae_safety_group"":[""bitzer-refreport-table""],""molar_mass_g_mol"":[""bitzer-refreport-table""],""nominal_glide_k"":[""bitzer-refreport-table""],""normal_boiling_c"":[""bitzer-refreport-table""],""odp"":[""bitzer-refreport-table""],""oil_notes"":[""bitzer-refreport-table""],""oil_notes_en"":[""bitzer-refreport-table""],""oil_typical"":[""bitzer-refreport-table""]}",-104.51618602254942,-104.51618602254942,-104.51618602254942,223.73784966427905,,-103.51618602254942,223.73784966427905,,,,above_model_minimum_and_reported_triple_point,validated_solver_interval_below_model_maximum,"{""nodeCount"":50,""minimumTemperatureC"":-103.5161860225,""maximumTemperatureC"":66.4838139775,""temperatureSpanK"":170.0,""minimumPressureBarAbsolute"":0.0207814969633705,""maximumPressureBarAbsolute"":33.1321997715877,""offsetAboveModelEffectiveLowerBoundK"":1.0,""offsetAboveSearchMinimumK"":0.0,""gapBelowSearchMaximumK"":157.254036,""gapBelowCatalogCriticalK"":null}","{""nodeCount"":51,""minimumTemperatureC"":-103.5161860225,""maximumTemperatureC"":61.4838139775,""temperatureSpanK"":165.0,""minimumPressureBarAbsolute"":0.0124091978850284,""maximumPressureBarAbsolute"":29.2348538346726,""offsetAboveModelEffectiveLowerBoundK"":1.0,""offsetAboveSearchMinimumK"":0.0,""gapBelowSearchMaximumK"":162.254036,""gapBelowCatalogCriticalK"":null}",0.0,5.0,[],,"[""no scalar CoolProp Tcrit; upper endpoint is validated solver/model coverage, not physical critical boundary"",""bubble ends >20 K below search ceiling; solver-limited branch"",""dew ends >20 K below search ceiling; solver-limited branch""]"
r422d,R422D,blend,R422D,unsupported,supported,R422D.mix,CoolProp predefined mixture,coolprop-pt-7.2.0,,,,,,,-43.2,,,bitzer-refreport-table,"{""ashrae_safety_group"":[""bitzer-refreport-table""],""molar_mass_g_mol"":[""bitzer-refreport-table""],""nominal_glide_k"":[""bitzer-refreport-table""],""normal_boiling_c"":[""bitzer-refreport-table""],""odp"":[""bitzer-refreport-table""],""oil_notes"":[""bitzer-refreport-table""],""oil_notes_en"":[""bitzer-refreport-table""],""oil_possible"":[""bitzer-refreport-table""],""oil_typical"":[""bitzer-refreport-table""]}",-105.31693541110914,-105.31693541110914,-105.31693541110914,216.4002352442517,,-104.31693541110914,216.4002352442517,,,,above_model_minimum_and_reported_triple_point,validated_solver_interval_below_model_maximum,"{""nodeCount"":51,""minimumTemperatureC"":-104.3169354111,""maximumTemperatureC"":70.6830645889,""temperatureSpanK"":175.0,""minimumPressureBarAbsolute"":0.0164629306384376,""maximumPressureBarAbsolute"":32.8110307201247,""offsetAboveModelEffectiveLowerBoundK"":1.0,""offsetAboveSearchMinimumK"":0.0,""gapBelowSearchMaximumK"":145.717171,""gapBelowCatalogCriticalK"":null}","{""nodeCount"":53,""minimumTemperatureC"":-104.3169354111,""maximumTemperatureC"":65.6830645889,""temperatureSpanK"":170.0,""minimumPressureBarAbsolute"":0.00771464851184505,""maximumPressureBarAbsolute"":28.6179145208977,""offsetAboveModelEffectiveLowerBoundK"":1.0,""offsetAboveSearchMinimumK"":0.0,""gapBelowSearchMaximumK"":150.717171,""gapBelowCatalogCriticalK"":null}",0.0,5.0,[],,"[""no scalar CoolProp Tcrit; upper endpoint is validated solver/model coverage, not physical critical boundary"",""bubble ends >20 K below search ceiling; solver-limited branch"",""dew ends >20 K below search ceiling; solver-limited branch""]"
r422e,R422E,blend,R422E,unsupported,supported,R422E.mix,CoolProp predefined mixture,coolprop-pt-7.2.0,,,,,,,,,,,"{""ashrae_safety_group"":[""dcceew-safety-2024-preview""]}",-104.73923621142234,-104.73923621142234,-104.73923621142234,211.71266474391507,,-103.73923621142234,211.71266474391507,,,,above_model_minimum_and_reported_triple_point,validated_solver_interval_below_model_maximum,"{""nodeCount"":52,""minimumTemperatureC"":-103.7392362114,""maximumTemperatureC"":76.2607637886,""temperatureSpanK"":180.0,""minimumPressureBarAbsolute"":0.0158444023190581,""maximumPressureBarAbsolute"":35.1892688765962,""offsetAboveModelEffectiveLowerBoundK"":1.0,""offsetAboveSearchMinimumK"":0.0,""gapBelowSearchMaximumK"":135.451901,""gapBelowCatalogCriticalK"":null}","{""nodeCount"":54,""minimumTemperatureC"":-103.7392362114,""maximumTemperatureC"":71.2607637886,""temperatureSpanK"":175.0,""minimumPressureBarAbsolute"":0.00712242614997712,""maximumPressureBarAbsolute"":30.778773700417,""offsetAboveModelEffectiveLowerBoundK"":1.0,""offsetAboveSearchMinimumK"":0.0,""gapBelowSearchMaximumK"":140.451901,""gapBelowCatalogCriticalK"":null}",0.0,5.0,[],,"[""no scalar CoolProp Tcrit; upper endpoint is validated solver/model coverage, not physical critical boundary"",""bubble ends >20 K below search ceiling; solver-limited branch"",""dew ends >20 K below search ceiling; solver-limited branch""]"
r423a,R423A,blend,R423A,unsupported,supported,R423A.mix,CoolProp predefined mixture,coolprop-pt-7.2.0,,,,,,,,,,,"{""ashrae_safety_group"":[""dcceew-safety-2024-preview""]}",-111.56928986672918,-111.56928986672918,-111.56928986672918,188.88769350359934,,-110.56928986672918,188.88769350359934,,,,above_model_minimum_and_reported_triple_point,validated_solver_interval_below_model_maximum,"{""nodeCount"":61,""minimumTemperatureC"":-110.5692898667,""maximumTemperatureC"":79.4307101333,""temperatureSpanK"":190.0,""minimumPressureBarAbsolute"":0.00147050551218554,""maximumPressureBarAbsolute"":23.7079772344173,""offsetAboveModelEffectiveLowerBoundK"":1.0,""offsetAboveSearchMinimumK"":0.0,""gapBelowSearchMaximumK"":109.456983,""gapBelowCatalogCriticalK"":null}","{""nodeCount"":62,""minimumTemperatureC"":-110.5692898667,""maximumTemperatureC"":79.4307101333,""temperatureSpanK"":190.0,""minimumPressureBarAbsolute"":0.0013350815249004,""maximumPressureBarAbsolute"":23.4284932728413,""offsetAboveModelEffectiveLowerBoundK"":1.0,""offsetAboveSearchMinimumK"":0.0,""gapBelowSearchMaximumK"":109.456983,""gapBelowCatalogCriticalK"":null}",0.0,0.0,[],,"[""no scalar CoolProp Tcrit; upper endpoint is validated solver/model coverage, not physical critical boundary"",""bubble ends >20 K below search ceiling; solver-limited branch"",""dew ends >20 K below search ceiling; solver-limited branch""]"
r424a,R424A,blend,R424A,unsupported,unsupported,,,,,,,,no_exact_coolprop_fluid_or_predefined_mixture,no exact CoolProp 7.2.0 predefined mixture or explicit composition recipe,,,,,"{""ashrae_safety_group"":[""dcceew-safety-2024-preview""]}",,,,,,,,,,,,,,,,,[],,"[""unsupported: no P-T saturation curve shipped""]"
r425a,R425A,blend,R425A,unsupported,supported,R425A.mix,CoolProp predefined mixture,coolprop-pt-7.2.0,,,,,,,,,,,"{""ashrae_safety_group"":[""dcceew-safety-2024-preview""]}",-115.55898681146462,-115.55898681146462,-115.55898681146462,176.70200937408276,,-114.55898681146462,176.70200937408276,,,,above_model_minimum_and_reported_triple_point,validated_solver_interval_below_model_maximum,"{""nodeCount"":58,""minimumTemperatureC"":-114.5589868115,""maximumTemperatureC"":80.4410131885,""temperatureSpanK"":195.0,""minimumPressureBarAbsolute"":0.00387481450007368,""maximumPressureBarAbsolute"":35.3033472061168,""offsetAboveModelEffectiveLowerBoundK"":1.0,""offsetAboveSearchMinimumK"":-0.0,""gapBelowSearchMaximumK"":96.260996,""gapBelowCatalogCriticalK"":null}","{""nodeCount"":65,""minimumTemperatureC"":-114.5589868115,""maximumTemperatureC"":85.4410131885,""temperatureSpanK"":200.0,""minimumPressureBarAbsolute"":0.00134812533721286,""maximumPressureBarAbsolute"":36.8709570133646,""offsetAboveModelEffectiveLowerBoundK"":1.0,""offsetAboveSearchMinimumK"":-0.0,""gapBelowSearchMaximumK"":91.260996,""gapBelowCatalogCriticalK"":null}",0.0,-5.0,[],,"[""no scalar CoolProp Tcrit; upper endpoint is validated solver/model coverage, not physical critical boundary"",""bubble ends >20 K below search ceiling; solver-limited branch"",""dew ends >20 K below search ceiling; solver-limited branch""]"
r426a,R426A,blend,R426A,unsupported,unsupported,,,,,,,,no_exact_coolprop_fluid_or_predefined_mixture,no exact CoolProp 7.2.0 predefined mixture or explicit composition recipe,,,,,"{""ashrae_safety_group"":[""dcceew-safety-2024-preview""]}",,,,,,,,,,,,,,,,,[],,"[""unsupported: no P-T saturation curve shipped""]"
r427a,R427A,blend,R427A,unsupported,supported,R427A.mix,CoolProp predefined mixture,coolprop-pt-7.2.0,,,,,,,-43.0,,,bitzer-refreport-table,"{""ashrae_safety_group"":[""bitzer-refreport-table""],""molar_mass_g_mol"":[""bitzer-refreport-table""],""nominal_glide_k"":[""bitzer-refreport-table""],""normal_boiling_c"":[""bitzer-refreport-table""],""odp"":[""bitzer-refreport-table""],""oil_notes"":[""bitzer-refreport-table""],""oil_notes_en"":[""bitzer-refreport-table""],""oil_possible"":[""bitzer-refreport-table""],""oil_typical"":[""bitzer-refreport-table""]}",-112.45142877224256,-112.45142877224256,-112.45142877224256,206.0977829639877,,-111.45142877224256,206.0977829639877,,,,above_model_minimum_and_reported_triple_point,validated_solver_interval_below_model_maximum,"{""nodeCount"":56,""minimumTemperatureC"":-111.4514287722,""maximumTemperatureC"":78.5485712278,""temperatureSpanK"":190.0,""minimumPressureBarAbsolute"":0.00739009559088739,""maximumPressureBarAbsolute"":38.9784390189489,""offsetAboveModelEffectiveLowerBoundK"":1.0,""offsetAboveSearchMinimumK"":0.0,""gapBelowSearchMaximumK"":127.549212,""gapBelowCatalogCriticalK"":null}","{""nodeCount"":61,""minimumTemperatureC"":-111.4514287722,""maximumTemperatureC"":78.5485712278,""temperatureSpanK"":190.0,""minimumPressureBarAbsolute"":0.0028431646610852,""maximumPressureBarAbsolute"":37.2504053185918,""offsetAboveModelEffectiveLowerBoundK"":1.0,""offsetAboveSearchMinimumK"":0.0,""gapBelowSearchMaximumK"":127.549212,""gapBelowCatalogCriticalK"":null}",0.0,0.0,[],,"[""no scalar CoolProp Tcrit; upper endpoint is validated solver/model coverage, not physical critical boundary"",""bubble ends >20 K below search ceiling; solver-limited branch"",""dew ends >20 K below search ceiling; solver-limited branch""]"
r427b,R427B,blend,R427B,unsupported,unsupported,,,,,,,,no_exact_coolprop_fluid_or_predefined_mixture,no exact CoolProp 7.2.0 predefined mixture or explicit composition recipe,,,,,"{""ashrae_safety_group"":[""unep-teap-2020-v3""]}",,,,,,,,,,,,,,,,,[],,"[""unsupported: no P-T saturation curve shipped""]"
r427c,R427C,blend,R427C,unsupported,unsupported,,,,,,,,no_exact_coolprop_fluid_or_predefined_mixture,no exact CoolProp 7.2.0 predefined mixture or explicit composition recipe,,,,,"{""ashrae_safety_group"":[""ashrae-handbook-f25-safety""]}",,,,,,,,,,,,,,,,,[],,"[""unsupported: no P-T saturation curve shipped""]"
r428a,R428A,blend,R428A,unsupported,supported,R428A.mix,CoolProp predefined mixture,coolprop-pt-7.2.0,,,,,,,,,,,"{""ashrae_safety_group"":[""dcceew-safety-2024-preview""]}",-106.83021266889972,-106.83021266889972,-106.83021266889972,270.0649248691276,,-105.83021266889972,270.0649248691276,,,,above_model_minimum_and_reported_triple_point,validated_solver_interval_below_model_maximum,"{""nodeCount"":48,""minimumTemperatureC"":-105.8302126689,""maximumTemperatureC"":54.1697873311,""temperatureSpanK"":160.0,""minimumPressureBarAbsolute"":0.020454781116513,""maximumPressureBarAbsolute"":27.0774836179501,""offsetAboveModelEffectiveLowerBoundK"":1.0,""offsetAboveSearchMinimumK"":-0.0,""gapBelowSearchMaximumK"":215.895138,""gapBelowCatalogCriticalK"":null}","{""nodeCount"":49,""minimumTemperatureC"":-105.8302126689,""maximumTemperatureC"":59.1697873311,""temperatureSpanK"":165.0,""minimumPressureBarAbsolute"":0.0173540014545945,""maximumPressureBarAbsolute"":30.10862391684,""offsetAboveModelEffectiveLowerBoundK"":1.0,""offsetAboveSearchMinimumK"":-0.0,""gapBelowSearchMaximumK"":210.895138,""gapBelowCatalogCriticalK"":null}",0.0,-5.0,"[{""side"":""bubble"",""observedFailureTemperatureC"":61.0447873311,""guardK"":5,""guardMinimumC"":56.0447873311,""guardMaximumC"":66.0447873311,""emittedBranchIntersectsGuard"":false}]",,"[""no scalar CoolProp Tcrit; upper endpoint is validated solver/model coverage, not physical critical boundary"",""bubble ends >20 K below search ceiling; solver-limited branch"",""dew ends >20 K below search ceiling; solver-limited branch""]"
r429a,R429A,blend,R429A,unsupported,unsupported,,,,,,,,no_exact_coolprop_fluid_or_predefined_mixture,no exact CoolProp 7.2.0 predefined mixture or explicit composition recipe,,,,,"{""ashrae_safety_group"":[""dcceew-safety-2024-preview""]}",,,,,,,,,,,,,,,,,[],,"[""unsupported: no P-T saturation curve shipped""]"
r430a,R430A,blend,R430A,unsupported,supported,R430A.mix,CoolProp predefined mixture,coolprop-pt-7.2.0,,,,,,,,,,,"{""ashrae_safety_group"":[""dcceew-safety-2024-preview""]}",-129.37293630172653,-129.37293630172653,-129.37293630172653,246.65701010603698,,-128.37293630172653,246.65701010603698,,,,above_model_minimum_and_reported_triple_point,validated_solver_interval_below_model_maximum,"{""nodeCount"":73,""minimumTemperatureC"":-128.3729363017,""maximumTemperatureC"":91.6270636983,""temperatureSpanK"":220.0,""minimumPressureBarAbsolute"":0.000340146253124391,""maximumPressureBarAbsolute"":31.1930409290541,""offsetAboveModelEffectiveLowerBoundK"":1.0,""offsetAboveSearchMinimumK"":0.0,""gapBelowSearchMaximumK"":155.029946,""gapBelowCatalogCriticalK"":null}","{""nodeCount"":77,""minimumTemperatureC"":-128.3729363017,""maximumTemperatureC"":91.6270636983,""temperatureSpanK"":220.0,""minimumPressureBarAbsolute"":0.000208098843740583,""maximumPressureBarAbsolute"":31.1387544220884,""offsetAboveModelEffectiveLowerBoundK"":1.0,""offsetAboveSearchMinimumK"":0.0,""gapBelowSearchMaximumK"":155.029946,""gapBelowCatalogCriticalK"":null}",0.0,0.0,[],,"[""no scalar CoolProp Tcrit; upper endpoint is validated solver/model coverage, not physical critical boundary"",""bubble ends >20 K below search ceiling; solver-limited branch"",""dew ends >20 K below search ceiling; solver-limited branch""]"
r431a,R431A,blend,R431A,unsupported,supported,R431A.mix,CoolProp predefined mixture,coolprop-pt-7.2.0,,,,,,,,,,,"{""ashrae_safety_group"":[""dcceew-safety-2024-preview""]}",-172.8337357218499,-172.8337357218499,-172.8337357218499,344.71137985481994,,-171.8337357218499,344.71137985481994,,,,above_model_minimum_and_reported_triple_point,validated_solver_interval_below_model_maximum,"{""nodeCount"":100,""minimumTemperatureC"":-171.8337357218,""maximumTemperatureC"":73.1662642782,""temperatureSpanK"":245.0,""minimumPressureBarAbsolute"":4.33184110469826e-07,""maximumPressureBarAbsolute"":30.8840695891657,""offsetAboveModelEffectiveLowerBoundK"":1.0,""offsetAboveSearchMinimumK"":0.0,""gapBelowSearchMaximumK"":271.545116,""gapBelowCatalogCriticalK"":null}","{""nodeCount"":39,""minimumTemperatureC"":-76.8337357218,""maximumTemperatureC"":73.1662642782,""temperatureSpanK"":150.0,""minimumPressureBarAbsolute"":0.178898697232809,""maximumPressureBarAbsolute"":30.6836569047797,""offsetAboveModelEffectiveLowerBoundK"":96.0,""offsetAboveSearchMinimumK"":95.0,""gapBelowSearchMaximumK"":271.545116,""gapBelowCatalogCriticalK"":null}",-95.0,0.0,[],,"[""no scalar CoolProp Tcrit; upper endpoint is validated solver/model coverage, not physical critical boundary"",""bubble ends >20 K below search ceiling; solver-limited branch"",""dew begins >10 K above search minimum; solver-limited branch"",""dew ends >20 K below search ceiling; solver-limited branch"",""bubble/dew lower coverage differs by >=10 K; side-specific numerical range""]"
r432a,R432A,blend,R432A,unsupported,supported,R432A.mix,CoolProp predefined mixture,coolprop-pt-7.2.0,,,,,,,,,,,"{""ashrae_safety_group"":[""ashrae-handbook-f25-safety""]}",-177.07174814314774,-177.07174814314774,-177.07174814314774,292.5548620851898,,-176.07174814314774,292.5548620851898,,,,above_model_minimum_and_reported_triple_point,validated_solver_interval_below_model_maximum,"{""nodeCount"":100,""minimumTemperatureC"":-171.0717481431,""maximumTemperatureC"":78.9282518569,""temperatureSpanK"":250.0,""minimumPressureBarAbsolute"":6.33047013246441e-07,""maximumPressureBarAbsolute"":34.2254053496618,""offsetAboveModelEffectiveLowerBoundK"":6.0,""offsetAboveSearchMinimumK"":5.0,""gapBelowSearchMaximumK"":213.62661,""gapBelowCatalogCriticalK"":null}","{""nodeCount"":98,""minimumTemperatureC"":-161.0717481431,""maximumTemperatureC"":83.9282518569,""temperatureSpanK"":245.0,""minimumPressureBarAbsolute"":1.34375460885318e-06,""maximumPressureBarAbsolute"":37.1739173280158,""offsetAboveModelEffectiveLowerBoundK"":16.0,""offsetAboveSearchMinimumK"":15.0,""gapBelowSearchMaximumK"":208.62661,""gapBelowCatalogCriticalK"":null}",-10.0,-5.0,[],,"[""no scalar CoolProp Tcrit; upper endpoint is validated solver/model coverage, not physical critical boundary"",""bubble ends >20 K below search ceiling; solver-limited branch"",""dew begins >10 K above search minimum; solver-limited branch"",""dew ends >20 K below search ceiling; solver-limited branch"",""bubble/dew lower coverage differs by >=10 K; side-specific numerical range""]"
r433a,R433A,blend,R433A,unsupported,supported,R433A.mix,CoolProp predefined mixture,coolprop-pt-7.2.0,,,,,,,,,,,"{""ashrae_safety_group"":[""ashrae-handbook-f25-safety""]}",-186.87251967111996,-186.87251967111996,-186.87251967111996,353.60616776523875,94.14202523197702,-185.87251967111996,91.14202523197702,,,,above_model_minimum_and_reported_triple_point,critical_margin_or_model_maximum,"{""nodeCount"":105,""minimumTemperatureC"":-175.8725196711,""maximumTemperatureC"":69.1274803289,""temperatureSpanK"":245.0,""minimumPressureBarAbsolute"":1.47824055515971e-07,""maximumPressureBarAbsolute"":27.3181745133329,""offsetAboveModelEffectiveLowerBoundK"":11.0,""offsetAboveSearchMinimumK"":10.0,""gapBelowSearchMaximumK"":22.014545,""gapBelowCatalogCriticalK"":null}","{""nodeCount"":105,""minimumTemperatureC"":-175.8725196711,""maximumTemperatureC"":69.1274803289,""temperatureSpanK"":245.0,""minimumPressureBarAbsolute"":1.34742026443122e-07,""maximumPressureBarAbsolute"":27.1938118380082,""offsetAboveModelEffectiveLowerBoundK"":11.0,""offsetAboveSearchMinimumK"":10.0,""gapBelowSearchMaximumK"":22.014545,""gapBelowCatalogCriticalK"":null}",0.0,0.0,[],,"[""bubble ends >20 K below search ceiling; solver-limited branch"",""dew ends >20 K below search ceiling; solver-limited branch""]"
r433b,R433B,blend,R433B,unsupported,supported,R433B.mix,CoolProp predefined mixture,coolprop-pt-7.2.0,,,,,,,,,,,"{""ashrae_safety_group"":[""ashrae-handbook-f25-safety""]}",-187.49808818167168,-187.49808818167168,-187.49808818167168,372.92974202033554,96.26762086135699,-186.49808818167168,93.26762086135699,,,,above_model_minimum_and_reported_triple_point,critical_margin_or_model_maximum,"{""nodeCount"":99,""minimumTemperatureC"":-171.4980881817,""maximumTemperatureC"":73.5019118183,""temperatureSpanK"":245.0,""minimumPressureBarAbsolute"":4.31197603747748e-07,""maximumPressureBarAbsolute"":28.0539126615802,""offsetAboveModelEffectiveLowerBoundK"":16.0,""offsetAboveSearchMinimumK"":15.0,""gapBelowSearchMaximumK"":19.765709,""gapBelowCatalogCriticalK"":null}","{""nodeCount"":106,""minimumTemperatureC"":-176.4980881817,""maximumTemperatureC"":73.5019118183,""temperatureSpanK"":250.0,""minimumPressureBarAbsolute"":9.48662476558705e-08,""maximumPressureBarAbsolute"":28.0158364625329,""offsetAboveModelEffectiveLowerBoundK"":11.0,""offsetAboveSearchMinimumK"":10.0,""gapBelowSearchMaximumK"":19.765709,""gapBelowCatalogCriticalK"":null}",5.0,0.0,[],,"[""bubble begins >10 K above search minimum; solver-limited branch""]"
r433c,R433C,blend,R433C,unsupported,supported,R433C.mix,CoolProp predefined mixture,coolprop-pt-7.2.0,,,,,,,,,,,"{""ashrae_safety_group"":[""ashrae-handbook-f25-safety""]}",-186.99644881599087,-186.99644881599087,-186.99644881599087,357.434292091976,94.53200060723128,-185.99644881599087,91.53200060723128,,,,above_model_minimum_and_reported_triple_point,critical_margin_or_model_maximum,"{""nodeCount"":105,""minimumTemperatureC"":-175.996448816,""maximumTemperatureC"":69.003551184,""temperatureSpanK"":245.0,""minimumPressureBarAbsolute"":1.37796318771209e-07,""maximumPressureBarAbsolute"":26.9648366064341,""offsetAboveModelEffectiveLowerBoundK"":11.0,""offsetAboveSearchMinimumK"":10.0,""gapBelowSearchMaximumK"":22.528449,""gapBelowCatalogCriticalK"":null}","{""nodeCount"":106,""minimumTemperatureC"":-175.996448816,""maximumTemperatureC"":69.003551184,""temperatureSpanK"":245.0,""minimumPressureBarAbsolute"":1.25650206182393e-07,""maximumPressureBarAbsolute"":26.8460602567038,""offsetAboveModelEffectiveLowerBoundK"":11.0,""offsetAboveSearchMinimumK"":10.0,""gapBelowSearchMaximumK"":22.528449,""gapBelowCatalogCriticalK"":null}",0.0,0.0,[],,"[""bubble ends >20 K below search ceiling; solver-limited branch"",""dew ends >20 K below search ceiling; solver-limited branch""]"
r433d,R433D,blend,R433D,unsupported,unsupported,,,,,,,,no_exact_coolprop_fluid_or_predefined_mixture,no exact CoolProp 7.2.0 predefined mixture or explicit composition recipe,,,,,"{""ashrae_safety_group"":[""unep-teap-2025-v3""]}",,,,,,,,,,,,,,,,,[],,"[""unsupported: no P-T saturation curve shipped""]"
r434a,R434A,blend,R434A,unsupported,supported,R434A.mix,CoolProp predefined mixture,coolprop-pt-7.2.0,,,,,,,-45.0,,,bitzer-refreport-table,"{""ashrae_safety_group"":[""bitzer-refreport-table""],""molar_mass_g_mol"":[""bitzer-refreport-table""],""nominal_glide_k"":[""bitzer-refreport-table""],""normal_boiling_c"":[""bitzer-refreport-table""],""odp"":[""bitzer-refreport-table""],""oil_notes"":[""bitzer-refreport-table""],""oil_notes_en"":[""bitzer-refreport-table""],""oil_typical"":[""bitzer-refreport-table""]}",-106.59929125243971,-106.59929125243971,-106.59929125243971,257.17925284580645,,-105.59929125243971,257.17925284580645,,,,above_model_minimum_and_reported_triple_point,validated_solver_interval_below_model_maximum,"{""nodeCount"":51,""minimumTemperatureC"":-105.5992912524,""maximumTemperatureC"":69.4007087476,""temperatureSpanK"":175.0,""minimumPressureBarAbsolute"":0.0159758314466506,""maximumPressureBarAbsolute"":34.0374910889592,""offsetAboveModelEffectiveLowerBoundK"":1.0,""offsetAboveSearchMinimumK"":0.0,""gapBelowSearchMaximumK"":187.778544,""gapBelowCatalogCriticalK"":null}","{""nodeCount"":53,""minimumTemperatureC"":-105.5992912524,""maximumTemperatureC"":64.4007087476,""temperatureSpanK"":170.0,""minimumPressureBarAbsolute"":0.00980193716939492,""maximumPressureBarAbsolute"":30.137075348924,""offsetAboveModelEffectiveLowerBoundK"":1.0,""offsetAboveSearchMinimumK"":0.0,""gapBelowSearchMaximumK"":192.778544,""gapBelowCatalogCriticalK"":null}",0.0,5.0,[],,"[""no scalar CoolProp Tcrit; upper endpoint is validated solver/model coverage, not physical critical boundary"",""bubble ends >20 K below search ceiling; solver-limited branch"",""dew ends >20 K below search ceiling; solver-limited branch""]"
r435a,R435A,blend,R435A,unsupported,unsupported,,,,,,,,no_exact_coolprop_fluid_or_predefined_mixture,no exact CoolProp 7.2.0 predefined mixture or explicit composition recipe,,,,,"{""ashrae_safety_group"":[""dcceew-safety-2024-preview""]}",,,,,,,,,,,,,,,,,[],,"[""unsupported: no P-T saturation curve shipped""]"
r436a,R436A,blend,R436A,unsupported,supported,R436A.mix,CoolProp predefined mixture,coolprop-pt-7.2.0,,,,,,,,,,,"{""ashrae_safety_group"":[""ashrae-handbook-f25-safety""]}",-177.09121470896656,-177.09121470896656,-177.09121470896656,348.83957997420646,,-176.09121470896656,348.83957997420646,,,,above_model_minimum_and_reported_triple_point,validated_solver_interval_below_model_maximum,"{""nodeCount"":105,""minimumTemperatureC"":-171.091214709,""maximumTemperatureC"":98.908785291,""temperatureSpanK"":270.0,""minimumPressureBarAbsolute"":2.73581458482828e-07,""maximumPressureBarAbsolute"":32.8163165609521,""offsetAboveModelEffectiveLowerBoundK"":6.0,""offsetAboveSearchMinimumK"":5.0,""gapBelowSearchMaximumK"":249.930795,""gapBelowCatalogCriticalK"":null}","{""nodeCount"":105,""minimumTemperatureC"":-161.091214709,""maximumTemperatureC"":113.908785291,""temperatureSpanK"":275.0,""minimumPressureBarAbsolute"":3.75175046658942e-07,""maximumPressureBarAbsolute"":40.7272590022045,""offsetAboveModelEffectiveLowerBoundK"":16.0,""offsetAboveSearchMinimumK"":15.0,""gapBelowSearchMaximumK"":234.930795,""gapBelowCatalogCriticalK"":null}",-10.0,-15.0,[],,"[""no scalar CoolProp Tcrit; upper endpoint is validated solver/model coverage, not physical critical boundary"",""bubble ends >20 K below search ceiling; solver-limited branch"",""dew begins >10 K above search minimum; solver-limited branch"",""dew ends >20 K below search ceiling; solver-limited branch"",""bubble/dew lower coverage differs by >=10 K; side-specific numerical range"",""bubble/dew upper coverage differs by >=10 K; side-specific numerical range""]"
r436b,R436B,blend,R436B,unsupported,supported,R436B.mix,CoolProp predefined mixture,coolprop-pt-7.2.0,,,,,,,,,,,"{""ashrae_safety_group"":[""ashrae-handbook-f25-safety""]}",-176.0081362392542,-176.0081362392542,-176.0081362392542,345.9595627705751,,-175.0081362392542,345.9595627705751,,,,above_model_minimum_and_reported_triple_point,validated_solver_interval_below_model_maximum,"{""nodeCount"":104,""minimumTemperatureC"":-170.0081362393,""maximumTemperatureC"":99.9918637607,""temperatureSpanK"":270.0,""minimumPressureBarAbsolute"":3.44205986615959e-07,""maximumPressureBarAbsolute"":32.4515367842964,""offsetAboveModelEffectiveLowerBoundK"":6.0,""offsetAboveSearchMinimumK"":5.0,""gapBelowSearchMaximumK"":245.967699,""gapBelowCatalogCriticalK"":null}","{""nodeCount"":104,""minimumTemperatureC"":-160.0081362393,""maximumTemperatureC"":114.9918637607,""temperatureSpanK"":275.0,""minimumPressureBarAbsolute"":4.56297277738113e-07,""maximumPressureBarAbsolute"":40.1579716630467,""offsetAboveModelEffectiveLowerBoundK"":16.0,""offsetAboveSearchMinimumK"":15.0,""gapBelowSearchMaximumK"":230.967699,""gapBelowCatalogCriticalK"":null}",-10.0,-15.0,[],,"[""no scalar CoolProp Tcrit; upper endpoint is validated solver/model coverage, not physical critical boundary"",""bubble ends >20 K below search ceiling; solver-limited branch"",""dew begins >10 K above search minimum; solver-limited branch"",""dew ends >20 K below search ceiling; solver-limited branch"",""bubble/dew lower coverage differs by >=10 K; side-specific numerical range"",""bubble/dew upper coverage differs by >=10 K; side-specific numerical range""]"
r436c,R436C,blend,R436C,unsupported,unsupported,,,,,,,,no_exact_coolprop_fluid_or_predefined_mixture,no exact CoolProp 7.2.0 predefined mixture or explicit composition recipe,,,,,"{""ashrae_safety_group"":[""ashrae-handbook-f25-safety""]}",,,,,,,,,,,,,,,,,[],,"[""unsupported: no P-T saturation curve shipped""]"
r437a,R437A,blend,R437A,unsupported,unsupported,,,,,,,,no_exact_coolprop_fluid_or_predefined_mixture,no exact CoolProp 7.2.0 predefined mixture or explicit composition recipe,-32.4,,,bitzer-refreport-table,"{""ashrae_safety_group"":[""bitzer-refreport-table""],""molar_mass_g_mol"":[""bitzer-refreport-table""],""nominal_glide_k"":[""bitzer-refreport-table""],""normal_boiling_c"":[""bitzer-refreport-table""],""odp"":[""bitzer-refreport-table""],""oil_notes"":[""bitzer-refreport-table""],""oil_notes_en"":[""bitzer-refreport-table""],""oil_possible"":[""bitzer-refreport-table""],""oil_typical"":[""bitzer-refreport-table""],""gwp_ar4_100"":[""chemours-cre-2016""]}",,,,,,,,,,,,,,,,,[],,"[""unsupported: no P-T saturation curve shipped""]"
r438a,R438A,blend,R438A,unsupported,unsupported,,,,,,,,no_exact_coolprop_fluid_or_predefined_mixture,no exact CoolProp 7.2.0 predefined mixture or explicit composition recipe,-42.3,,,bitzer-refreport-table,"{""ashrae_safety_group"":[""bitzer-refreport-table""],""molar_mass_g_mol"":[""bitzer-refreport-table""],""nominal_glide_k"":[""bitzer-refreport-table""],""normal_boiling_c"":[""bitzer-refreport-table""],""odp"":[""bitzer-refreport-table""],""oil_notes"":[""bitzer-refreport-table""],""oil_notes_en"":[""bitzer-refreport-table""],""oil_possible"":[""bitzer-refreport-table""],""oil_typical"":[""bitzer-refreport-table""]}",,,,,,,,,,,,,,,,,[],,"[""unsupported: no P-T saturation curve shipped""]"
r439a,R439A,blend,R439A,unsupported,supported,R439A.mix,CoolProp predefined mixture,coolprop-pt-7.2.0,,,,,,,,,,,"{""ashrae_safety_group"":[""dcceew-safety-2024-preview""]}",-127.55208952547574,-127.55208952547574,-127.55208952547574,185.12122650332702,,-126.55208952547574,185.12122650332702,,,,above_model_minimum_and_reported_triple_point,validated_solver_interval_below_model_maximum,"{""nodeCount"":58,""minimumTemperatureC"":-126.5520895255,""maximumTemperatureC"":53.4479104745,""temperatureSpanK"":180.0,""minimumPressureBarAbsolute"":0.00272416261179193,""maximumPressureBarAbsolute"":33.4378669155507,""offsetAboveModelEffectiveLowerBoundK"":1.0,""offsetAboveSearchMinimumK"":-0.0,""gapBelowSearchMaximumK"":131.673316,""gapBelowCatalogCriticalK"":null}","{""nodeCount"":46,""minimumTemperatureC"":-101.5520895255,""maximumTemperatureC"":53.4479104745,""temperatureSpanK"":155.0,""minimumPressureBarAbsolute"":0.0330313228501722,""maximumPressureBarAbsolute"":33.3493190494712,""offsetAboveModelEffectiveLowerBoundK"":26.0,""offsetAboveSearchMinimumK"":25.0,""gapBelowSearchMaximumK"":131.673316,""gapBelowCatalogCriticalK"":null}",-25.0,0.0,[],,"[""no scalar CoolProp Tcrit; upper endpoint is validated solver/model coverage, not physical critical boundary"",""bubble ends >20 K below search ceiling; solver-limited branch"",""dew begins >10 K above search minimum; solver-limited branch"",""dew ends >20 K below search ceiling; solver-limited branch"",""bubble/dew lower coverage differs by >=10 K; side-specific numerical range""]"
r440a,R440A,blend,R440A,unsupported,supported,R440A.mix,CoolProp predefined mixture,coolprop-pt-7.2.0,,,,,,,,,,,"{""ashrae_safety_group"":[""ashrae-handbook-f25-safety""]}",-119.05330768590835,-119.05330768590835,-119.05330768590835,227.7343652474744,112.65486795909965,-118.05330768590835,109.65486795909965,,,,above_model_minimum_and_reported_triple_point,critical_margin_or_model_maximum,"{""nodeCount"":63,""minimumTemperatureC"":-118.0533076859,""maximumTemperatureC"":96.9466923141,""temperatureSpanK"":215.0,""minimumPressureBarAbsolute"":0.00155936734611295,""maximumPressureBarAbsolute"":33.4860827736682,""offsetAboveModelEffectiveLowerBoundK"":1.0,""offsetAboveSearchMinimumK"":0.0,""gapBelowSearchMaximumK"":12.708176,""gapBelowCatalogCriticalK"":null}","{""nodeCount"":70,""minimumTemperatureC"":-118.0533076859,""maximumTemperatureC"":96.9466923141,""temperatureSpanK"":215.0,""minimumPressureBarAbsolute"":0.000672705325151487,""maximumPressureBarAbsolute"":33.3262167668075,""offsetAboveModelEffectiveLowerBoundK"":1.0,""offsetAboveSearchMinimumK"":0.0,""gapBelowSearchMaximumK"":12.708176,""gapBelowCatalogCriticalK"":null}",0.0,0.0,[],,[]
r441a,R441A,blend,R441A,unsupported,supported,R441A.mix,CoolProp predefined mixture,coolprop-pt-7.2.0,,,,,,,,,,,"{""ashrae_safety_group"":[""epa-snap-ac-preview""]}",-171.16518241885086,-171.16518241885086,-171.16518241885086,351.8533092346763,118.46730997143811,-170.16518241885086,115.46730997143811,,,,above_model_minimum_and_reported_triple_point,critical_margin_or_model_maximum,"{""nodeCount"":76,""minimumTemperatureC"":-170.1651824189,""maximumTemperatureC"":89.8348175811,""temperatureSpanK"":260.0,""minimumPressureBarAbsolute"":2.60023556778238e-05,""maximumPressureBarAbsolute"":29.6760948309897,""offsetAboveModelEffectiveLowerBoundK"":1.0,""offsetAboveSearchMinimumK"":-0.0,""gapBelowSearchMaximumK"":25.632492,""gapBelowCatalogCriticalK"":null}","{""nodeCount"":102,""minimumTemperatureC"":-155.1651824189,""maximumTemperatureC"":109.8348175811,""temperatureSpanK"":265.0,""minimumPressureBarAbsolute"":4.9542579060137e-07,""maximumPressureBarAbsolute"":36.3207227683069,""offsetAboveModelEffectiveLowerBoundK"":16.0,""offsetAboveSearchMinimumK"":15.0,""gapBelowSearchMaximumK"":5.632492,""gapBelowCatalogCriticalK"":null}",-15.0,-20.0,[],,"[""bubble ends >20 K below search ceiling; solver-limited branch"",""dew begins >10 K above search minimum; solver-limited branch"",""bubble/dew lower coverage differs by >=10 K; side-specific numerical range"",""bubble/dew upper coverage differs by >=10 K; side-specific numerical range""]"
r442a,R442A,blend,R442A,unsupported,supported,R442A.mix,CoolProp predefined mixture,coolprop-pt-7.2.0,,,,,,,-46.4,,,bitzer-refreport-table,"{""ashrae_safety_group"":[""bitzer-refreport-table""],""molar_mass_g_mol"":[""bitzer-refreport-table""],""nominal_glide_k"":[""bitzer-refreport-table""],""normal_boiling_c"":[""bitzer-refreport-table""],""odp"":[""bitzer-refreport-table""],""oil_notes"":[""bitzer-refreport-table""],""oil_notes_en"":[""bitzer-refreport-table""],""oil_possible"":[""bitzer-refreport-table""],""oil_typical"":[""bitzer-refreport-table""]}",-120.19574448745797,-120.19574448745797,-120.19574448745797,183.7611426891146,,-119.19574448745797,183.7611426891146,,,,above_model_minimum_and_reported_triple_point,validated_solver_interval_below_model_maximum,"{""nodeCount"":56,""minimumTemperatureC"":-119.1957444875,""maximumTemperatureC"":50.8042555125,""temperatureSpanK"":170.0,""minimumPressureBarAbsolute"":0.0037347053159416,""maximumPressureBarAbsolute"":24.9828219719574,""offsetAboveModelEffectiveLowerBoundK"":1.0,""offsetAboveSearchMinimumK"":-0.0,""gapBelowSearchMaximumK"":132.956887,""gapBelowCatalogCriticalK"":null}","{""nodeCount"":68,""minimumTemperatureC"":-119.1957444875,""maximumTemperatureC"":75.8042555125,""temperatureSpanK"":195.0,""minimumPressureBarAbsolute"":0.00125855947162337,""maximumPressureBarAbsolute"":40.3663804090869,""offsetAboveModelEffectiveLowerBoundK"":1.0,""offsetAboveSearchMinimumK"":-0.0,""gapBelowSearchMaximumK"":107.956887,""gapBelowCatalogCriticalK"":null}",0.0,-25.0,[],,"[""no scalar CoolProp Tcrit; upper endpoint is validated solver/model coverage, not physical critical boundary"",""bubble ends >20 K below search ceiling; solver-limited branch"",""dew ends >20 K below search ceiling; solver-limited branch"",""bubble/dew upper coverage differs by >=10 K; side-specific numerical range""]"
r443a,R443A,blend,R443A,unsupported,supported,R443A.mix,CoolProp predefined mixture,coolprop-pt-7.2.0,,,,,,,-45.2,,,bitzer-refreport-table,"{""ashrae_safety_group"":[""bitzer-refreport-table""],""molar_mass_g_mol"":[""bitzer-refreport-table""],""nominal_glide_k"":[""bitzer-refreport-table""],""normal_boiling_c"":[""bitzer-refreport-table""],""odp"":[""bitzer-refreport-table""],""oil_notes"":[""bitzer-refreport-table""],""oil_notes_en"":[""bitzer-refreport-table""],""oil_possible"":[""bitzer-refreport-table""],""oil_typical"":[""bitzer-refreport-table""]}",-185.19048016602235,-185.19048016602235,-185.19048016602235,331.42757462582733,,-184.19048016602235,331.42757462582733,,,,above_model_minimum_and_reported_triple_point,validated_solver_interval_below_model_maximum,"{""nodeCount"":103,""minimumTemperatureC"":-174.190480166,""maximumTemperatureC"":70.809519834,""temperatureSpanK"":245.0,""minimumPressureBarAbsolute"":2.63992639039271e-07,""maximumPressureBarAbsolute"":28.6025211034781,""offsetAboveModelEffectiveLowerBoundK"":11.0,""offsetAboveSearchMinimumK"":10.0,""gapBelowSearchMaximumK"":260.618055,""gapBelowCatalogCriticalK"":null}","{""nodeCount"":97,""minimumTemperatureC"":-164.190480166,""maximumTemperatureC"":75.809519834,""temperatureSpanK"":240.0,""minimumPressureBarAbsolute"":1.19677227274287e-06,""maximumPressureBarAbsolute"":30.5767520701311,""offsetAboveModelEffectiveLowerBoundK"":21.0,""offsetAboveSearchMinimumK"":20.0,""gapBelowSearchMaximumK"":255.618055,""gapBelowCatalogCriticalK"":null}",-10.0,-5.0,[],,"[""no scalar CoolProp Tcrit; upper endpoint is validated solver/model coverage, not physical critical boundary"",""bubble ends >20 K below search ceiling; solver-limited branch"",""dew begins >10 K above search minimum; solver-limited branch"",""dew ends >20 K below search ceiling; solver-limited branch"",""bubble/dew lower coverage differs by >=10 K; side-specific numerical range""]"
r444a,R444A,blend,R444A,unsupported,supported,R444A.mix,CoolProp predefined mixture,coolprop-pt-7.2.0,,,,,,,-35.7,,,bitzer-refreport-table,"{""ashrae_safety_group"":[""bitzer-refreport-table""],""molar_mass_g_mol"":[""bitzer-refreport-table""],""nominal_glide_k"":[""bitzer-refreport-table""],""normal_boiling_c"":[""bitzer-refreport-table""],""odp"":[""bitzer-refreport-table""],""oil_notes"":[""bitzer-refreport-table""],""oil_notes_en"":[""bitzer-refreport-table""],""oil_possible"":[""bitzer-refreport-table""],""oil_typical"":[""bitzer-refreport-table""]}",-112.75896837374427,-112.75896837374427,-112.75896837374427,156.05148559386294,,-111.75896837374427,156.05148559386294,,,,above_model_minimum_and_reported_triple_point,validated_solver_interval_below_model_maximum,"{""nodeCount"":58,""minimumTemperatureC"":-111.7589683737,""maximumTemperatureC"":93.2410316263,""temperatureSpanK"":205.0,""minimumPressureBarAbsolute"":0.00609944941391699,""maximumPressureBarAbsolute"":36.1430289734146,""offsetAboveModelEffectiveLowerBoundK"":1.0,""offsetAboveSearchMinimumK"":0.0,""gapBelowSearchMaximumK"":62.810454,""gapBelowCatalogCriticalK"":null}","{""nodeCount"":64,""minimumTemperatureC"":-111.7589683737,""maximumTemperatureC"":83.2410316263,""temperatureSpanK"":195.0,""minimumPressureBarAbsolute"":0.00119952883976687,""maximumPressureBarAbsolute"":26.8829358431376,""offsetAboveModelEffectiveLowerBoundK"":1.0,""offsetAboveSearchMinimumK"":0.0,""gapBelowSearchMaximumK"":72.810454,""gapBelowCatalogCriticalK"":null}",0.0,10.0,[],,"[""no scalar CoolProp Tcrit; upper endpoint is validated solver/model coverage, not physical critical boundary"",""bubble ends >20 K below search ceiling; solver-limited branch"",""dew ends >20 K below search ceiling; solver-limited branch"",""bubble/dew upper coverage differs by >=10 K; side-specific numerical range""]"
r444b,R444B,blend,R444B,unsupported,supported,R444B.mix,CoolProp predefined mixture,coolprop-pt-7.2.0,,,,,,,-45.0,,,bitzer-refreport-table,"{""ashrae_safety_group"":[""bitzer-refreport-table""],""molar_mass_g_mol"":[""bitzer-refreport-table""],""nominal_glide_k"":[""bitzer-refreport-table""],""normal_boiling_c"":[""bitzer-refreport-table""],""odp"":[""bitzer-refreport-table""],""oil_notes"":[""bitzer-refreport-table""],""oil_notes_en"":[""bitzer-refreport-table""],""oil_possible"":[""bitzer-refreport-table""],""oil_typical"":[""bitzer-refreport-table""]}",-124.81440993307217,-124.81440993307217,-124.81440993307217,164.36866548251413,,-123.81440993307217,164.36866548251413,,,,above_model_minimum_and_reported_triple_point,validated_solver_interval_below_model_maximum,"{""nodeCount"":65,""minimumTemperatureC"":-123.8144099331,""maximumTemperatureC"":81.1855900669,""temperatureSpanK"":205.0,""minimumPressureBarAbsolute"":0.00224875136384504,""maximumPressureBarAbsolute"":42.5218684893007,""offsetAboveModelEffectiveLowerBoundK"":1.0,""offsetAboveSearchMinimumK"":-0.0,""gapBelowSearchMaximumK"":83.183075,""gapBelowCatalogCriticalK"":null}","{""nodeCount"":73,""minimumTemperatureC"":-123.8144099331,""maximumTemperatureC"":86.1855900669,""temperatureSpanK"":210.0,""minimumPressureBarAbsolute"":0.000433152065434733,""maximumPressureBarAbsolute"":42.6324974637257,""offsetAboveModelEffectiveLowerBoundK"":1.0,""offsetAboveSearchMinimumK"":-0.0,""gapBelowSearchMaximumK"":78.183075,""gapBelowCatalogCriticalK"":null}",0.0,-5.0,[],,"[""no scalar CoolProp Tcrit; upper endpoint is validated solver/model coverage, not physical critical boundary"",""bubble ends >20 K below search ceiling; solver-limited branch"",""dew ends >20 K below search ceiling; solver-limited branch""]"
r445a,R445A,blend,R445A,unsupported,unsupported,,,,,,,,no_exact_coolprop_fluid_or_predefined_mixture,no exact CoolProp 7.2.0 predefined mixture or explicit composition recipe,,,,,"{""ashrae_safety_group"":[""dcceew-safety-2024-preview""]}",,,,,,,,,,,,,,,,,[],,"[""unsupported: no P-T saturation curve shipped""]"
r446a,R446A,blend,R446A,unsupported,unsupported,,,,,,,,no_exact_coolprop_fluid_or_predefined_mixture,no exact CoolProp 7.2.0 predefined mixture or explicit composition recipe,,,,,"{""ashrae_safety_group"":[""dcceew-safety-2024-preview""]}",,,,,,,,,,,,,,,,,[],,"[""unsupported: no P-T saturation curve shipped""]"
r447a,R447A,blend,R447A,unsupported,unsupported,,,,,,,,no_exact_coolprop_fluid_or_predefined_mixture,no exact CoolProp 7.2.0 predefined mixture or explicit composition recipe,,,,,"{""ashrae_safety_group"":[""dcceew-safety-2024-preview""]}",,,,,,,,,,,,,,,,,[],,"[""unsupported: no P-T saturation curve shipped""]"
r447b,R447B,blend,R447B,unsupported,unsupported,,,,,,,,no_exact_coolprop_fluid_or_predefined_mixture,no exact CoolProp 7.2.0 predefined mixture or explicit composition recipe,-50.0,,,bitzer-refreport-table,"{""ashrae_safety_group"":[""bitzer-refreport-table""],""nominal_glide_k"":[""bitzer-refreport-table""],""normal_boiling_c"":[""bitzer-refreport-table""],""odp"":[""bitzer-refreport-table""],""oil_notes"":[""bitzer-refreport-table""],""oil_notes_en"":[""bitzer-refreport-table""],""oil_possible"":[""bitzer-refreport-table""],""oil_typical"":[""bitzer-refreport-table""]}",,,,,,,,,,,,,,,,,[],,"[""unsupported: no P-T saturation curve shipped""]"
r448a,R448A,blend,R448A,unsupported,unsupported,,,,,,,,no_exact_coolprop_fluid_or_predefined_mixture,no exact CoolProp 7.2.0 predefined mixture or explicit composition recipe,-46.1,,,bitzer-refreport-table,"{""molar_mass_g_mol"":[""bitzer-refreport-table""],""nominal_glide_k"":[""bitzer-refreport-table""],""normal_boiling_c"":[""bitzer-refreport-table""],""odp"":[""bitzer-refreport-table""],""oil_notes"":[""bitzer-refreport-table""],""oil_notes_en"":[""bitzer-refreport-table""],""oil_possible"":[""bitzer-refreport-table""],""oil_typical"":[""bitzer-refreport-table""]}",,,,,,,,,,,,,,,,,[],,"[""unsupported: no P-T saturation curve shipped""]"
r448b,R448B,blend,R448B,unsupported,unsupported,,,,,,,,no_exact_coolprop_fluid_or_predefined_mixture,no exact CoolProp 7.2.0 predefined mixture or explicit composition recipe,,,,,"{""ashrae_safety_group"":[""ashrae-handbook-f25-safety""]}",,,,,,,,,,,,,,,,,[],,"[""unsupported: no P-T saturation curve shipped""]"
r449a,R449A,blend,R449A,unsupported,supported,R449A.mix,CoolProp predefined mixture,coolprop-pt-7.2.0,,,,,,,-45.7,,,bitzer-refreport-table,"{""molar_mass_g_mol"":[""bitzer-refreport-table""],""nominal_glide_k"":[""bitzer-refreport-table""],""normal_boiling_c"":[""bitzer-refreport-table""],""odp"":[""bitzer-refreport-table""],""oil_notes"":[""chemours-replacement-guide""],""oil_notes_en"":[""chemours-replacement-guide""],""oil_possible"":[""bitzer-refreport-table""],""oil_typical"":[""chemours-replacement-guide""]}",-106.76850766989841,-106.76850766989841,-106.76850766989841,173.07272519055635,,-105.76850766989841,173.07272519055635,,,,above_model_minimum_and_reported_triple_point,validated_solver_interval_below_model_maximum,"{""nodeCount"":52,""minimumTemperatureC"":-105.7685076699,""maximumTemperatureC"":74.2314923301,""temperatureSpanK"":180.0,""minimumPressureBarAbsolute"":0.0156074654278339,""maximumPressureBarAbsolute"":39.0510127877244,""offsetAboveModelEffectiveLowerBoundK"":1.0,""offsetAboveSearchMinimumK"":-0.0,""gapBelowSearchMaximumK"":98.841233,""gapBelowCatalogCriticalK"":null}","{""nodeCount"":55,""minimumTemperatureC"":-105.7685076699,""maximumTemperatureC"":74.2314923301,""temperatureSpanK"":180.0,""minimumPressureBarAbsolute"":0.0080546111311414,""maximumPressureBarAbsolute"":37.1712622201452,""offsetAboveModelEffectiveLowerBoundK"":1.0,""offsetAboveSearchMinimumK"":-0.0,""gapBelowSearchMaximumK"":98.841233,""gapBelowCatalogCriticalK"":null}",0.0,0.0,[],,"[""no scalar CoolProp Tcrit; upper endpoint is validated solver/model coverage, not physical critical boundary"",""bubble ends >20 K below search ceiling; solver-limited branch"",""dew ends >20 K below search ceiling; solver-limited branch""]"
r449b,R449B,blend,R449B,unsupported,supported,R449B.mix,CoolProp predefined mixture,coolprop-pt-7.2.0,,,,,,,-46.0,,,bitzer-refreport-table,"{""ashrae_safety_group"":[""bitzer-refreport-table""],""nominal_glide_k"":[""bitzer-refreport-table""],""normal_boiling_c"":[""bitzer-refreport-table""],""odp"":[""bitzer-refreport-table""],""oil_notes"":[""bitzer-refreport-table""],""oil_notes_en"":[""bitzer-refreport-table""],""oil_possible"":[""bitzer-refreport-table""],""oil_typical"":[""bitzer-refreport-table""]}",-108.04079769262415,-108.04079769262415,-108.04079769262415,173.44520882929515,,-107.04079769262415,173.44520882929515,,,,above_model_minimum_and_reported_triple_point,validated_solver_interval_below_model_maximum,"{""nodeCount"":54,""minimumTemperatureC"":-107.0407976926,""maximumTemperatureC"":77.9592023074,""temperatureSpanK"":185.0,""minimumPressureBarAbsolute"":0.0137460653946552,""maximumPressureBarAbsolute"":42.1744129039773,""offsetAboveModelEffectiveLowerBoundK"":1.0,""offsetAboveSearchMinimumK"":0.0,""gapBelowSearchMaximumK"":95.486007,""gapBelowCatalogCriticalK"":null}","{""nodeCount"":56,""minimumTemperatureC"":-107.0407976926,""maximumTemperatureC"":72.9592023074,""temperatureSpanK"":180.0,""minimumPressureBarAbsolute"":0.00689507432068518,""maximumPressureBarAbsolute"":36.2885266856106,""offsetAboveModelEffectiveLowerBoundK"":1.0,""offsetAboveSearchMinimumK"":0.0,""gapBelowSearchMaximumK"":100.486007,""gapBelowCatalogCriticalK"":null}",0.0,5.0,[],,"[""no scalar CoolProp Tcrit; upper endpoint is validated solver/model coverage, not physical critical boundary"",""bubble ends >20 K below search ceiling; solver-limited branch"",""dew ends >20 K below search ceiling; solver-limited branch""]"
r449c,R449C,blend,R449C,unsupported,unsupported,,,,,,,,no_exact_coolprop_fluid_or_predefined_mixture,no exact CoolProp 7.2.0 predefined mixture or explicit composition recipe,-44.0,,,bitzer-refreport-table,"{""ashrae_safety_group"":[""bitzer-refreport-table""],""nominal_glide_k"":[""bitzer-refreport-table""],""normal_boiling_c"":[""bitzer-refreport-table""],""odp"":[""bitzer-refreport-table""],""oil_notes"":[""bitzer-refreport-table""],""oil_notes_en"":[""bitzer-refreport-table""],""oil_possible"":[""bitzer-refreport-table""],""oil_typical"":[""bitzer-refreport-table""]}",,,,,,,,,,,,,,,,,[],,"[""unsupported: no P-T saturation curve shipped""]"
r450a,R450A,blend,R450A,unsupported,unsupported,,,,,,,,no_exact_coolprop_fluid_or_predefined_mixture,no exact CoolProp 7.2.0 predefined mixture or explicit composition recipe,-23.4,,,bitzer-refreport-table,"{""molar_mass_g_mol"":[""bitzer-refreport-table""],""nominal_glide_k"":[""bitzer-refreport-table""],""normal_boiling_c"":[""bitzer-refreport-table""],""odp"":[""bitzer-refreport-table""],""oil_notes"":[""bitzer-refreport-table""],""oil_notes_en"":[""bitzer-refreport-table""],""oil_possible"":[""bitzer-refreport-table""],""oil_typical"":[""bitzer-refreport-table""]}",,,,,,,,,,,,,,,,,[],,"[""unsupported: no P-T saturation curve shipped""]"
r451a,R451A,blend,R451A,unsupported,supported,R451A.mix,CoolProp predefined mixture,coolprop-pt-7.2.0,,,,,,,,,,,"{""ashrae_safety_group"":[""dcceew-safety-2024-preview""]}",-58.79956449741729,-58.79956449741729,-58.79956449741729,141.9193998481312,,-57.79956449741729,141.9193998481312,,,,above_model_minimum_and_reported_triple_point,validated_solver_interval_below_model_maximum,"{""nodeCount"":33,""minimumTemperatureC"":-57.7995644974,""maximumTemperatureC"":67.2004355026,""temperatureSpanK"":125.0,""minimumPressureBarAbsolute"":0.242105721710376,""maximumPressureBarAbsolute"":19.6599826030464,""offsetAboveModelEffectiveLowerBoundK"":1.0,""offsetAboveSearchMinimumK"":0.0,""gapBelowSearchMaximumK"":74.718964,""gapBelowCatalogCriticalK"":null}","{""nodeCount"":33,""minimumTemperatureC"":-57.7995644974,""maximumTemperatureC"":67.2004355026,""temperatureSpanK"":125.0,""minimumPressureBarAbsolute"":0.242093259474312,""maximumPressureBarAbsolute"":19.6310133872583,""offsetAboveModelEffectiveLowerBoundK"":1.0,""offsetAboveSearchMinimumK"":0.0,""gapBelowSearchMaximumK"":74.718964,""gapBelowCatalogCriticalK"":null}",0.0,0.0,[],,"[""no scalar CoolProp Tcrit; upper endpoint is validated solver/model coverage, not physical critical boundary"",""bubble ends >20 K below search ceiling; solver-limited branch"",""dew ends >20 K below search ceiling; solver-limited branch""]"
r451b,R451B,blend,R451B,unsupported,supported,R451B.mix,CoolProp predefined mixture,coolprop-pt-7.2.0,,,,,,,,,,,"{""ashrae_safety_group"":[""dcceew-safety-2024-preview""]}",-59.34623666268786,-59.34623666268786,-59.34623666268786,142.40993319682866,,-58.34623666268786,142.40993319682866,,,,above_model_minimum_and_reported_triple_point,validated_solver_interval_below_model_maximum,"{""nodeCount"":34,""minimumTemperatureC"":-58.3462366627,""maximumTemperatureC"":71.6537633373,""temperatureSpanK"":130.0,""minimumPressureBarAbsolute"":0.234374807035665,""maximumPressureBarAbsolute"":21.6747902896362,""offsetAboveModelEffectiveLowerBoundK"":1.0,""offsetAboveSearchMinimumK"":-0.0,""gapBelowSearchMaximumK"":70.75617,""gapBelowCatalogCriticalK"":null}","{""nodeCount"":34,""minimumTemperatureC"":-58.3462366627,""maximumTemperatureC"":71.6537633373,""temperatureSpanK"":130.0,""minimumPressureBarAbsolute"":0.234350245161223,""maximumPressureBarAbsolute"":21.642871527611,""offsetAboveModelEffectiveLowerBoundK"":1.0,""offsetAboveSearchMinimumK"":-0.0,""gapBelowSearchMaximumK"":70.75617,""gapBelowCatalogCriticalK"":null}",0.0,0.0,[],,"[""no scalar CoolProp Tcrit; upper endpoint is validated solver/model coverage, not physical critical boundary"",""bubble ends >20 K below search ceiling; solver-limited branch"",""dew ends >20 K below search ceiling; solver-limited branch""]"
r452a,R452A,blend,R452A,unsupported,supported,R452A.mix,CoolProp predefined mixture,coolprop-pt-7.2.0,,,,,,,-46.9,,,bitzer-refreport-table,"{""molar_mass_g_mol"":[""bitzer-refreport-table""],""nominal_glide_k"":[""bitzer-refreport-table""],""normal_boiling_c"":[""bitzer-refreport-table""],""odp"":[""bitzer-refreport-table""],""oil_notes"":[""chemours-replacement-guide""],""oil_notes_en"":[""chemours-replacement-guide""],""oil_possible"":[""bitzer-refreport-table""],""oil_typical"":[""chemours-replacement-guide""]}",-95.61981447554913,-95.61981447554913,-95.61981447554913,188.1170173503599,,-94.61981447554913,188.1170173503599,,,,above_model_minimum_and_reported_triple_point,validated_solver_interval_below_model_maximum,"{""nodeCount"":47,""minimumTemperatureC"":-94.6198144755,""maximumTemperatureC"":70.3801855245,""temperatureSpanK"":165.0,""minimumPressureBarAbsolute"":0.0466824723813359,""maximumPressureBarAbsolute"":36.9659949574575,""offsetAboveModelEffectiveLowerBoundK"":1.0,""offsetAboveSearchMinimumK"":0.0,""gapBelowSearchMaximumK"":117.736832,""gapBelowCatalogCriticalK"":null}","{""nodeCount"":46,""minimumTemperatureC"":-94.6198144755,""maximumTemperatureC"":65.3801855245,""temperatureSpanK"":160.0,""minimumPressureBarAbsolute"":0.0351801231938941,""maximumPressureBarAbsolute"":31.9262752837734,""offsetAboveModelEffectiveLowerBoundK"":1.0,""offsetAboveSearchMinimumK"":0.0,""gapBelowSearchMaximumK"":122.736832,""gapBelowCatalogCriticalK"":null}",0.0,5.0,[],,"[""no scalar CoolProp Tcrit; upper endpoint is validated solver/model coverage, not physical critical boundary"",""bubble ends >20 K below search ceiling; solver-limited branch"",""dew ends >20 K below search ceiling; solver-limited branch""]"
r452b,R452B,blend,R452B,unsupported,supported,HEOS::R1234yf[0.14482932042283217]&R125[0.037049791728208929]&R32[0.81812088784895898],explicit-composition HEOS blend,unep-ozone-oewg47-inf3-rev1,,,,"{""coolPropFluid"":""HEOS::R1234yf[0.14482932042283217]&R125[0.037049791728208929]&R32[0.81812088784895898]"",""components"":[{""refrigerantId"":""r1234yf"",""coolPropFluid"":""R1234yf"",""massFraction"":""0.26"",""sourceId"":""unep-ozone-oewg47-inf3-rev1"",""molarMassKgMol"":0.1140415928,""moleFraction"":0.14482932042283217},{""refrigerantId"":""r125"",""coolPropFluid"":""R125"",""massFraction"":""0.07"",""sourceId"":""unep-ozone-oewg47-inf3-rev1"",""molarMassKgMol"":0.1200214,""moleFraction"":0.03704979172820893},{""refrigerantId"":""r32"",""coolPropFluid"":""R32"",""massFraction"":""0.67"",""sourceId"":""unep-ozone-oewg47-inf3-rev1"",""molarMassKgMol"":0.052024,""moleFraction"":0.818120887848959}],""binaryPairs"":[{""components"":[""r1234yf"",""r125""],""policy"":""built_in_HEOS_parameters_only""},{""components"":[""r1234yf"",""r32""],""policy"":""built_in_HEOS_parameters_only""},{""components"":[""r125"",""r32""],""policy"":""built_in_HEOS_parameters_only""}]}",,,-50.7,,,bitzer-refreport-table,"{""molar_mass_g_mol"":[""bitzer-refreport-table""],""nominal_glide_k"":[""bitzer-refreport-table""],""normal_boiling_c"":[""bitzer-refreport-table""],""odp"":[""bitzer-refreport-table""],""oil_notes"":[""bitzer-refreport-table""],""oil_notes_en"":[""bitzer-refreport-table""],""oil_possible"":[""bitzer-refreport-table""],""oil_typical"":[""bitzer-refreport-table""]}",-123.35311758869923,-123.35311758869923,-123.35311758869923,160.63750345176283,77.10115564265834,-122.35311758869923,74.10115564265834,,,,above_model_minimum_and_reported_triple_point,critical_margin_or_model_maximum,"{""nodeCount"":58,""minimumTemperatureC"":-122.3531175887,""maximumTemperatureC"":52.6468824113,""temperatureSpanK"":175.0,""minimumPressureBarAbsolute"":0.00337044771243619,""maximumPressureBarAbsolute"":31.1212113951631,""offsetAboveModelEffectiveLowerBoundK"":1.0,""offsetAboveSearchMinimumK"":-0.0,""gapBelowSearchMaximumK"":21.454273,""gapBelowCatalogCriticalK"":null}","{""nodeCount"":63,""minimumTemperatureC"":-122.3531175887,""maximumTemperatureC"":67.6468824113,""temperatureSpanK"":190.0,""minimumPressureBarAbsolute"":0.00300815745640242,""maximumPressureBarAbsolute"":42.4079150203051,""offsetAboveModelEffectiveLowerBoundK"":1.0,""offsetAboveSearchMinimumK"":-0.0,""gapBelowSearchMaximumK"":6.454273,""gapBelowCatalogCriticalK"":null}",0.0,-15.0,[],,"[""bubble ends >20 K below search ceiling; solver-limited branch"",""bubble/dew upper coverage differs by >=10 K; side-specific numerical range""]"
r452c,R452C,blend,R452C,unsupported,unsupported,,,,,,,,no_exact_coolprop_fluid_or_predefined_mixture,no exact CoolProp 7.2.0 predefined mixture or explicit composition recipe,-47.5,,,bitzer-refreport-table,"{""ashrae_safety_group"":[""bitzer-refreport-table""],""molar_mass_g_mol"":[""bitzer-refreport-table""],""nominal_glide_k"":[""bitzer-refreport-table""],""normal_boiling_c"":[""bitzer-refreport-table""],""odp"":[""bitzer-refreport-table""],""oil_notes"":[""bitzer-refreport-table""],""oil_notes_en"":[""bitzer-refreport-table""],""oil_possible"":[""bitzer-refreport-table""],""oil_typical"":[""bitzer-refreport-table""]}",,,,,,,,,,,,,,,,,[],,"[""unsupported: no P-T saturation curve shipped""]"
r453a,R453A,blend,R453A,unsupported,unsupported,,,,,,,,no_exact_coolprop_fluid_or_predefined_mixture,no exact CoolProp 7.2.0 predefined mixture or explicit composition recipe,,,,,"{""ashrae_safety_group"":[""dcceew-safety-2024-preview""]}",,,,,,,,,,,,,,,,,[],,"[""unsupported: no P-T saturation curve shipped""]"
r454a,R454A,blend,R454A,unsupported,supported,R454A.mix,CoolProp predefined mixture,coolprop-pt-7.2.0,,,,,,,-47.9,,,bitzer-refreport-table,"{""molar_mass_g_mol"":[""bitzer-refreport-table""],""nominal_glide_k"":[""bitzer-refreport-table""],""normal_boiling_c"":[""bitzer-refreport-table""],""odp"":[""bitzer-refreport-table""],""oil_notes"":[""bitzer-refreport-table""],""oil_notes_en"":[""bitzer-refreport-table""],""oil_possible"":[""bitzer-refreport-table""],""oil_typical"":[""bitzer-refreport-table""]}",-98.44017694940635,-98.44017694940635,-98.44017694940635,150.38399980558404,,-97.44017694940635,150.38399980558404,,,,above_model_minimum_and_reported_triple_point,validated_solver_interval_below_model_maximum,"{""nodeCount"":48,""minimumTemperatureC"":-97.4401769494,""maximumTemperatureC"":72.5598230506,""temperatureSpanK"":170.0,""minimumPressureBarAbsolute"":0.0401946206487551,""maximumPressureBarAbsolute"":39.2971066039538,""offsetAboveModelEffectiveLowerBoundK"":1.0,""offsetAboveSearchMinimumK"":0.0,""gapBelowSearchMaximumK"":77.824177,""gapBelowCatalogCriticalK"":null}","{""nodeCount"":49,""minimumTemperatureC"":-97.4401769494,""maximumTemperatureC"":72.5598230506,""temperatureSpanK"":170.0,""minimumPressureBarAbsolute"":0.0249001891219168,""maximumPressureBarAbsolute"":37.0597825635838,""offsetAboveModelEffectiveLowerBoundK"":1.0,""offsetAboveSearchMinimumK"":0.0,""gapBelowSearchMaximumK"":77.824177,""gapBelowCatalogCriticalK"":null}",0.0,0.0,[],,"[""no scalar CoolProp Tcrit; upper endpoint is validated solver/model coverage, not physical critical boundary"",""bubble ends >20 K below search ceiling; solver-limited branch"",""dew ends >20 K below search ceiling; solver-limited branch""]"
r454b,R454B,blend,R454B,unsupported,supported,R454B.mix,CoolProp predefined mixture,coolprop-pt-7.2.0,,,,,,,-50.5,,,bitzer-refreport-table,"{""molar_mass_g_mol"":[""bitzer-refreport-table""],""nominal_glide_k"":[""bitzer-refreport-table""],""normal_boiling_c"":[""bitzer-refreport-table""],""odp"":[""bitzer-refreport-table""],""oil_notes"":[""bitzer-refreport-table""],""oil_notes_en"":[""bitzer-refreport-table""],""oil_possible"":[""bitzer-refreport-table""],""oil_typical"":[""bitzer-refreport-table""]}",-122.52488039062729,-122.52488039062729,-122.52488039062729,157.58119782172702,,-121.52488039062729,157.58119782172702,,,,above_model_minimum_and_reported_triple_point,validated_solver_interval_below_model_maximum,"{""nodeCount"":58,""minimumTemperatureC"":-121.5248803906,""maximumTemperatureC"":53.4751196094,""temperatureSpanK"":175.0,""minimumPressureBarAbsolute"":0.00372065521746869,""maximumPressureBarAbsolute"":31.3869935275497,""offsetAboveModelEffectiveLowerBoundK"":1.0,""offsetAboveSearchMinimumK"":0.0,""gapBelowSearchMaximumK"":104.106078,""gapBelowCatalogCriticalK"":null}","{""nodeCount"":63,""minimumTemperatureC"":-121.5248803906,""maximumTemperatureC"":68.4751196094,""temperatureSpanK"":190.0,""minimumPressureBarAbsolute"":0.00325861089477138,""maximumPressureBarAbsolute"":42.6052896952489,""offsetAboveModelEffectiveLowerBoundK"":1.0,""offsetAboveSearchMinimumK"":0.0,""gapBelowSearchMaximumK"":89.106078,""gapBelowCatalogCriticalK"":null}",0.0,-15.0,[],,"[""no scalar CoolProp Tcrit; upper endpoint is validated solver/model coverage, not physical critical boundary"",""bubble ends >20 K below search ceiling; solver-limited branch"",""dew ends >20 K below search ceiling; solver-limited branch"",""bubble/dew upper coverage differs by >=10 K; side-specific numerical range""]"
r454c,R454C,blend,R454C,unsupported,supported,HEOS::R1234yf[0.62485045342523393]&R32[0.37514954657476601],explicit-composition HEOS blend,unep-ozone-oewg47-inf3-rev1,,,,"{""coolPropFluid"":""HEOS::R1234yf[0.62485045342523393]&R32[0.37514954657476601]"",""components"":[{""refrigerantId"":""r1234yf"",""coolPropFluid"":""R1234yf"",""massFraction"":""0.785"",""sourceId"":""unep-ozone-oewg47-inf3-rev1"",""molarMassKgMol"":0.1140415928,""moleFraction"":0.6248504534252339},{""refrigerantId"":""r32"",""coolPropFluid"":""R32"",""massFraction"":""0.215"",""sourceId"":""unep-ozone-oewg47-inf3-rev1"",""molarMassKgMol"":0.052024,""moleFraction"":0.375149546574766}],""binaryPairs"":[{""components"":[""r1234yf"",""r32""],""policy"":""built_in_HEOS_parameters_only""}]}",,,-45.6,,,bitzer-refreport-table,"{""molar_mass_g_mol"":[""bitzer-refreport-table""],""nominal_glide_k"":[""bitzer-refreport-table""],""normal_boiling_c"":[""bitzer-refreport-table""],""odp"":[""bitzer-refreport-table""],""oil_notes"":[""bitzer-refreport-table""],""oil_notes_en"":[""bitzer-refreport-table""],""oil_possible"":[""bitzer-refreport-table""],""oil_typical"":[""bitzer-refreport-table""]}",-84.53501106644492,-84.53501106644492,-84.53501106644492,146.22873866436913,,-83.53501106644492,146.22873866436913,,,,above_model_minimum_and_reported_triple_point,validated_solver_interval_below_model_maximum,"{""nodeCount"":44,""minimumTemperatureC"":-83.5350110664,""maximumTemperatureC"":76.4649889336,""temperatureSpanK"":160.0,""minimumPressureBarAbsolute"":0.109742569610309,""maximumPressureBarAbsolute"":37.0746012667225,""offsetAboveModelEffectiveLowerBoundK"":1.0,""offsetAboveSearchMinimumK"":0.0,""gapBelowSearchMaximumK"":69.76375,""gapBelowCatalogCriticalK"":null}","{""nodeCount"":45,""minimumTemperatureC"":-83.5350110664,""maximumTemperatureC"":76.4649889336,""temperatureSpanK"":160.0,""minimumPressureBarAbsolute"":0.0634473193438322,""maximumPressureBarAbsolute"":34.3397923627679,""offsetAboveModelEffectiveLowerBoundK"":1.0,""offsetAboveSearchMinimumK"":0.0,""gapBelowSearchMaximumK"":69.76375,""gapBelowCatalogCriticalK"":null}",0.0,0.0,[],,"[""no scalar CoolProp Tcrit; upper endpoint is validated solver/model coverage, not physical critical boundary"",""bubble ends >20 K below search ceiling; solver-limited branch"",""dew ends >20 K below search ceiling; solver-limited branch""]"
r454d,R454D,blend,R454D,unsupported,unsupported,,,,,,,,no_exact_coolprop_fluid_or_predefined_mixture,no exact CoolProp 7.2.0 predefined mixture or explicit composition recipe,,,,,"{""ashrae_safety_group"":[""unep-teap-2025-v3""]}",,,,,,,,,,,,,,,,,[],,"[""unsupported: no P-T saturation curve shipped""]"
r455a,R455A,blend,R455A,unsupported,supported,HEOS::R1234yf[0.5789704507530905]&R32[0.36141605462337623]&CarbonDioxide[0.059613494623533179],explicit-composition HEOS blend,unep-ozone-oewg47-inf3-rev1,,,,"{""coolPropFluid"":""HEOS::R1234yf[0.5789704507530905]&R32[0.36141605462337623]&CarbonDioxide[0.059613494623533179]"",""components"":[{""refrigerantId"":""r1234yf"",""coolPropFluid"":""R1234yf"",""massFraction"":""0.755"",""sourceId"":""unep-ozone-oewg47-inf3-rev1"",""molarMassKgMol"":0.1140415928,""moleFraction"":0.5789704507530905},{""refrigerantId"":""r32"",""coolPropFluid"":""R32"",""massFraction"":""0.215"",""sourceId"":""unep-ozone-oewg47-inf3-rev1"",""molarMassKgMol"":0.052024,""moleFraction"":0.3614160546233762},{""refrigerantId"":""r744"",""coolPropFluid"":""CarbonDioxide"",""massFraction"":""0.03"",""sourceId"":""unep-ozone-oewg47-inf3-rev1"",""molarMassKgMol"":0.0440098,""moleFraction"":0.05961349462353318}],""binaryPairs"":[{""components"":[""r1234yf"",""r32""],""policy"":""built_in_HEOS_parameters_only""},{""components"":[""r1234yf"",""r744""],""policy"":""built_in_HEOS_parameters_only""},{""components"":[""r32"",""r744""],""policy"":""built_in_HEOS_parameters_only""}]}",,,-52.0,,85.6,bitzer-refreport-table;honeywell-r455a-tds-2016,"{""critical_temp_c"":[""honeywell-r455a-tds-2016""],""molar_mass_g_mol"":[""bitzer-refreport-table""],""nominal_glide_k"":[""bitzer-refreport-table""],""normal_boiling_c"":[""bitzer-refreport-table""],""odp"":[""bitzer-refreport-table""],""oil_notes"":[""bitzer-refreport-table""],""oil_notes_en"":[""bitzer-refreport-table""],""oil_possible"":[""bitzer-refreport-table""],""oil_typical"":[""bitzer-refreport-table""]}",-83.58922991946866,-83.58922991946866,-83.58922991946866,240.67085781700212,,-82.58922991946866,240.67085781700212,,,,above_model_minimum_and_reported_triple_point,validated_solver_interval_below_model_maximum,"{""nodeCount"":41,""minimumTemperatureC"":-82.5892299195,""maximumTemperatureC"":72.4107700805,""temperatureSpanK"":155.0,""minimumPressureBarAbsolute"":0.186456982847549,""maximumPressureBarAbsolute"":38.3448119156927,""offsetAboveModelEffectiveLowerBoundK"":1.0,""offsetAboveSearchMinimumK"":-0.0,""gapBelowSearchMaximumK"":168.260088,""gapBelowCatalogCriticalK"":13.18923}","{""nodeCount"":43,""minimumTemperatureC"":-82.5892299195,""maximumTemperatureC"":72.4107700805,""temperatureSpanK"":155.0,""minimumPressureBarAbsolute"":0.0732775942856378,""maximumPressureBarAbsolute"":33.9454066470084,""offsetAboveModelEffectiveLowerBoundK"":1.0,""offsetAboveSearchMinimumK"":-0.0,""gapBelowSearchMaximumK"":168.260088,""gapBelowCatalogCriticalK"":13.18923}",0.0,0.0,[],"{""updatedFacts"":{""critical_temp_c"":""85.6""},""ptStatus"":""supported"",""modelCriticalTemperatureC"":null,""modelCriticalMinusSourceCriticalK"":null,""dewEndpointGapBelowSourceCriticalK"":13.18923,""modelMinimumMinusSourceTripleK"":null}","[""no scalar CoolProp Tcrit; upper endpoint is validated solver/model coverage, not physical critical boundary"",""bubble ends >20 K below search ceiling; solver-limited branch"",""dew ends >20 K below search ceiling; solver-limited branch""]"
r455b,R455B,blend,R455B,unsupported,unsupported,,,,,,,,no_exact_coolprop_fluid_or_predefined_mixture,no exact CoolProp 7.2.0 predefined mixture or explicit composition recipe,,,,,"{""ashrae_safety_group"":[""unep-teap-2025-v3""]}",,,,,,,,,,,,,,,,,[],,"[""unsupported: no P-T saturation curve shipped""]"
r455c,R455C,blend,R455C,unsupported,unsupported,,,,,,,,no_exact_coolprop_fluid_or_predefined_mixture,no exact CoolProp 7.2.0 predefined mixture or explicit composition recipe,,,,,"{""ashrae_safety_group"":[""unep-teap-2025-v3""]}",,,,,,,,,,,,,,,,,[],,"[""unsupported: no P-T saturation curve shipped""]"
r456a,R456A,blend,R456A,unsupported,unsupported,,,,,,,,no_exact_coolprop_fluid_or_predefined_mixture,no exact CoolProp 7.2.0 predefined mixture or explicit composition recipe,-30.8,,,bitzer-refreport-table,"{""ashrae_safety_group"":[""bitzer-refreport-table""],""molar_mass_g_mol"":[""bitzer-refreport-table""],""nominal_glide_k"":[""bitzer-refreport-table""],""normal_boiling_c"":[""bitzer-refreport-table""],""odp"":[""bitzer-refreport-table""],""oil_notes"":[""bitzer-refreport-table""],""oil_notes_en"":[""bitzer-refreport-table""],""oil_possible"":[""bitzer-refreport-table""],""oil_typical"":[""bitzer-refreport-table""]}",,,,,,,,,,,,,,,,,[],,"[""unsupported: no P-T saturation curve shipped""]"
r457a,R457A,blend,R457A,unsupported,unsupported,,,,,,,,no_exact_coolprop_fluid_or_predefined_mixture,no exact CoolProp 7.2.0 predefined mixture or explicit composition recipe,-42.6,,,bitzer-refreport-table,"{""ashrae_safety_group"":[""bitzer-refreport-table""],""molar_mass_g_mol"":[""bitzer-refreport-table""],""nominal_glide_k"":[""bitzer-refreport-table""],""normal_boiling_c"":[""bitzer-refreport-table""],""odp"":[""bitzer-refreport-table""],""oil_notes"":[""bitzer-refreport-table""],""oil_notes_en"":[""bitzer-refreport-table""],""oil_possible"":[""bitzer-refreport-table""],""oil_typical"":[""bitzer-refreport-table""]}",,,,,,,,,,,,,,,,,[],,"[""unsupported: no P-T saturation curve shipped""]"
r457b,R457B,blend,R457B,unsupported,unsupported,,,,,,,,no_exact_coolprop_fluid_or_predefined_mixture,no exact CoolProp 7.2.0 predefined mixture or explicit composition recipe,-46.4,,,bitzer-refreport-table,"{""ashrae_safety_group"":[""bitzer-refreport-table""],""molar_mass_g_mol"":[""bitzer-refreport-table""],""nominal_glide_k"":[""bitzer-refreport-table""],""normal_boiling_c"":[""bitzer-refreport-table""],""odp"":[""bitzer-refreport-table""],""oil_notes"":[""bitzer-refreport-table""],""oil_notes_en"":[""bitzer-refreport-table""],""oil_possible"":[""bitzer-refreport-table""],""oil_typical"":[""bitzer-refreport-table""]}",,,,,,,,,,,,,,,,,[],,"[""unsupported: no P-T saturation curve shipped""]"
r457c,R457C,blend,R457C,unsupported,unsupported,,,,,,,,no_exact_coolprop_fluid_or_predefined_mixture,no exact CoolProp 7.2.0 predefined mixture or explicit composition recipe,-37.3,,,bitzer-refreport-table,"{""ashrae_safety_group"":[""bitzer-refreport-table""],""molar_mass_g_mol"":[""bitzer-refreport-table""],""nominal_glide_k"":[""bitzer-refreport-table""],""normal_boiling_c"":[""bitzer-refreport-table""],""odp"":[""bitzer-refreport-table""],""oil_notes"":[""bitzer-refreport-table""],""oil_notes_en"":[""bitzer-refreport-table""],""oil_possible"":[""bitzer-refreport-table""],""oil_typical"":[""bitzer-refreport-table""]}",,,,,,,,,,,,,,,,,[],,"[""unsupported: no P-T saturation curve shipped""]"
r457d,R457D,blend,R457D,unsupported,unsupported,,,,,,,,no_exact_coolprop_fluid_or_predefined_mixture,no exact CoolProp 7.2.0 predefined mixture or explicit composition recipe,,,,,"{""ashrae_safety_group"":[""unep-teap-2025-v3""]}",,,,,,,,,,,,,,,,,[],,"[""unsupported: no P-T saturation curve shipped""]"
r458a,R458A,blend,R458A,unsupported,unsupported,,,,,,,,no_exact_coolprop_fluid_or_predefined_mixture,no exact CoolProp 7.2.0 predefined mixture or explicit composition recipe,,,,,"{""ashrae_safety_group"":[""dcceew-safety-2024-preview""]}",,,,,,,,,,,,,,,,,[],,"[""unsupported: no P-T saturation curve shipped""]"
r459a,R459A,blend,R459A,unsupported,unsupported,,,,,,,,no_exact_coolprop_fluid_or_predefined_mixture,no exact CoolProp 7.2.0 predefined mixture or explicit composition recipe,-50.3,,,bitzer-refreport-table,"{""ashrae_safety_group"":[""bitzer-refreport-table""],""molar_mass_g_mol"":[""bitzer-refreport-table""],""nominal_glide_k"":[""bitzer-refreport-table""],""normal_boiling_c"":[""bitzer-refreport-table""],""odp"":[""bitzer-refreport-table""],""oil_notes"":[""bitzer-refreport-table""],""oil_notes_en"":[""bitzer-refreport-table""],""oil_possible"":[""bitzer-refreport-table""],""oil_typical"":[""bitzer-refreport-table""]}",,,,,,,,,,,,,,,,,[],,"[""unsupported: no P-T saturation curve shipped""]"
r459b,R459B,blend,R459B,unsupported,unsupported,,,,,,,,no_exact_coolprop_fluid_or_predefined_mixture,no exact CoolProp 7.2.0 predefined mixture or explicit composition recipe,-45.0,,,bitzer-refreport-table,"{""ashrae_safety_group"":[""bitzer-refreport-table""],""molar_mass_g_mol"":[""bitzer-refreport-table""],""nominal_glide_k"":[""bitzer-refreport-table""],""normal_boiling_c"":[""bitzer-refreport-table""],""odp"":[""bitzer-refreport-table""],""oil_notes"":[""bitzer-refreport-table""],""oil_notes_en"":[""bitzer-refreport-table""],""oil_possible"":[""bitzer-refreport-table""],""oil_typical"":[""bitzer-refreport-table""]}",,,,,,,,,,,,,,,,,[],,"[""unsupported: no P-T saturation curve shipped""]"
r460a,R460A,blend,R460A,unsupported,unsupported,,,,,,,,no_exact_coolprop_fluid_or_predefined_mixture,no exact CoolProp 7.2.0 predefined mixture or explicit composition recipe,-44.6,,,bitzer-refreport-table,"{""ashrae_safety_group"":[""bitzer-refreport-table""],""molar_mass_g_mol"":[""bitzer-refreport-table""],""nominal_glide_k"":[""bitzer-refreport-table""],""normal_boiling_c"":[""bitzer-refreport-table""],""odp"":[""bitzer-refreport-table""],""oil_notes"":[""bitzer-refreport-table""],""oil_notes_en"":[""bitzer-refreport-table""],""oil_possible"":[""bitzer-refreport-table""],""oil_typical"":[""bitzer-refreport-table""]}",,,,,,,,,,,,,,,,,[],,"[""unsupported: no P-T saturation curve shipped""]"
r460b,R460B,blend,R460B,unsupported,unsupported,,,,,,,,no_exact_coolprop_fluid_or_predefined_mixture,no exact CoolProp 7.2.0 predefined mixture or explicit composition recipe,-45.6,,,bitzer-refreport-table,"{""ashrae_safety_group"":[""bitzer-refreport-table""],""molar_mass_g_mol"":[""bitzer-refreport-table""],""nominal_glide_k"":[""bitzer-refreport-table""],""normal_boiling_c"":[""bitzer-refreport-table""],""odp"":[""bitzer-refreport-table""],""oil_notes"":[""bitzer-refreport-table""],""oil_notes_en"":[""bitzer-refreport-table""],""oil_possible"":[""bitzer-refreport-table""],""oil_typical"":[""bitzer-refreport-table""]}",,,,,,,,,,,,,,,,,[],,"[""unsupported: no P-T saturation curve shipped""]"
r460c,R460C,blend,R460C,unsupported,unsupported,,,,,,,,no_exact_coolprop_fluid_or_predefined_mixture,no exact CoolProp 7.2.0 predefined mixture or explicit composition recipe,,,,,"{""ashrae_safety_group"":[""ashrae-handbook-f25-safety""]}",,,,,,,,,,,,,,,,,[],,"[""unsupported: no P-T saturation curve shipped""]"
r461a,R461A,blend,R461A,unsupported,unsupported,,,,,,,,no_exact_coolprop_fluid_or_predefined_mixture,no exact CoolProp 7.2.0 predefined mixture or explicit composition recipe,,,,,"{""ashrae_safety_group"":[""ashrae-handbook-f25-safety""]}",,,,,,,,,,,,,,,,,[],,"[""unsupported: no P-T saturation curve shipped""]"
r462a,R462A,blend,R462A,unsupported,unsupported,,,,,,,,no_exact_coolprop_fluid_or_predefined_mixture,no exact CoolProp 7.2.0 predefined mixture or explicit composition recipe,,,,,"{""ashrae_safety_group"":[""ashrae-handbook-f25-safety""]}",,,,,,,,,,,,,,,,,[],,"[""unsupported: no P-T saturation curve shipped""]"
r463a,R463A,blend,R463A,unsupported,unsupported,,,,,,,,no_exact_coolprop_fluid_or_predefined_mixture,no exact CoolProp 7.2.0 predefined mixture or explicit composition recipe,-59.9,,,bitzer-refreport-table,"{""ashrae_safety_group"":[""bitzer-refreport-table""],""molar_mass_g_mol"":[""bitzer-refreport-table""],""nominal_glide_k"":[""bitzer-refreport-table""],""normal_boiling_c"":[""bitzer-refreport-table""],""odp"":[""bitzer-refreport-table""],""oil_notes"":[""bitzer-refreport-table""],""oil_notes_en"":[""bitzer-refreport-table""],""oil_possible"":[""bitzer-refreport-table""],""oil_typical"":[""bitzer-refreport-table""]}",,,,,,,,,,,,,,,,,[],,"[""unsupported: no P-T saturation curve shipped""]"
r464a,R464A,blend,R464A,unsupported,unsupported,,,,,,,,no_exact_coolprop_fluid_or_predefined_mixture,no exact CoolProp 7.2.0 predefined mixture or explicit composition recipe,,,,,"{""ashrae_safety_group"":[""ashrae-handbook-f25-safety""]}",,,,,,,,,,,,,,,,,[],,"[""unsupported: no P-T saturation curve shipped""]"
r465a,R465A,blend,R465A,unsupported,unsupported,,,,,,,,no_exact_coolprop_fluid_or_predefined_mixture,no exact CoolProp 7.2.0 predefined mixture or explicit composition recipe,-51.7,,,bitzer-refreport-table,"{""ashrae_safety_group"":[""bitzer-refreport-table""],""molar_mass_g_mol"":[""bitzer-refreport-table""],""nominal_glide_k"":[""bitzer-refreport-table""],""normal_boiling_c"":[""bitzer-refreport-table""],""odp"":[""bitzer-refreport-table""],""oil_notes"":[""bitzer-refreport-table""],""oil_notes_en"":[""bitzer-refreport-table""],""oil_possible"":[""bitzer-refreport-table""],""oil_typical"":[""bitzer-refreport-table""]}",,,,,,,,,,,,,,,,,[],,"[""unsupported: no P-T saturation curve shipped""]"
r466a,R466A,blend,R466A,unsupported,unsupported,,,,,,,,no_exact_coolprop_fluid_or_predefined_mixture,no exact CoolProp 7.2.0 predefined mixture or explicit composition recipe,,,,,"{""ashrae_safety_group"":[""unep-teap-2020-v3""]}",,,,,,,,,,,,,,,,,[],,"[""unsupported: no P-T saturation curve shipped""]"
r467a,R467A,blend,R467A,unsupported,unsupported,,,,,,,,no_exact_coolprop_fluid_or_predefined_mixture,no exact CoolProp 7.2.0 predefined mixture or explicit composition recipe,,,,,"{""ashrae_safety_group"":[""ashrae-handbook-f25-safety""]}",,,,,,,,,,,,,,,,,[],,"[""unsupported: no P-T saturation curve shipped""]"
r468a,R468A,blend,R468A,unsupported,unsupported,,,,,,,,no_exact_coolprop_fluid_or_predefined_mixture,no exact CoolProp 7.2.0 predefined mixture or explicit composition recipe,-51.2,,,bitzer-refreport-table,"{""ashrae_safety_group"":[""bitzer-refreport-table""],""molar_mass_g_mol"":[""bitzer-refreport-table""],""nominal_glide_k"":[""bitzer-refreport-table""],""normal_boiling_c"":[""bitzer-refreport-table""],""odp"":[""bitzer-refreport-table""],""oil_notes"":[""bitzer-refreport-table""],""oil_notes_en"":[""bitzer-refreport-table""],""oil_typical"":[""bitzer-refreport-table""]}",,,,,,,,,,,,,,,,,[],,"[""unsupported: no P-T saturation curve shipped""]"
r468b,R468B,blend,R468B,unsupported,unsupported,,,,,,,,no_exact_coolprop_fluid_or_predefined_mixture,no exact CoolProp 7.2.0 predefined mixture or explicit composition recipe,-52.4,,,bitzer-refreport-table,"{""ashrae_safety_group"":[""bitzer-refreport-table""],""molar_mass_g_mol"":[""bitzer-refreport-table""],""nominal_glide_k"":[""bitzer-refreport-table""],""normal_boiling_c"":[""bitzer-refreport-table""],""odp"":[""bitzer-refreport-table""],""oil_notes"":[""bitzer-refreport-table""],""oil_notes_en"":[""bitzer-refreport-table""],""oil_typical"":[""bitzer-refreport-table""]}",,,,,,,,,,,,,,,,,[],,"[""unsupported: no P-T saturation curve shipped""]"
r468c,R468C,blend,R468C,unsupported,unsupported,,,,,,,,no_exact_coolprop_fluid_or_predefined_mixture,no exact CoolProp 7.2.0 predefined mixture or explicit composition recipe,-56.6,,,bitzer-refreport-table,"{""ashrae_safety_group"":[""bitzer-refreport-table""],""molar_mass_g_mol"":[""bitzer-refreport-table""],""nominal_glide_k"":[""bitzer-refreport-table""],""normal_boiling_c"":[""bitzer-refreport-table""],""odp"":[""bitzer-refreport-table""],""oil_notes"":[""bitzer-refreport-table""],""oil_notes_en"":[""bitzer-refreport-table""],""oil_typical"":[""bitzer-refreport-table""]}",,,,,,,,,,,,,,,,,[],,"[""unsupported: no P-T saturation curve shipped""]"
r469a,R469A,blend,R469A,unsupported,unsupported,,,,,,,,no_exact_coolprop_fluid_or_predefined_mixture,no exact CoolProp 7.2.0 predefined mixture or explicit composition recipe,-78.5,,,bitzer-refreport-table,"{""ashrae_safety_group"":[""bitzer-refreport-table""],""molar_mass_g_mol"":[""bitzer-refreport-table""],""nominal_glide_k"":[""bitzer-refreport-table""],""normal_boiling_c"":[""bitzer-refreport-table""],""odp"":[""bitzer-refreport-table""],""oil_notes"":[""bitzer-refreport-table""],""oil_notes_en"":[""bitzer-refreport-table""],""oil_typical"":[""bitzer-refreport-table""]}",,,,,,,,,,,,,,,,,[],,"[""unsupported: no P-T saturation curve shipped""]"
r470a,R470A,blend,R470A,unsupported,unsupported,,,,,,,,no_exact_coolprop_fluid_or_predefined_mixture,no exact CoolProp 7.2.0 predefined mixture or explicit composition recipe,,,,,"{""ashrae_safety_group"":[""ashrae-handbook-f25-safety""]}",,,,,,,,,,,,,,,,,[],,"[""unsupported: no P-T saturation curve shipped""]"
r470b,R470B,blend,R470B,unsupported,unsupported,,,,,,,,no_exact_coolprop_fluid_or_predefined_mixture,no exact CoolProp 7.2.0 predefined mixture or explicit composition recipe,,,,,"{""ashrae_safety_group"":[""ashrae-handbook-f25-safety""]}",,,,,,,,,,,,,,,,,[],,"[""unsupported: no P-T saturation curve shipped""]"
r471a,R471A,blend,R471A,unsupported,unsupported,,,,,,,,no_exact_coolprop_fluid_or_predefined_mixture,no exact CoolProp 7.2.0 predefined mixture or explicit composition recipe,-16.9,,,bitzer-refreport-table,"{""ashrae_safety_group"":[""bitzer-refreport-table""],""molar_mass_g_mol"":[""bitzer-refreport-table""],""nominal_glide_k"":[""bitzer-refreport-table""],""normal_boiling_c"":[""bitzer-refreport-table""],""odp"":[""bitzer-refreport-table""],""oil_notes"":[""bitzer-refreport-table""],""oil_notes_en"":[""bitzer-refreport-table""],""oil_typical"":[""bitzer-refreport-table""]}",,,,,,,,,,,,,,,,,[],,"[""unsupported: no P-T saturation curve shipped""]"
r472a,R472A,blend,R472A,unsupported,unsupported,,,,,,,,no_exact_coolprop_fluid_or_predefined_mixture,no exact CoolProp 7.2.0 predefined mixture or explicit composition recipe,-84.3,,,bitzer-refreport-table,"{""ashrae_safety_group"":[""bitzer-refreport-table""],""molar_mass_g_mol"":[""bitzer-refreport-table""],""nominal_glide_k"":[""bitzer-refreport-table""],""normal_boiling_c"":[""bitzer-refreport-table""],""odp"":[""bitzer-refreport-table""],""oil_notes"":[""bitzer-refreport-table""],""oil_notes_en"":[""bitzer-refreport-table""],""oil_typical"":[""bitzer-refreport-table""]}",,,,,,,,,,,,,,,,,[],,"[""unsupported: no P-T saturation curve shipped""]"
r472b,R472B,blend,R472B,unsupported,unsupported,,,,,,,,no_exact_coolprop_fluid_or_predefined_mixture,no exact CoolProp 7.2.0 predefined mixture or explicit composition recipe,-82.9,,,bitzer-refreport-table,"{""ashrae_safety_group"":[""bitzer-refreport-table""],""molar_mass_g_mol"":[""bitzer-refreport-table""],""nominal_glide_k"":[""bitzer-refreport-table""],""normal_boiling_c"":[""bitzer-refreport-table""],""odp"":[""bitzer-refreport-table""],""oil_notes"":[""bitzer-refreport-table""],""oil_notes_en"":[""bitzer-refreport-table""],""oil_typical"":[""bitzer-refreport-table""]}",,,,,,,,,,,,,,,,,[],,"[""unsupported: no P-T saturation curve shipped""]"
r473a,R473A,blend,R473A,unsupported,unsupported,,,,,,,,no_exact_coolprop_fluid_or_predefined_mixture,no exact CoolProp 7.2.0 predefined mixture or explicit composition recipe,-75.8,,,bitzer-refreport-table,"{""ashrae_safety_group"":[""bitzer-refreport-table""],""molar_mass_g_mol"":[""bitzer-refreport-table""],""nominal_glide_k"":[""bitzer-refreport-table""],""normal_boiling_c"":[""bitzer-refreport-table""],""odp"":[""bitzer-refreport-table""],""oil_notes"":[""bitzer-refreport-table""],""oil_notes_en"":[""bitzer-refreport-table""],""oil_typical"":[""bitzer-refreport-table""]}",,,,,,,,,,,,,,,,,[],,"[""unsupported: no P-T saturation curve shipped""]"
r474a,R474A,blend,R474A,unsupported,unsupported,,,,,,,,no_exact_coolprop_fluid_or_predefined_mixture,no exact CoolProp 7.2.0 predefined mixture or explicit composition recipe,-43.1,,,bitzer-refreport-table,"{""ashrae_safety_group"":[""bitzer-refreport-table""],""molar_mass_g_mol"":[""bitzer-refreport-table""],""nominal_glide_k"":[""bitzer-refreport-table""],""normal_boiling_c"":[""bitzer-refreport-table""],""odp"":[""bitzer-refreport-table""],""oil_notes"":[""bitzer-refreport-table""],""oil_notes_en"":[""bitzer-refreport-table""],""oil_typical"":[""bitzer-refreport-table""]}",,,,,,,,,,,,,,,,,[],,"[""unsupported: no P-T saturation curve shipped""]"
r474b,R474B,blend,R474B,unsupported,unsupported,,,,,,,,no_exact_coolprop_fluid_or_predefined_mixture,no exact CoolProp 7.2.0 predefined mixture or explicit composition recipe,,,,,"{""ashrae_safety_group"":[""unep-teap-2025-v3""]}",,,,,,,,,,,,,,,,,[],,"[""unsupported: no P-T saturation curve shipped""]"
r475a,R475A,blend,R475A,unsupported,unsupported,,,,,,,,no_exact_coolprop_fluid_or_predefined_mixture,no exact CoolProp 7.2.0 predefined mixture or explicit composition recipe,-28.8,,,bitzer-refreport-table,"{""ashrae_safety_group"":[""bitzer-refreport-table""],""molar_mass_g_mol"":[""bitzer-refreport-table""],""nominal_glide_k"":[""bitzer-refreport-table""],""normal_boiling_c"":[""bitzer-refreport-table""],""odp"":[""bitzer-refreport-table""],""oil_notes"":[""bitzer-refreport-table""],""oil_notes_en"":[""bitzer-refreport-table""],""oil_typical"":[""bitzer-refreport-table""]}",,,,,,,,,,,,,,,,,[],,"[""unsupported: no P-T saturation curve shipped""]"
r475b,R475B,blend,R475B,unsupported,unsupported,,,,,,,,no_exact_coolprop_fluid_or_predefined_mixture,no exact CoolProp 7.2.0 predefined mixture or explicit composition recipe,,,,,"{""ashrae_safety_group"":[""unep-teap-2025-v3""]}",,,,,,,,,,,,,,,,,[],,"[""unsupported: no P-T saturation curve shipped""]"
r476a,R476A,blend,R476A,unsupported,unsupported,,,,,,,,no_exact_coolprop_fluid_or_predefined_mixture,no exact CoolProp 7.2.0 predefined mixture or explicit composition recipe,-19.1,,,bitzer-refreport-table,"{""ashrae_safety_group"":[""bitzer-refreport-table""],""molar_mass_g_mol"":[""bitzer-refreport-table""],""nominal_glide_k"":[""bitzer-refreport-table""],""normal_boiling_c"":[""bitzer-refreport-table""],""odp"":[""bitzer-refreport-table""],""oil_notes"":[""bitzer-refreport-table""],""oil_notes_en"":[""bitzer-refreport-table""],""oil_typical"":[""bitzer-refreport-table""]}",,,,,,,,,,,,,,,,,[],,"[""unsupported: no P-T saturation curve shipped""]"
r478a,R478A,blend,R478A,unsupported,unsupported,,,,,,,,no_exact_coolprop_fluid_or_predefined_mixture,no exact CoolProp 7.2.0 predefined mixture or explicit composition recipe,,,,,"{""ashrae_safety_group"":[""unep-teap-2025-v3""]}",,,,,,,,,,,,,,,,,[],,"[""unsupported: no P-T saturation curve shipped""]"
r479a,R479A,blend,R479A,unsupported,unsupported,,,,,,,,no_exact_coolprop_fluid_or_predefined_mixture,no exact CoolProp 7.2.0 predefined mixture or explicit composition recipe,,,,,"{""ashrae_safety_group"":[""unep-teap-2025-v3""]}",,,,,,,,,,,,,,,,,[],,"[""unsupported: no P-T saturation curve shipped""]"
r480a,R480A,blend,R480A,unsupported,unsupported,,,,,,,,no_exact_coolprop_fluid_or_predefined_mixture,no exact CoolProp 7.2.0 predefined mixture or explicit composition recipe,,,,,"{""ashrae_safety_group"":[""epa-snap-transport-preview""]}",,,,,,,,,,,,,,,,,[],,"[""unsupported: no P-T saturation curve shipped""]"
r481a,R481A,blend,R481A,unsupported,unsupported,,,,,,,,no_exact_coolprop_fluid_or_predefined_mixture,no exact CoolProp 7.2.0 predefined mixture or explicit composition recipe,,,,,"{""ashrae_safety_group"":[""unep-teap-2025-v3""]}",,,,,,,,,,,,,,,,,[],,"[""unsupported: no P-T saturation curve shipped""]"
r482a,R482A,blend,R482A,unsupported,unsupported,,,,,,,,no_exact_coolprop_fluid_or_predefined_mixture,no exact CoolProp 7.2.0 predefined mixture or explicit composition recipe,,,,,"{""ashrae_safety_group"":[""ashrae-handbook-f25-safety""]}",,,,,,,,,,,,,,,,,[],,"[""unsupported: no P-T saturation curve shipped""]"
r483a,R483A,blend,R483A,unsupported,unsupported,,,,,,,,no_exact_coolprop_fluid_or_predefined_mixture,no exact CoolProp 7.2.0 predefined mixture or explicit composition recipe,,,,,"{""ashrae_safety_group"":[""unep-teap-2025-v3""]}",,,,,,,,,,,,,,,,,[],,"[""unsupported: no P-T saturation curve shipped""]"
r484a,R484A,blend,R484A,unsupported,unsupported,,,,,,,,no_exact_coolprop_fluid_or_predefined_mixture,no exact CoolProp 7.2.0 predefined mixture or explicit composition recipe,,,,,"{""ashrae_safety_group"":[""unep-teap-2025-v3""]}",,,,,,,,,,,,,,,,,[],,"[""unsupported: no P-T saturation curve shipped""]"
r485a,R485A,blend,R485A,unsupported,unsupported,,,,,,,,no_exact_coolprop_fluid_or_predefined_mixture,no exact CoolProp 7.2.0 predefined mixture or explicit composition recipe,,,,,{},,,,,,,,,,,,,,,,,[],,"[""unsupported: no P-T saturation curve shipped""]"
r486a,R486A,blend,R486A,unsupported,unsupported,,,,,,,,no_exact_coolprop_fluid_or_predefined_mixture,no exact CoolProp 7.2.0 predefined mixture or explicit composition recipe,,,,,"{""ashrae_safety_group"":[""unep-teap-2025-v3""]}",,,,,,,,,,,,,,,,,[],,"[""unsupported: no P-T saturation curve shipped""]"
r487a,R487A,blend,R487A,unsupported,unsupported,,,,,,,,no_exact_coolprop_fluid_or_predefined_mixture,no exact CoolProp 7.2.0 predefined mixture or explicit composition recipe,,,,,"{""ashrae_safety_group"":[""unep-teap-2025-v3""]}",,,,,,,,,,,,,,,,,[],,"[""unsupported: no P-T saturation curve shipped""]"
r487b,R487B,blend,R487B,unsupported,unsupported,,,,,,,,no_exact_coolprop_fluid_or_predefined_mixture,no exact CoolProp 7.2.0 predefined mixture or explicit composition recipe,,,,,"{""ashrae_safety_group"":[""unep-teap-2025-v3""]}",,,,,,,,,,,,,,,,,[],,"[""unsupported: no P-T saturation curve shipped""]"
r488a,R488A,blend,R488A,unsupported,unsupported,,,,,,,,no_exact_coolprop_fluid_or_predefined_mixture,no exact CoolProp 7.2.0 predefined mixture or explicit composition recipe,,,,,"{""ashrae_safety_group"":[""unep-teap-2025-v3""]}",,,,,,,,,,,,,,,,,[],,"[""unsupported: no P-T saturation curve shipped""]"
r489a,R489A,blend,R489A,unsupported,unsupported,,,,,,,,no_exact_coolprop_fluid_or_predefined_mixture,no exact CoolProp 7.2.0 predefined mixture or explicit composition recipe,,,,,"{""ashrae_safety_group"":[""unep-teap-2025-v3""]}",,,,,,,,,,,,,,,,,[],,"[""unsupported: no P-T saturation curve shipped""]"
r490a,R490A,blend,R490A,unsupported,unsupported,,,,,,,,no_exact_coolprop_fluid_or_predefined_mixture,no exact CoolProp 7.2.0 predefined mixture or explicit composition recipe,,,,,"{""ashrae_safety_group"":[""unep-teap-2025-v3""]}",,,,,,,,,,,,,,,,,[],,"[""unsupported: no P-T saturation curve shipped""]"
r491a,R491A,blend,R491A,unsupported,unsupported,,,,,,,,no_exact_coolprop_fluid_or_predefined_mixture,no exact CoolProp 7.2.0 predefined mixture or explicit composition recipe,,,,,"{""ashrae_safety_group"":[""unep-teap-2025-v3""]}",,,,,,,,,,,,,,,,,[],,"[""unsupported: no P-T saturation curve shipped""]"
r493a,R493A,blend,R493A,unsupported,unsupported,,,,,,,,no_exact_coolprop_fluid_or_predefined_mixture,no exact CoolProp 7.2.0 predefined mixture or explicit composition recipe,,,,,"{""ashrae_safety_group"":[""unep-teap-2025-v3""]}",,,,,,,,,,,,,,,,,[],,"[""unsupported: no P-T saturation curve shipped""]"
r493b,R493B,blend,R493B,unsupported,unsupported,,,,,,,,no_exact_coolprop_fluid_or_predefined_mixture,no exact CoolProp 7.2.0 predefined mixture or explicit composition recipe,,,,,"{""ashrae_safety_group"":[""unep-teap-2025-v3""]}",,,,,,,,,,,,,,,,,[],,"[""unsupported: no P-T saturation curve shipped""]"
r493c,R493C,blend,R493C,unsupported,unsupported,,,,,,,,no_exact_coolprop_fluid_or_predefined_mixture,no exact CoolProp 7.2.0 predefined mixture or explicit composition recipe,,,,,"{""ashrae_safety_group"":[""unep-teap-2025-v3""]}",,,,,,,,,,,,,,,,,[],,"[""unsupported: no P-T saturation curve shipped""]"
r494a,R494A,blend,R494A,unsupported,unsupported,,,,,,,,no_exact_coolprop_fluid_or_predefined_mixture,no exact CoolProp 7.2.0 predefined mixture or explicit composition recipe,,,,,"{""ashrae_safety_group"":[""unep-teap-2025-v3""]}",,,,,,,,,,,,,,,,,[],,"[""unsupported: no P-T saturation curve shipped""]"
r495a,R495A,blend,R495A,unsupported,unsupported,,,,,,,,no_exact_coolprop_fluid_or_predefined_mixture,no exact CoolProp 7.2.0 predefined mixture or explicit composition recipe,,,,,"{""ashrae_safety_group"":[""unep-teap-2025-v3""]}",,,,,,,,,,,,,,,,,[],,"[""unsupported: no P-T saturation curve shipped""]"
r496a,R496A,blend,R496A,unsupported,unsupported,,,,,,,,no_exact_coolprop_fluid_or_predefined_mixture,no exact CoolProp 7.2.0 predefined mixture or explicit composition recipe,,,,,"{""ashrae_safety_group"":[""unep-teap-2026-v3""]}",,,,,,,,,,,,,,,,,[],,"[""unsupported: no P-T saturation curve shipped""]"
r497a,R497A,blend,R497A,unsupported,unsupported,,,,,,,,no_exact_coolprop_fluid_or_predefined_mixture,no exact CoolProp 7.2.0 predefined mixture or explicit composition recipe,,,,,"{""ashrae_safety_group"":[""unep-teap-2026-v3""]}",,,,,,,,,,,,,,,,,[],,"[""unsupported: no P-T saturation curve shipped""]"
r498a,R498A,blend,R498A,unsupported,unsupported,,,,,,,,no_exact_coolprop_fluid_or_predefined_mixture,no exact CoolProp 7.2.0 predefined mixture or explicit composition recipe,,,,,"{""ashrae_safety_group"":[""unep-teap-2026-v3""]}",,,,,,,,,,,,,,,,,[],,"[""unsupported: no P-T saturation curve shipped""]"
r499a,R499A,blend,R499A,unsupported,unsupported,,,,,,,,no_exact_coolprop_fluid_or_predefined_mixture,no exact CoolProp 7.2.0 predefined mixture or explicit composition recipe,,,,,"{""ashrae_safety_group"":[""unep-teap-2026-v3""]}",,,,,,,,,,,,,,,,,[],,"[""unsupported: no P-T saturation curve shipped""]"
r50,R50,pure,Methane,unsupported,supported,R50,CoolProp pure-fluid EOS,coolprop-pt-7.2.0,,,,,,,,-182.4559,-82.586,coolprop-mit,"{""ashrae_safety_group"":[""coolprop-mit""],""chemical_name"":[""coolprop-mit""]}",-182.45589999999999,-182.45589999999999,-182.45589999999999,351.85,-82.58599734871302,-181.45589999999999,-85.58599734871302,0.0,0.0,3e-06,above_model_minimum_and_reported_triple_point,critical_margin_or_model_maximum,"{""nodeCount"":42,""minimumTemperatureC"":-181.4559,""maximumTemperatureC"":-85.5859973487,""temperatureSpanK"":95.869903,""minimumPressureBarAbsolute"":0.13282663661359,""maximumPressureBarAbsolute"":41.8717044158387,""offsetAboveModelEffectiveLowerBoundK"":1.0,""offsetAboveSearchMinimumK"":-0.0,""gapBelowSearchMaximumK"":-0.0,""gapBelowCatalogCriticalK"":2.999997}","{""nodeCount"":42,""minimumTemperatureC"":-181.4559,""maximumTemperatureC"":-85.5859973487,""temperatureSpanK"":95.869903,""minimumPressureBarAbsolute"":0.13282663661359,""maximumPressureBarAbsolute"":41.8717044158387,""offsetAboveModelEffectiveLowerBoundK"":1.0,""offsetAboveSearchMinimumK"":-0.0,""gapBelowSearchMaximumK"":-0.0,""gapBelowCatalogCriticalK"":2.999997}",0.0,0.0,[],,[]
r500,R500,blend,R500,unsupported,supported,R500.mix,CoolProp predefined mixture,coolprop-pt-7.2.0,,,,,,,-33.6,,,bitzer-refreport-table,"{""ashrae_safety_group"":[""bitzer-refreport-table""],""molar_mass_g_mol"":[""bitzer-refreport-table""],""nominal_glide_k"":[""bitzer-refreport-table""],""normal_boiling_c"":[""bitzer-refreport-table""],""odp"":[""bitzer-refreport-table""],""oil_notes"":[""bitzer-refreport-table""],""oil_notes_en"":[""bitzer-refreport-table""],""oil_possible"":[""bitzer-refreport-table""],""oil_typical"":[""bitzer-refreport-table""]}",-141.90127907587856,-141.90127907587856,-141.90127907587856,242.00254353493062,101.48316541501373,-140.90127907587856,98.48316541501373,,,,above_model_minimum_and_reported_triple_point,critical_margin_or_model_maximum,"{""nodeCount"":82,""minimumTemperatureC"":-140.9012790759,""maximumTemperatureC"":89.0987209241,""temperatureSpanK"":230.0,""minimumPressureBarAbsolute"":8.45248569831173e-05,""maximumPressureBarAbsolute"":32.923947886699,""offsetAboveModelEffectiveLowerBoundK"":1.0,""offsetAboveSearchMinimumK"":-0.0,""gapBelowSearchMaximumK"":9.384444,""gapBelowCatalogCriticalK"":null}","{""nodeCount"":85,""minimumTemperatureC"":-140.9012790759,""maximumTemperatureC"":89.0987209241,""temperatureSpanK"":230.0,""minimumPressureBarAbsolute"":4.25253498016445e-05,""maximumPressureBarAbsolute"":32.8877916404068,""offsetAboveModelEffectiveLowerBoundK"":1.0,""offsetAboveSearchMinimumK"":-0.0,""gapBelowSearchMaximumK"":9.384444,""gapBelowCatalogCriticalK"":null}",0.0,0.0,[],,[]
r501,R501,blend,R501,unsupported,supported,R501.mix,CoolProp predefined mixture,coolprop-pt-7.2.0,,,,,,,,,,,"{""ashrae_safety_group"":[""ashrae-handbook-f25-safety""]}",-157.34897107124328,-157.34897107124328,-157.34897107124328,272.03774195415485,,-156.34897107124328,272.03774195415485,,,,above_model_minimum_and_reported_triple_point,validated_solver_interval_below_model_maximum,"{""nodeCount"":79,""minimumTemperatureC"":-141.3489710712,""maximumTemperatureC"":78.6510289288,""temperatureSpanK"":220.0,""minimumPressureBarAbsolute"":0.000117500033827483,""maximumPressureBarAbsolute"":34.8677186673833,""offsetAboveModelEffectiveLowerBoundK"":16.0,""offsetAboveSearchMinimumK"":15.0,""gapBelowSearchMaximumK"":193.386713,""gapBelowCatalogCriticalK"":null}","{""nodeCount"":76,""minimumTemperatureC"":-136.3489710712,""maximumTemperatureC"":83.6510289288,""temperatureSpanK"":220.0,""minimumPressureBarAbsolute"":0.00026045629736826,""maximumPressureBarAbsolute"":38.2925286617994,""offsetAboveModelEffectiveLowerBoundK"":21.0,""offsetAboveSearchMinimumK"":20.0,""gapBelowSearchMaximumK"":188.386713,""gapBelowCatalogCriticalK"":null}",-5.0,-5.0,"[{""side"":""bubble"",""observedFailureTemperatureC"":88.0260289288,""guardK"":5,""guardMinimumC"":83.0260289288,""guardMaximumC"":93.0260289288,""emittedBranchIntersectsGuard"":false},{""side"":""dew"",""observedFailureTemperatureC"":-155.5989710712,""guardK"":5,""guardMinimumC"":-160.5989710712,""guardMaximumC"":-150.5989710712,""emittedBranchIntersectsGuard"":false},{""side"":""dew"",""observedFailureTemperatureC"":-143.5989710712,""guardK"":5,""guardMinimumC"":-148.5989710712,""guardMaximumC"":-138.5989710712,""emittedBranchIntersectsGuard"":false}]",,"[""no scalar CoolProp Tcrit; upper endpoint is validated solver/model coverage, not physical critical boundary"",""bubble begins >10 K above search minimum; solver-limited branch"",""bubble ends >20 K below search ceiling; solver-limited branch"",""dew begins >10 K above search minimum; solver-limited branch"",""dew ends >20 K below search ceiling; solver-limited branch""]"
r502,R502,blend,R502,unsupported,supported,R502.mix,CoolProp predefined mixture,coolprop-pt-7.2.0,,,,,,,-45.4,,,bitzer-refreport-table,"{""ashrae_safety_group"":[""bitzer-refreport-table""],""molar_mass_g_mol"":[""bitzer-refreport-table""],""nominal_glide_k"":[""bitzer-refreport-table""],""normal_boiling_c"":[""bitzer-refreport-table""],""odp"":[""bitzer-refreport-table""],""oil_notes"":[""bitzer-refreport-table""],""oil_notes_en"":[""bitzer-refreport-table""],""oil_typical"":[""bitzer-refreport-table""]}",-136.01887998249452,-136.01887998249452,-136.01887998249452,276.85,,-135.01887998249452,276.85,,,,above_model_minimum_and_reported_triple_point,validated_solver_interval_below_model_maximum,"{""nodeCount"":72,""minimumTemperatureC"":-135.0188799825,""maximumTemperatureC"":69.9811200175,""temperatureSpanK"":205.0,""minimumPressureBarAbsolute"":0.000518760394050927,""maximumPressureBarAbsolute"":31.6582487535648,""offsetAboveModelEffectiveLowerBoundK"":1.0,""offsetAboveSearchMinimumK"":-0.0,""gapBelowSearchMaximumK"":206.86888,""gapBelowCatalogCriticalK"":null}","{""nodeCount"":73,""minimumTemperatureC"":-135.0188799825,""maximumTemperatureC"":69.9811200175,""temperatureSpanK"":205.0,""minimumPressureBarAbsolute"":0.000404295875869834,""maximumPressureBarAbsolute"":31.6495926605781,""offsetAboveModelEffectiveLowerBoundK"":1.0,""offsetAboveSearchMinimumK"":-0.0,""gapBelowSearchMaximumK"":206.86888,""gapBelowCatalogCriticalK"":null}",0.0,0.0,[],,"[""no scalar CoolProp Tcrit; upper endpoint is validated solver/model coverage, not physical critical boundary"",""bubble ends >20 K below search ceiling; solver-limited branch"",""dew ends >20 K below search ceiling; solver-limited branch""]"
r503,R503,blend,R503,unsupported,supported,R503.mix,CoolProp predefined mixture,coolprop-pt-7.2.0,,,,,,,-87.9,,,bitzer-refreport-table,"{""ashrae_safety_group"":[""bitzer-refreport-table""],""molar_mass_g_mol"":[""bitzer-refreport-table""],""nominal_glide_k"":[""bitzer-refreport-table""],""normal_boiling_c"":[""bitzer-refreport-table""],""odp"":[""bitzer-refreport-table""],""oil_notes"":[""bitzer-refreport-table""],""oil_notes_en"":[""bitzer-refreport-table""],""oil_typical"":[""bitzer-refreport-table""]}",-165.07095404732024,-165.07095404732024,-165.07095404732024,189.34250874770981,,-164.07095404732024,189.34250874770981,,,,above_model_minimum_and_reported_triple_point,validated_solver_interval_below_model_maximum,"{""nodeCount"":72,""minimumTemperatureC"":-164.0709540473,""maximumTemperatureC"":5.9290459527,""temperatureSpanK"":170.0,""minimumPressureBarAbsolute"":0.000295686248501899,""maximumPressureBarAbsolute"":31.8105088649524,""offsetAboveModelEffectiveLowerBoundK"":1.0,""offsetAboveSearchMinimumK"":0.0,""gapBelowSearchMaximumK"":183.413463,""gapBelowCatalogCriticalK"":null}","{""nodeCount"":67,""minimumTemperatureC"":-154.0709540473,""maximumTemperatureC"":5.9290459527,""temperatureSpanK"":160.0,""minimumPressureBarAbsolute"":0.00133827710936629,""maximumPressureBarAbsolute"":31.568183574142,""offsetAboveModelEffectiveLowerBoundK"":11.0,""offsetAboveSearchMinimumK"":10.0,""gapBelowSearchMaximumK"":183.413463,""gapBelowCatalogCriticalK"":null}",-10.0,0.0,[],,"[""no scalar CoolProp Tcrit; upper endpoint is validated solver/model coverage, not physical critical boundary"",""bubble ends >20 K below search ceiling; solver-limited branch"",""dew ends >20 K below search ceiling; solver-limited branch"",""bubble/dew lower coverage differs by >=10 K; side-specific numerical range""]"
r504,R504,blend,R504,unsupported,unsupported,,,,,,,,no_exact_coolprop_fluid_or_predefined_mixture,no exact CoolProp 7.2.0 predefined mixture or explicit composition recipe,,,,,{},,,,,,,,,,,,,,,,,[],,"[""unsupported: no P-T saturation curve shipped""]"
r505,R505,blend,R505,unsupported,unsupported,,,,,,,,no_exact_coolprop_fluid_or_predefined_mixture,no exact CoolProp 7.2.0 predefined mixture or explicit composition recipe,,,,,{},,,,,,,,,,,,,,,,,[],,"[""unsupported: no P-T saturation curve shipped""]"
r506,R506,blend,R506,unsupported,unsupported,,,,,,,,no_exact_coolprop_fluid_or_predefined_mixture,no exact CoolProp 7.2.0 predefined mixture or explicit composition recipe,,,,,{},,,,,,,,,,,,,,,,,[],,"[""unsupported: no P-T saturation curve shipped""]"
r507a,R507A,blend,R507A,unsupported,supported,R507A,designation-specific pseudo-pure EOS,coolprop-pt-7.2.0,,,,,,,-46.7,,,bitzer-refreport-table,"{""ashrae_safety_group"":[""bitzer-refreport-table""],""molar_mass_g_mol"":[""bitzer-refreport-table""],""nominal_glide_k"":[""bitzer-refreport-table""],""normal_boiling_c"":[""bitzer-refreport-table""],""odp"":[""bitzer-refreport-table""],""oil_notes"":[""bitzer-refreport-table""],""oil_notes_en"":[""bitzer-refreport-table""],""oil_possible"":[""bitzer-refreport-table""],""oil_typical"":[""bitzer-refreport-table""]}",-73.14999999999998,-73.14999999999998,-73.14999999999998,226.85000000000002,70.61500000000001,-72.14999999999998,67.61500000000001,,,,above_model_minimum_and_reported_triple_point,critical_margin_or_model_maximum,"{""nodeCount"":37,""minimumTemperatureC"":-72.15,""maximumTemperatureC"":67.615,""temperatureSpanK"":139.765,""minimumPressureBarAbsolute"":0.247733357708213,""maximumPressureBarAbsolute"":34.7415794575218,""offsetAboveModelEffectiveLowerBoundK"":1.0,""offsetAboveSearchMinimumK"":-0.0,""gapBelowSearchMaximumK"":0.0,""gapBelowCatalogCriticalK"":null}","{""nodeCount"":37,""minimumTemperatureC"":-72.15,""maximumTemperatureC"":67.615,""temperatureSpanK"":139.765,""minimumPressureBarAbsolute"":0.247628525307166,""maximumPressureBarAbsolute"":34.7307414699294,""offsetAboveModelEffectiveLowerBoundK"":1.0,""offsetAboveSearchMinimumK"":-0.0,""gapBelowSearchMaximumK"":0.0,""gapBelowCatalogCriticalK"":null}",0.0,0.0,[],,[]
r508a,R508A,blend,R508A,unsupported,supported,R508A.mix,CoolProp predefined mixture,coolprop-pt-7.2.0,,,,,,,-87.6,,,bitzer-refreport-table,"{""ashrae_safety_group"":[""bitzer-refreport-table""],""molar_mass_g_mol"":[""bitzer-refreport-table""],""nominal_glide_k"":[""bitzer-refreport-table""],""normal_boiling_c"":[""bitzer-refreport-table""],""odp"":[""bitzer-refreport-table""],""oil_notes"":[""bitzer-refreport-table""],""oil_notes_en"":[""bitzer-refreport-table""],""oil_typical"":[""bitzer-refreport-table""]}",-130.76133930689934,-130.76133930689934,-130.76133930689934,179.72884831780993,,-129.76133930689934,179.72884831780993,,,,above_model_minimum_and_reported_triple_point,validated_solver_interval_below_model_maximum,"{""nodeCount"":43,""minimumTemperatureC"":-129.7613393069,""maximumTemperatureC"":-4.7613393069,""temperatureSpanK"":125.0,""minimumPressureBarAbsolute"":0.0379048810303479,""maximumPressureBarAbsolute"":24.9568195513445,""offsetAboveModelEffectiveLowerBoundK"":1.0,""offsetAboveSearchMinimumK"":-0.0,""gapBelowSearchMaximumK"":184.490188,""gapBelowCatalogCriticalK"":null}","{""nodeCount"":45,""minimumTemperatureC"":-129.7613393069,""maximumTemperatureC"":-4.7613393069,""temperatureSpanK"":125.0,""minimumPressureBarAbsolute"":0.0352173247372454,""maximumPressureBarAbsolute"":24.8207439892456,""offsetAboveModelEffectiveLowerBoundK"":1.0,""offsetAboveSearchMinimumK"":-0.0,""gapBelowSearchMaximumK"":184.490188,""gapBelowCatalogCriticalK"":null}",0.0,0.0,[],,"[""no scalar CoolProp Tcrit; upper endpoint is validated solver/model coverage, not physical critical boundary"",""bubble ends >20 K below search ceiling; solver-limited branch"",""dew ends >20 K below search ceiling; solver-limited branch""]"
r508b,R508B,blend,R508B,unsupported,supported,R508B.mix,CoolProp predefined mixture,coolprop-pt-7.2.0,,,,,,,-87.6,,,bitzer-refreport-table,"{""ashrae_safety_group"":[""bitzer-refreport-table""],""molar_mass_g_mol"":[""bitzer-refreport-table""],""nominal_glide_k"":[""bitzer-refreport-table""],""normal_boiling_c"":[""bitzer-refreport-table""],""odp"":[""bitzer-refreport-table""],""oil_notes"":[""bitzer-refreport-table""],""oil_notes_en"":[""bitzer-refreport-table""],""oil_typical"":[""bitzer-refreport-table""]}",-134.57144544907467,-134.57144544907467,-134.57144544907467,183.1875503350352,,-133.57144544907467,183.1875503350352,,,,above_model_minimum_and_reported_triple_point,validated_solver_interval_below_model_maximum,"{""nodeCount"":46,""minimumTemperatureC"":-133.5714454491,""maximumTemperatureC"":-3.5714454491,""temperatureSpanK"":130.0,""minimumPressureBarAbsolute"":0.0252336311436949,""maximumPressureBarAbsolute"":25.9141626266206,""offsetAboveModelEffectiveLowerBoundK"":1.0,""offsetAboveSearchMinimumK"":-0.0,""gapBelowSearchMaximumK"":186.758996,""gapBelowCatalogCriticalK"":null}","{""nodeCount"":48,""minimumTemperatureC"":-133.5714454491,""maximumTemperatureC"":-3.5714454491,""temperatureSpanK"":130.0,""minimumPressureBarAbsolute"":0.0206748530129311,""maximumPressureBarAbsolute"":25.9077901285422,""offsetAboveModelEffectiveLowerBoundK"":1.0,""offsetAboveSearchMinimumK"":-0.0,""gapBelowSearchMaximumK"":186.758996,""gapBelowCatalogCriticalK"":null}",0.0,0.0,[],,"[""no scalar CoolProp Tcrit; upper endpoint is validated solver/model coverage, not physical critical boundary"",""bubble ends >20 K below search ceiling; solver-limited branch"",""dew ends >20 K below search ceiling; solver-limited branch""]"
r509,R509,blend,R509,unsupported,unsupported,,,,,,,,no_exact_coolprop_fluid_or_predefined_mixture,no exact CoolProp 7.2.0 predefined mixture or explicit composition recipe,,,,,{},,,,,,,,,,,,,,,,,[],,"[""unsupported: no P-T saturation curve shipped""]"
r509a,R509A,blend,R509A,unsupported,supported,R509A.mix,CoolProp predefined mixture,coolprop-pt-7.2.0,,,,,,,,,,,"{""ashrae_safety_group"":[""ashrae-handbook-f25-safety""]}",-153.83128084268736,-153.83128084268736,-153.83128084268736,236.2369231168325,,-152.83128084268736,236.2369231168325,,,,above_model_minimum_and_reported_triple_point,validated_solver_interval_below_model_maximum,"{""nodeCount"":71,""minimumTemperatureC"":-137.8312808427,""maximumTemperatureC"":57.1687191573,""temperatureSpanK"":195.0,""minimumPressureBarAbsolute"":0.000363234165116333,""maximumPressureBarAbsolute"":26.6863290991562,""offsetAboveModelEffectiveLowerBoundK"":16.0,""offsetAboveSearchMinimumK"":15.0,""gapBelowSearchMaximumK"":179.068204,""gapBelowCatalogCriticalK"":null}","{""nodeCount"":85,""minimumTemperatureC"":-152.8312808427,""maximumTemperatureC"":57.1687191573,""temperatureSpanK"":210.0,""minimumPressureBarAbsolute"":1.67308103039048e-05,""maximumPressureBarAbsolute"":26.6856799158475,""offsetAboveModelEffectiveLowerBoundK"":1.0,""offsetAboveSearchMinimumK"":-0.0,""gapBelowSearchMaximumK"":179.068204,""gapBelowCatalogCriticalK"":null}",15.0,0.0,"[{""side"":""bubble"",""observedFailureTemperatureC"":-143.3312808427,""guardK"":5,""guardMinimumC"":-148.3312808427,""guardMaximumC"":-138.3312808427,""emittedBranchIntersectsGuard"":false}]",,"[""no scalar CoolProp Tcrit; upper endpoint is validated solver/model coverage, not physical critical boundary"",""bubble begins >10 K above search minimum; solver-limited branch"",""bubble ends >20 K below search ceiling; solver-limited branch"",""dew ends >20 K below search ceiling; solver-limited branch"",""bubble/dew lower coverage differs by >=10 K; side-specific numerical range""]"
r510a,R510A,blend,R510A,unsupported,supported,R510A.mix,CoolProp predefined mixture,coolprop-pt-7.2.0,,,,,,,,,,,"{""ashrae_safety_group"":[""ashrae-handbook-f25-safety""]}",-143.23891126456536,-143.23891126456536,-143.23891126456536,256.72705316387476,,-142.23891126456536,256.72705316387476,,,,above_model_minimum_and_reported_triple_point,validated_solver_interval_below_model_maximum,"{""nodeCount"":89,""minimumTemperatureC"":-142.2389112646,""maximumTemperatureC"":107.7610887354,""temperatureSpanK"":250.0,""minimumPressureBarAbsolute"":2.19899584814205e-05,""maximumPressureBarAbsolute"":37.3790359248074,""offsetAboveModelEffectiveLowerBoundK"":1.0,""offsetAboveSearchMinimumK"":-0.0,""gapBelowSearchMaximumK"":148.965964,""gapBelowCatalogCriticalK"":null}","{""nodeCount"":90,""minimumTemperatureC"":-142.2389112646,""maximumTemperatureC"":112.7610887354,""temperatureSpanK"":255.0,""minimumPressureBarAbsolute"":2.05507239434975e-05,""maximumPressureBarAbsolute"":40.8091614511926,""offsetAboveModelEffectiveLowerBoundK"":1.0,""offsetAboveSearchMinimumK"":-0.0,""gapBelowSearchMaximumK"":143.965964,""gapBelowCatalogCriticalK"":null}",0.0,-5.0,[],,"[""no scalar CoolProp Tcrit; upper endpoint is validated solver/model coverage, not physical critical boundary"",""bubble ends >20 K below search ceiling; solver-limited branch"",""dew ends >20 K below search ceiling; solver-limited branch""]"
r511a,R511A,blend,R511A,unsupported,supported,R511A.mix,CoolProp predefined mixture,coolprop-pt-7.2.0,,,,,,,-42.0,,,bitzer-refreport-table,"{""ashrae_safety_group"":[""bitzer-refreport-table""],""molar_mass_g_mol"":[""bitzer-refreport-table""],""nominal_glide_k"":[""bitzer-refreport-table""],""normal_boiling_c"":[""bitzer-refreport-table""],""odp"":[""bitzer-refreport-table""],""oil_notes"":[""bitzer-refreport-table""],""oil_notes_en"":[""bitzer-refreport-table""],""oil_possible"":[""bitzer-refreport-table""],""oil_typical"":[""bitzer-refreport-table""]}",-185.41229571049462,-185.41229571049462,-185.41229571049462,370.854811180488,,-184.41229571049462,370.854811180488,,,,above_model_minimum_and_reported_triple_point,validated_solver_interval_below_model_maximum,"{""nodeCount"":104,""minimumTemperatureC"":-174.4122957105,""maximumTemperatureC"":75.5877042895,""temperatureSpanK"":250.0,""minimumPressureBarAbsolute"":1.68979867024833e-07,""maximumPressureBarAbsolute"":28.9534366620157,""offsetAboveModelEffectiveLowerBoundK"":11.0,""offsetAboveSearchMinimumK"":10.0,""gapBelowSearchMaximumK"":295.267107,""gapBelowCatalogCriticalK"":null}","{""nodeCount"":91,""minimumTemperatureC"":-159.4122957105,""maximumTemperatureC"":75.5877042895,""temperatureSpanK"":235.0,""minimumPressureBarAbsolute"":7.31804463125546e-06,""maximumPressureBarAbsolute"":28.9498560079158,""offsetAboveModelEffectiveLowerBoundK"":26.0,""offsetAboveSearchMinimumK"":25.0,""gapBelowSearchMaximumK"":295.267107,""gapBelowCatalogCriticalK"":null}",-15.0,0.0,[],,"[""no scalar CoolProp Tcrit; upper endpoint is validated solver/model coverage, not physical critical boundary"",""bubble ends >20 K below search ceiling; solver-limited branch"",""dew begins >10 K above search minimum; solver-limited branch"",""dew ends >20 K below search ceiling; solver-limited branch"",""bubble/dew lower coverage differs by >=10 K; side-specific numerical range""]"
r512a,R512A,blend,R512A,unsupported,supported,R512A.mix,CoolProp predefined mixture,coolprop-pt-7.2.0,,,,,,,,,,,"{""ashrae_safety_group"":[""dcceew-safety-2024-preview""]}",-118.08621367524344,-118.08621367524344,-118.08621367524344,225.36730643466063,,-117.08621367524344,225.36730643466063,,,,above_model_minimum_and_reported_triple_point,validated_solver_interval_below_model_maximum,"{""nodeCount"":68,""minimumTemperatureC"":-117.0862136752,""maximumTemperatureC"":92.9137863248,""temperatureSpanK"":210.0,""minimumPressureBarAbsolute"":0.000763816811726361,""maximumPressureBarAbsolute"":30.5902897594077,""offsetAboveModelEffectiveLowerBoundK"":1.0,""offsetAboveSearchMinimumK"":0.0,""gapBelowSearchMaximumK"":132.45352,""gapBelowCatalogCriticalK"":null}","{""nodeCount"":69,""minimumTemperatureC"":-117.0862136752,""maximumTemperatureC"":92.9137863248,""temperatureSpanK"":210.0,""minimumPressureBarAbsolute"":0.000718174902826125,""maximumPressureBarAbsolute"":30.5871367443731,""offsetAboveModelEffectiveLowerBoundK"":1.0,""offsetAboveSearchMinimumK"":0.0,""gapBelowSearchMaximumK"":132.45352,""gapBelowCatalogCriticalK"":null}",0.0,0.0,[],,"[""no scalar CoolProp Tcrit; upper endpoint is validated solver/model coverage, not physical critical boundary"",""bubble ends >20 K below search ceiling; solver-limited branch"",""dew ends >20 K below search ceiling; solver-limited branch""]"
r513a,R513A,blend,R513A,unsupported,supported,R513A.mix,CoolProp predefined mixture,coolprop-pt-7.2.0,,,,,,,-29.6,,96.5,bitzer-refreport-table;chemours-xp10-critical-preview,"{""critical_pressure_bar_abs"":[""chemours-xp10-critical-preview""],""critical_temp_c"":[""chemours-xp10-critical-preview""],""molar_mass_g_mol"":[""bitzer-refreport-table""],""nominal_glide_k"":[""bitzer-refreport-table""],""normal_boiling_c"":[""bitzer-refreport-table""],""odp"":[""bitzer-refreport-table""],""oil_notes"":[""chemours-replacement-guide""],""oil_notes_en"":[""chemours-replacement-guide""],""oil_possible"":[""bitzer-refreport-table""],""oil_typical"":[""chemours-replacement-guide""]}",-76.5988483401238,-76.5988483401238,-76.5988483401238,157.89084098316192,,-75.5988483401238,157.89084098316192,,,,above_model_minimum_and_reported_triple_point,validated_solver_interval_below_model_maximum,"{""nodeCount"":43,""minimumTemperatureC"":-75.5988483401,""maximumTemperatureC"":79.4011516599,""temperatureSpanK"":155.0,""minimumPressureBarAbsolute"":0.0716583392150146,""maximumPressureBarAbsolute"":26.4834875482416,""offsetAboveModelEffectiveLowerBoundK"":1.0,""offsetAboveSearchMinimumK"":0.0,""gapBelowSearchMaximumK"":78.489689,""gapBelowCatalogCriticalK"":17.098848}","{""nodeCount"":42,""minimumTemperatureC"":-75.5988483401,""maximumTemperatureC"":74.4011516599,""temperatureSpanK"":150.0,""minimumPressureBarAbsolute"":0.0693235653905985,""maximumPressureBarAbsolute"":23.8303313051687,""offsetAboveModelEffectiveLowerBoundK"":1.0,""offsetAboveSearchMinimumK"":0.0,""gapBelowSearchMaximumK"":83.489689,""gapBelowCatalogCriticalK"":22.098848}",0.0,5.0,[],,"[""no scalar CoolProp Tcrit; upper endpoint is validated solver/model coverage, not physical critical boundary"",""bubble ends >20 K below search ceiling; solver-limited branch"",""dew ends >20 K below search ceiling; solver-limited branch""]"
r513b,R513B,blend,R513B,unsupported,supported,HEOS::R1234yf[0.55775520100410925]&R134a[0.4422447989958907],explicit-composition HEOS blend,unep-ozone-oewg47-inf3-rev1,,,,"{""coolPropFluid"":""HEOS::R1234yf[0.55775520100410925]&R134a[0.4422447989958907]"",""components"":[{""refrigerantId"":""r1234yf"",""coolPropFluid"":""R1234yf"",""massFraction"":""0.585"",""sourceId"":""unep-ozone-oewg47-inf3-rev1"",""molarMassKgMol"":0.1140415928,""moleFraction"":0.5577552010041092},{""refrigerantId"":""r134a"",""coolPropFluid"":""R134a"",""massFraction"":""0.415"",""sourceId"":""unep-ozone-oewg47-inf3-rev1"",""molarMassKgMol"":0.102032,""moleFraction"":0.4422447989958907}],""binaryPairs"":[{""components"":[""r1234yf"",""r134a""],""policy"":""built_in_HEOS_parameters_only""}]}",,,-29.6,,,bitzer-refreport-table,"{""ashrae_safety_group"":[""bitzer-refreport-table""],""molar_mass_g_mol"":[""bitzer-refreport-table""],""nominal_glide_k"":[""bitzer-refreport-table""],""normal_boiling_c"":[""bitzer-refreport-table""],""odp"":[""bitzer-refreport-table""],""oil_notes"":[""bitzer-refreport-table""],""oil_notes_en"":[""bitzer-refreport-table""],""oil_possible"":[""bitzer-refreport-table""],""oil_typical"":[""bitzer-refreport-table""]}",-75.3285766696439,-75.3285766696439,-75.3285766696439,156.7510159548151,,-74.3285766696439,156.7510159548151,,,,above_model_minimum_and_reported_triple_point,validated_solver_interval_below_model_maximum,"{""nodeCount"":41,""minimumTemperatureC"":-74.3285766696,""maximumTemperatureC"":75.6714233304,""temperatureSpanK"":150.0,""minimumPressureBarAbsolute"":0.0791050220532992,""maximumPressureBarAbsolute"":24.455157887812,""offsetAboveModelEffectiveLowerBoundK"":1.0,""offsetAboveSearchMinimumK"":0.0,""gapBelowSearchMaximumK"":81.079593,""gapBelowCatalogCriticalK"":null}","{""nodeCount"":42,""minimumTemperatureC"":-74.3285766696,""maximumTemperatureC"":75.6714233304,""temperatureSpanK"":150.0,""minimumPressureBarAbsolute"":0.0769351240679327,""maximumPressureBarAbsolute"":24.4435009706917,""offsetAboveModelEffectiveLowerBoundK"":1.0,""offsetAboveSearchMinimumK"":0.0,""gapBelowSearchMaximumK"":81.079593,""gapBelowCatalogCriticalK"":null}",0.0,0.0,[],,"[""no scalar CoolProp Tcrit; upper endpoint is validated solver/model coverage, not physical critical boundary"",""bubble ends >20 K below search ceiling; solver-limited branch"",""dew ends >20 K below search ceiling; solver-limited branch""]"
r514a,R514A,blend,R514A,unsupported,unsupported,,,,,,,,no_exact_coolprop_fluid_or_predefined_mixture,no exact CoolProp 7.2.0 predefined mixture or explicit composition recipe,29.1,,,bitzer-refreport-table;chemours-xp30-tech,"{""ashrae_safety_group"":[""epa-chiller-snap-r514a""],""critical_pressure_bar_abs"":[""chemours-xp30-tech""],""molar_mass_g_mol"":[""chemours-xp30-tech""],""nominal_glide_k"":[""bitzer-refreport-table""],""normal_boiling_c"":[""chemours-xp30-tech""],""odp"":[""epa-chiller-snap-r514a""],""oil_notes"":[""bitzer-refreport-table""],""oil_notes_en"":[""bitzer-refreport-table""],""oil_typical"":[""bitzer-refreport-table""]}",,,,,,,,,,,,,,,,,[],,"[""unsupported: no P-T saturation curve shipped""]"
r515a,R515A,blend,R515A,unsupported,unsupported,,,,,,,,no_exact_coolprop_fluid_or_predefined_mixture,no exact CoolProp 7.2.0 predefined mixture or explicit composition recipe,,,,,"{""ashrae_safety_group"":[""dcceew-safety-2024-preview""]}",,,,,,,,,,,,,,,,,[],,"[""unsupported: no P-T saturation curve shipped""]"
r515b,R515B,blend,R515B,unsupported,unsupported,,,,,,,,no_exact_coolprop_fluid_or_predefined_mixture,no exact CoolProp 7.2.0 predefined mixture or explicit composition recipe,-18.9,,108.7,bitzer-refreport-table;honeywell-r515b-tds;honeywell-r515b-metric-2026,"{""ashrae_safety_group"":[""honeywell-r515b-tds""],""critical_pressure_bar_abs"":[""honeywell-r515b-metric-2026""],""critical_temp_c"":[""honeywell-r515b-metric-2026""],""lower_flammability_limit_vol_pct"":[""honeywell-r515b-tds""],""molar_mass_g_mol"":[""bitzer-refreport-table""],""nominal_glide_k"":[""bitzer-refreport-table""],""normal_boiling_c"":[""honeywell-r515b-tds""],""odp"":[""honeywell-r515b-tds""],""oil_notes"":[""honeywell-r515b-tds""],""oil_notes_en"":[""honeywell-r515b-tds""],""oil_typical"":[""honeywell-r515b-tds""]}",,,,,,,,,,,,,,,,,[],"{""updatedFacts"":{""critical_temp_c"":""108.7"",""critical_pressure_bar_abs"":""35.8""},""ptStatus"":""unsupported""}","[""unsupported: no P-T saturation curve shipped""]"
r516a,R516A,blend,R516A,unsupported,unsupported,,,,,,,,no_exact_coolprop_fluid_or_predefined_mixture,no exact CoolProp 7.2.0 predefined mixture or explicit composition recipe,-29.4,,,bitzer-refreport-table,"{""ashrae_safety_group"":[""epa-r516a-snap27""],""molar_mass_g_mol"":[""bitzer-refreport-table""],""nominal_glide_k"":[""bitzer-refreport-table""],""normal_boiling_c"":[""bitzer-refreport-table""],""odp"":[""bitzer-refreport-table""],""oil_notes"":[""bitzer-refreport-table""],""oil_notes_en"":[""bitzer-refreport-table""],""oil_typical"":[""bitzer-refreport-table""]}",,,,,,,,,,,,,,,,,[],,"[""unsupported: no P-T saturation curve shipped""]"
r600,R600,pure,n-Butane,unsupported,supported,R600,CoolProp pure-fluid EOS,coolprop-pt-7.2.0,,,,,,,-0.5,-138.255,151.975,bitzer-refreport-table;coolprop-mit,"{""ashrae_safety_group"":[""coolprop-mit""],""autoignition_c"":[""ul-flammable-whitepaper""],""chemical_name"":[""coolprop-mit""],""lower_flammability_limit_vol_pct"":[""ul-flammable-whitepaper""],""normal_boiling_c"":[""bitzer-refreport-table""],""odp"":[""bitzer-refreport-table""],""oil_notes"":[""bitzer-refreport-table""],""oil_notes_en"":[""bitzer-refreport-table""],""oil_possible"":[""bitzer-refreport-table""],""oil_typical"":[""bitzer-refreport-table""]}",-138.25499999999997,-138.25499999999997,-138.25499999999997,301.85,151.97500000000804,-137.25499999999997,148.97500000000804,0.0,0.0,0.0,above_model_minimum_and_reported_triple_point,critical_margin_or_model_maximum,"{""nodeCount"":96,""minimumTemperatureC"":-137.255,""maximumTemperatureC"":148.975,""temperatureSpanK"":286.23,""minimumPressureBarAbsolute"":8.04104485679763e-06,""maximumPressureBarAbsolute"":36.1335870791869,""offsetAboveModelEffectiveLowerBoundK"":1.0,""offsetAboveSearchMinimumK"":-0.0,""gapBelowSearchMaximumK"":0.0,""gapBelowCatalogCriticalK"":3.0}","{""nodeCount"":96,""minimumTemperatureC"":-137.255,""maximumTemperatureC"":148.975,""temperatureSpanK"":286.23,""minimumPressureBarAbsolute"":8.04104485679763e-06,""maximumPressureBarAbsolute"":36.1335870791869,""offsetAboveModelEffectiveLowerBoundK"":1.0,""offsetAboveSearchMinimumK"":-0.0,""gapBelowSearchMaximumK"":0.0,""gapBelowCatalogCriticalK"":3.0}",0.0,0.0,[],,[]
r600a,R600A,pure,IsoButane,unsupported,supported,R600A,CoolProp pure-fluid EOS,coolprop-pt-7.2.0,,,,,,,-11.8,-159.42,134.667,bitzer-refreport-table;coolprop-mit,"{""autoignition_c"":[""ul-flammable-whitepaper""],""chemical_name"":[""coolprop-mit""],""lower_flammability_limit_vol_pct"":[""ul-flammable-whitepaper""],""normal_boiling_c"":[""bitzer-refreport-table""],""odp"":[""bitzer-refreport-table""],""oil_notes"":[""bitzer-refreport-table""],""oil_notes_en"":[""bitzer-refreport-table""],""oil_possible"":[""bitzer-refreport-table""],""oil_typical"":[""bitzer-refreport-table""]}",-159.41999999999996,-159.41999999999996,-159.41999999999996,301.85,134.66000000000463,-158.41999999999996,131.66000000000463,0.0,0.0,-0.007,above_model_minimum_and_reported_triple_point,critical_margin_or_model_maximum,"{""nodeCount"":107,""minimumTemperatureC"":-158.42,""maximumTemperatureC"":131.58,""temperatureSpanK"":290.0,""minimumPressureBarAbsolute"":2.96079086933227e-07,""maximumPressureBarAbsolute"":34.4733368405172,""offsetAboveModelEffectiveLowerBoundK"":1.0,""offsetAboveSearchMinimumK"":-0.0,""gapBelowSearchMaximumK"":0.08,""gapBelowCatalogCriticalK"":3.087}","{""nodeCount"":107,""minimumTemperatureC"":-158.42,""maximumTemperatureC"":131.58,""temperatureSpanK"":290.0,""minimumPressureBarAbsolute"":2.96079086933227e-07,""maximumPressureBarAbsolute"":34.4733368405172,""offsetAboveModelEffectiveLowerBoundK"":1.0,""offsetAboveSearchMinimumK"":-0.0,""gapBelowSearchMaximumK"":0.08,""gapBelowCatalogCriticalK"":3.087}",0.0,0.0,[],,[]
r601,R601,pure,n-Pentane,unsupported,supported,R601,CoolProp pure-fluid EOS,coolprop-pt-7.2.0,,,,,,,,-129.68,196.55000000000004,coolprop-mit,"{""chemical_name"":[""coolprop-mit""],""ashrae_safety_group"":[""ashrae-handbook-f25-safety""]}",-129.67999999999998,-129.67999999999998,-129.67999999999998,376.85,196.54999987111665,-128.67999999999998,193.54999987111665,0.0,0.0,-0.0,above_model_minimum_and_reported_triple_point,critical_margin_or_model_maximum,"{""nodeCount"":106,""minimumTemperatureC"":-128.68,""maximumTemperatureC"":193.5499998711,""temperatureSpanK"":322.23,""minimumPressureBarAbsolute"":9.52790736409506e-07,""maximumPressureBarAbsolute"":32.1524924237773,""offsetAboveModelEffectiveLowerBoundK"":1.0,""offsetAboveSearchMinimumK"":-0.0,""gapBelowSearchMaximumK"":0.0,""gapBelowCatalogCriticalK"":3.0}","{""nodeCount"":106,""minimumTemperatureC"":-128.68,""maximumTemperatureC"":193.5499998711,""temperatureSpanK"":322.23,""minimumPressureBarAbsolute"":9.52790736409506e-07,""maximumPressureBarAbsolute"":32.1524924237773,""offsetAboveModelEffectiveLowerBoundK"":1.0,""offsetAboveSearchMinimumK"":-0.0,""gapBelowSearchMaximumK"":0.0,""gapBelowCatalogCriticalK"":3.0}",0.0,0.0,[],,[]
r601a,R601a,pure,Isopentane,unsupported,supported,R601a,CoolProp pure-fluid EOS,coolprop-pt-7.2.0,,,,,,,,-160.5,187.2,coolprop-mit,"{""ashrae_safety_group"":[""coolprop-mit""],""chemical_name"":[""coolprop-mit""]}",-160.49999999999997,-160.49999999999997,-160.49999999999997,226.85000000000002,187.19979471144592,-159.49999999999997,184.19979471144592,0.0,0.0,-0.000205,above_model_minimum_and_reported_triple_point,critical_margin_or_model_maximum,"{""nodeCount"":127,""minimumTemperatureC"":-159.5,""maximumTemperatureC"":184.1997947114,""temperatureSpanK"":343.699795,""minimumPressureBarAbsolute"":1.24000769964001e-09,""maximumPressureBarAbsolute"":32.2514145427965,""offsetAboveModelEffectiveLowerBoundK"":1.0,""offsetAboveSearchMinimumK"":-0.0,""gapBelowSearchMaximumK"":0.0,""gapBelowCatalogCriticalK"":3.000205}","{""nodeCount"":127,""minimumTemperatureC"":-159.5,""maximumTemperatureC"":184.1997947114,""temperatureSpanK"":343.699795,""minimumPressureBarAbsolute"":1.24000769964001e-09,""maximumPressureBarAbsolute"":32.2514145427965,""offsetAboveModelEffectiveLowerBoundK"":1.0,""offsetAboveSearchMinimumK"":-0.0,""gapBelowSearchMaximumK"":0.0,""gapBelowCatalogCriticalK"":3.000205}",0.0,0.0,[],,[]
r702,R702,pure,Hydrogen,unsupported,supported,R702,CoolProp pure-fluid EOS,coolprop-pt-7.2.0,,,,,,,,-259.193,-240.005,coolprop-mit,"{""ashrae_safety_group"":[""coolprop-mit""],""chemical_name"":[""coolprop-mit""]}",-259.193,-259.193,-259.193,726.85,-240.00566731168868,-258.6372666189636,-240.66855396545492,0.0,0.0,-0.000667,above_model_minimum_and_reported_triple_point,critical_margin_or_model_maximum,"{""nodeCount"":37,""minimumTemperatureC"":-258.637266619,""maximumTemperatureC"":-240.6685539655,""temperatureSpanK"":17.968713,""minimumPressureBarAbsolute"":0.100139080109195,""maximumPressureBarAbsolute"":11.7649905072929,""offsetAboveModelEffectiveLowerBoundK"":0.555733,""offsetAboveSearchMinimumK"":-0.0,""gapBelowSearchMaximumK"":0.0,""gapBelowCatalogCriticalK"":0.663554}","{""nodeCount"":37,""minimumTemperatureC"":-258.637266619,""maximumTemperatureC"":-240.6685539655,""temperatureSpanK"":17.968713,""minimumPressureBarAbsolute"":0.100139080109195,""maximumPressureBarAbsolute"":11.7649905072929,""offsetAboveModelEffectiveLowerBoundK"":0.555733,""offsetAboveSearchMinimumK"":-0.0,""gapBelowSearchMaximumK"":0.0,""gapBelowCatalogCriticalK"":0.663554}",0.0,0.0,[],,[]
r704,R704,pure,Helium,unsupported,supported,R704,CoolProp pure-fluid EOS,coolprop-pt-7.2.0,,,,,,,,-270.9732,-267.9547,coolprop-mit,"{""ashrae_safety_group"":[""coolprop-mit""],""chemical_name"":[""coolprop-mit""]}",-270.97319999999996,-270.97319999999996,-270.97319999999996,1726.85,-267.954699986364,-270.88576217959906,-268.05860598663673,0.0,0.0,0.0,above_model_minimum_and_reported_triple_point,critical_margin_or_model_maximum,"{""nodeCount"":32,""minimumTemperatureC"":-270.8857621796,""maximumTemperatureC"":-268.0586059866,""temperatureSpanK"":2.827156,""minimumPressureBarAbsolute"":0.0620131517952676,""maximumPressureBarAbsolute"":2.10702667996259,""offsetAboveModelEffectiveLowerBoundK"":0.087438,""offsetAboveSearchMinimumK"":-0.0,""gapBelowSearchMaximumK"":-0.0,""gapBelowCatalogCriticalK"":0.103906}","{""nodeCount"":32,""minimumTemperatureC"":-270.8857621796,""maximumTemperatureC"":-268.0586059866,""temperatureSpanK"":2.827156,""minimumPressureBarAbsolute"":0.0620131517952676,""maximumPressureBarAbsolute"":2.10702667996259,""offsetAboveModelEffectiveLowerBoundK"":0.087438,""offsetAboveSearchMinimumK"":-0.0,""gapBelowSearchMaximumK"":-0.0,""gapBelowCatalogCriticalK"":0.103906}",0.0,0.0,[],,[]
r717,R717,pure,Ammonia,unsupported,supported,R717,CoolProp pure-fluid EOS,coolprop-pt-7.2.0,,,,,,,-33.4,-77.655,132.41,bitzer-refreport-table;coolprop-mit,"{""chemical_name"":[""coolprop-mit""],""normal_boiling_c"":[""bitzer-refreport-table""],""odp"":[""bitzer-refreport-table""],""lower_flammability_limit_vol_pct"":[""linde-r717-sds-2020""],""autoignition_c"":[""linde-r717-sds-2020""]}",-77.65499999999997,-77.65499999999997,-77.65499999999997,451.85,132.40999997326355,-76.65499999999997,129.40999997326355,0.0,0.0,-0.0,above_model_minimum_and_reported_triple_point,critical_margin_or_model_maximum,"{""nodeCount"":55,""minimumTemperatureC"":-76.655,""maximumTemperatureC"":129.4099999733,""temperatureSpanK"":206.065,""minimumPressureBarAbsolute"":0.0655818848107642,""maximumPressureBarAbsolute"":107.752169408719,""offsetAboveModelEffectiveLowerBoundK"":1.0,""offsetAboveSearchMinimumK"":-0.0,""gapBelowSearchMaximumK"":-0.0,""gapBelowCatalogCriticalK"":3.0}","{""nodeCount"":55,""minimumTemperatureC"":-76.655,""maximumTemperatureC"":129.4099999733,""temperatureSpanK"":206.065,""minimumPressureBarAbsolute"":0.0655818848107642,""maximumPressureBarAbsolute"":107.752169408719,""offsetAboveModelEffectiveLowerBoundK"":1.0,""offsetAboveSearchMinimumK"":-0.0,""gapBelowSearchMaximumK"":-0.0,""gapBelowCatalogCriticalK"":3.0}",0.0,0.0,[],,[]
r718,R718,pure,Water,unsupported,supported,R718,CoolProp pure-fluid EOS,coolprop-pt-7.2.0,,,,,,,100.0,0.01,373.946,bitzer-refreport-table;coolprop-mit,"{""chemical_name"":[""coolprop-mit""],""normal_boiling_c"":[""bitzer-refreport-table""],""odp"":[""bitzer-refreport-table""]}",0.010000000000047748,0.010000000000047748,0.010000000000047748,1726.85,373.9459999999873,1.0100000000000477,370.9459999999873,0.0,0.0,-0.0,above_model_minimum_and_reported_triple_point,critical_margin_or_model_maximum,"{""nodeCount"":83,""minimumTemperatureC"":1.01,""maximumTemperatureC"":370.946,""temperatureSpanK"":369.936,""minimumPressureBarAbsolute"":0.0065755938383615,""maximumPressureBarAbsolute"":212.833334373748,""offsetAboveModelEffectiveLowerBoundK"":1.0,""offsetAboveSearchMinimumK"":-0.0,""gapBelowSearchMaximumK"":-0.0,""gapBelowCatalogCriticalK"":3.0}","{""nodeCount"":83,""minimumTemperatureC"":1.01,""maximumTemperatureC"":370.946,""temperatureSpanK"":369.936,""minimumPressureBarAbsolute"":0.0065755938383615,""maximumPressureBarAbsolute"":212.833334373748,""offsetAboveModelEffectiveLowerBoundK"":1.0,""offsetAboveSearchMinimumK"":-0.0,""gapBelowSearchMaximumK"":-0.0,""gapBelowCatalogCriticalK"":3.0}",0.0,0.0,[],,[]
r720,R720,pure,Neon,unsupported,supported,R720,CoolProp pure-fluid EOS,coolprop-pt-7.2.0,,,,,,,,-248.59,-228.75,coolprop-mit,"{""ashrae_safety_group"":[""coolprop-mit""],""chemical_name"":[""coolprop-mit""]}",-248.58999999999997,-248.58999999999997,-248.58999999999997,451.85,-228.75000029501308,-248.02144000867335,-229.6380002891128,0.0,0.0,-0.0,above_model_minimum_and_reported_triple_point,critical_margin_or_model_maximum,"{""nodeCount"":31,""minimumTemperatureC"":-248.0214400087,""maximumTemperatureC"":-229.6380002891,""temperatureSpanK"":18.38344,""minimumPressureBarAbsolute"":0.532952356372711,""maximumPressureBarAbsolute"":23.7272841507267,""offsetAboveModelEffectiveLowerBoundK"":0.56856,""offsetAboveSearchMinimumK"":-0.0,""gapBelowSearchMaximumK"":-0.0,""gapBelowCatalogCriticalK"":0.888}","{""nodeCount"":31,""minimumTemperatureC"":-248.0214400087,""maximumTemperatureC"":-229.6380002891,""temperatureSpanK"":18.38344,""minimumPressureBarAbsolute"":0.532952356372711,""maximumPressureBarAbsolute"":23.7272841507267,""offsetAboveModelEffectiveLowerBoundK"":0.56856,""offsetAboveSearchMinimumK"":-0.0,""gapBelowSearchMaximumK"":-0.0,""gapBelowCatalogCriticalK"":0.888}",0.0,0.0,[],,[]
r728,R728,pure,Nitrogen,unsupported,supported,R728,CoolProp pure-fluid EOS,coolprop-pt-7.2.0,,,,,,,,-209.999,-146.958,coolprop-mit,"{""ashrae_safety_group"":[""coolprop-mit""],""chemical_name"":[""coolprop-mit""]}",-209.99899999999997,-209.99899999999997,-209.99899999999997,1726.85,-146.95800000041442,-208.99899999999997,-149.48184000040612,0.0,0.0,-0.0,above_model_minimum_and_reported_triple_point,critical_margin_or_model_maximum,"{""nodeCount"":38,""minimumTemperatureC"":-208.999,""maximumTemperatureC"":-149.4818400004,""temperatureSpanK"":59.51716,""minimumPressureBarAbsolute"":0.150003963502184,""maximumPressureBarAbsolute"":30.0755320654052,""offsetAboveModelEffectiveLowerBoundK"":1.0,""offsetAboveSearchMinimumK"":-0.0,""gapBelowSearchMaximumK"":-0.0,""gapBelowCatalogCriticalK"":2.52384}","{""nodeCount"":38,""minimumTemperatureC"":-208.999,""maximumTemperatureC"":-149.4818400004,""temperatureSpanK"":59.51716,""minimumPressureBarAbsolute"":0.150003963502184,""maximumPressureBarAbsolute"":30.0755320654052,""offsetAboveModelEffectiveLowerBoundK"":1.0,""offsetAboveSearchMinimumK"":-0.0,""gapBelowSearchMaximumK"":-0.0,""gapBelowCatalogCriticalK"":2.52384}",0.0,0.0,[],,[]
r729,R729,pure,Air,unsupported,supported,R729,CoolProp pure-fluid EOS,coolprop-pt-7.2.0,,,,,,,,-213.4,-140.6194,coolprop-mit,"{""chemical_name"":[""coolprop-mit""]}",-213.39999999999998,-213.39999999999998,-213.39999999999998,1726.85,-140.61939999999998,-212.39999999999998,-143.27001199999998,0.0,0.0,0.0,above_model_minimum_and_reported_triple_point,critical_margin_or_model_maximum,"{""nodeCount"":46,""minimumTemperatureC"":-212.4,""maximumTemperatureC"":-143.270012,""temperatureSpanK"":69.129988,""minimumPressureBarAbsolute"":0.0646407662139354,""maximumPressureBarAbsolute"":34.1190377369055,""offsetAboveModelEffectiveLowerBoundK"":1.0,""offsetAboveSearchMinimumK"":-0.0,""gapBelowSearchMaximumK"":0.0,""gapBelowCatalogCriticalK"":2.650612}","{""nodeCount"":50,""minimumTemperatureC"":-212.4,""maximumTemperatureC"":-143.270012,""temperatureSpanK"":69.129988,""minimumPressureBarAbsolute"":0.0308806615332202,""maximumPressureBarAbsolute"":32.8939306204217,""offsetAboveModelEffectiveLowerBoundK"":1.0,""offsetAboveSearchMinimumK"":-0.0,""gapBelowSearchMaximumK"":0.0,""gapBelowCatalogCriticalK"":2.650612}",0.0,0.0,[],,[]
r732,R732,pure,Oxygen,unsupported,supported,R732,CoolProp pure-fluid EOS,coolprop-pt-7.2.0,,,,,,,,-218.789,-118.56899999999997,coolprop-mit,"{""chemical_name"":[""coolprop-mit""]}",-218.789,-218.789,-218.789,1726.85,-118.55061016471444,-217.789,-121.64259796142017,0.0,0.0,0.01839,above_model_minimum_and_reported_triple_point,critical_margin_or_model_maximum,"{""nodeCount"":67,""minimumTemperatureC"":-217.789,""maximumTemperatureC"":-121.6425979614,""temperatureSpanK"":96.146402,""minimumPressureBarAbsolute"":0.00199435848195378,""maximumPressureBarAbsolute"":44.7578156815891,""offsetAboveModelEffectiveLowerBoundK"":1.0,""offsetAboveSearchMinimumK"":0.0,""gapBelowSearchMaximumK"":-0.0,""gapBelowCatalogCriticalK"":3.073598}","{""nodeCount"":67,""minimumTemperatureC"":-217.789,""maximumTemperatureC"":-121.6425979614,""temperatureSpanK"":96.146402,""minimumPressureBarAbsolute"":0.00199435848195378,""maximumPressureBarAbsolute"":44.7578156815891,""offsetAboveModelEffectiveLowerBoundK"":1.0,""offsetAboveSearchMinimumK"":0.0,""gapBelowSearchMaximumK"":-0.0,""gapBelowCatalogCriticalK"":3.073598}",0.0,0.0,[],,[]
r740,R740,pure,Argon,unsupported,supported,R740,CoolProp pure-fluid EOS,coolprop-pt-7.2.0,,,,,,,,-189.344,-122.463,coolprop-mit,"{""ashrae_safety_group"":[""coolprop-mit""],""chemical_name"":[""coolprop-mit""]}",-189.344,-189.344,-189.344,1726.85,-122.46299999998939,-188.344,-125.4767399999896,0.0,0.0,0.0,above_model_minimum_and_reported_triple_point,critical_margin_or_model_maximum,"{""nodeCount"":33,""minimumTemperatureC"":-188.344,""maximumTemperatureC"":-125.47674,""temperatureSpanK"":62.86726,""minimumPressureBarAbsolute"":0.77199044335306,""maximumPressureBarAbsolute"":43.2404148020219,""offsetAboveModelEffectiveLowerBoundK"":1.0,""offsetAboveSearchMinimumK"":0.0,""gapBelowSearchMaximumK"":0.0,""gapBelowCatalogCriticalK"":3.01374}","{""nodeCount"":33,""minimumTemperatureC"":-188.344,""maximumTemperatureC"":-125.47674,""temperatureSpanK"":62.86726,""minimumPressureBarAbsolute"":0.77199044335306,""maximumPressureBarAbsolute"":43.2404148020219,""offsetAboveModelEffectiveLowerBoundK"":1.0,""offsetAboveSearchMinimumK"":0.0,""gapBelowSearchMaximumK"":0.0,""gapBelowCatalogCriticalK"":3.01374}",0.0,0.0,[],,[]
r744,R744,pure,CarbonDioxide,unsupported,supported,R744,CoolProp pure-fluid EOS,coolprop-pt-7.2.0,,,,,,,,-56.558,30.9782,coolprop-mit,"{""chemical_name"":[""coolprop-mit""],""odp"":[""bitzer-refreport-table""],""oil_notes"":[""bitzer-refreport-table""],""oil_notes_en"":[""bitzer-refreport-table""],""oil_possible"":[""bitzer-refreport-table""],""oil_typical"":[""bitzer-refreport-table""]}",-56.557999999999964,-56.557999999999964,-56.557999999999964,1726.85,30.978200002980714,-55.557999999999964,27.978200002980714,0.0,0.0,0.0,above_model_minimum_and_reported_triple_point,critical_margin_or_model_maximum,"{""nodeCount"":26,""minimumTemperatureC"":-55.558,""maximumTemperatureC"":27.978200003,""temperatureSpanK"":83.5362,""minimumPressureBarAbsolute"":5.40861265144201,""maximumPressureBarAbsolute"":68.8838781983492,""offsetAboveModelEffectiveLowerBoundK"":1.0,""offsetAboveSearchMinimumK"":-0.0,""gapBelowSearchMaximumK"":-0.0,""gapBelowCatalogCriticalK"":3.0}","{""nodeCount"":26,""minimumTemperatureC"":-55.558,""maximumTemperatureC"":27.978200003,""temperatureSpanK"":83.5362,""minimumPressureBarAbsolute"":5.40861265144201,""maximumPressureBarAbsolute"":68.8838781983492,""offsetAboveModelEffectiveLowerBoundK"":1.0,""offsetAboveSearchMinimumK"":-0.0,""gapBelowSearchMaximumK"":-0.0,""gapBelowCatalogCriticalK"":3.0}",0.0,0.0,[],,[]
rc318,RC318,pure,Octafluorocyclobutane,unsupported,supported,RC318,CoolProp pure-fluid EOS,coolprop-pt-7.2.0,,,,,,,,,,,"{""chemical_name"":[""unep-ozone-blends-live-v3""],""euAnnex"":[""eu-2024-573""],""gwp_eu_2024_573_100yr"":[""eu-2024-573""],""ashrae_safety_group"":[""ashrae-handbook-f25-safety""]}",-39.79999999999998,-39.79999999999998,-39.79999999999998,349.85,115.22102244269843,-38.79999999999998,112.22102244269843,,,,above_model_minimum_and_reported_triple_point,critical_margin_or_model_maximum,"{""nodeCount"":38,""minimumTemperatureC"":-38.8,""maximumTemperatureC"":112.2210224427,""temperatureSpanK"":151.021022,""minimumPressureBarAbsolute"":0.206053419336258,""maximumPressureBarAbsolute"":26.168272077024,""offsetAboveModelEffectiveLowerBoundK"":1.0,""offsetAboveSearchMinimumK"":-0.0,""gapBelowSearchMaximumK"":-0.0,""gapBelowCatalogCriticalK"":null}","{""nodeCount"":38,""minimumTemperatureC"":-38.8,""maximumTemperatureC"":112.2210224427,""temperatureSpanK"":151.021022,""minimumPressureBarAbsolute"":0.206053419336258,""maximumPressureBarAbsolute"":26.168272077024,""offsetAboveModelEffectiveLowerBoundK"":1.0,""offsetAboveSearchMinimumK"":-0.0,""gapBelowSearchMaximumK"":-0.0,""gapBelowCatalogCriticalK"":null}",0.0,0.0,[],,[]
re143a,RE143A,pure,Methyl trifluoromethyl ether,unsupported,supported,RE143A,CoolProp pure-fluid EOS,coolprop-pt-7.2.0,,,,,,,,-33.15,104.771,coolprop-mit,"{""chemical_name"":[""nist-refprop-identities""]}",-33.14999999999998,-33.14999999999998,-33.14999999999998,146.85000000000002,104.76757450104975,-32.14999999999998,101.76757450104975,0.0,0.0,-0.003425,above_model_minimum_and_reported_triple_point,critical_margin_or_model_maximum,"{""nodeCount"":31,""minimumTemperatureC"":-32.15,""maximumTemperatureC"":101.767574501,""temperatureSpanK"":133.917575,""minimumPressureBarAbsolute"":0.685547504635122,""maximumPressureBarAbsolute"":34.3286676714077,""offsetAboveModelEffectiveLowerBoundK"":1.0,""offsetAboveSearchMinimumK"":-0.0,""gapBelowSearchMaximumK"":0.0,""gapBelowCatalogCriticalK"":3.003425}","{""nodeCount"":31,""minimumTemperatureC"":-32.15,""maximumTemperatureC"":101.767574501,""temperatureSpanK"":133.917575,""minimumPressureBarAbsolute"":0.685547504635122,""maximumPressureBarAbsolute"":34.3286676714077,""offsetAboveModelEffectiveLowerBoundK"":1.0,""offsetAboveSearchMinimumK"":-0.0,""gapBelowSearchMaximumK"":0.0,""gapBelowCatalogCriticalK"":3.003425}",0.0,0.0,[],,[]
re170,RE170,pure,DimethylEther,unsupported,supported,DimethylEther,CoolProp pure-fluid EOS,coolprop-pt-7.2.0,,,,,,,,-141.49,127.228,coolprop-mit,"{""ashrae_safety_group"":[""coolprop-mit""],""chemical_name"":[""coolprop-mit""]}",-141.48999999999998,-141.48999999999998,-141.48999999999998,251.85000000000002,127.22799991219063,-140.48999999999998,124.22799991219063,0.0,0.0,-0.0,above_model_minimum_and_reported_triple_point,critical_margin_or_model_maximum,"{""nodeCount"":91,""minimumTemperatureC"":-140.49,""maximumTemperatureC"":124.2279999122,""temperatureSpanK"":264.718,""minimumPressureBarAbsolute"":2.66463281792288e-05,""maximumPressureBarAbsolute"":50.6605201179502,""offsetAboveModelEffectiveLowerBoundK"":1.0,""offsetAboveSearchMinimumK"":-0.0,""gapBelowSearchMaximumK"":-0.0,""gapBelowCatalogCriticalK"":3.0}","{""nodeCount"":91,""minimumTemperatureC"":-140.49,""maximumTemperatureC"":124.2279999122,""temperatureSpanK"":264.718,""minimumPressureBarAbsolute"":2.66463281792288e-05,""maximumPressureBarAbsolute"":50.6605201179502,""offsetAboveModelEffectiveLowerBoundK"":1.0,""offsetAboveSearchMinimumK"":-0.0,""gapBelowSearchMaximumK"":-0.0,""gapBelowCatalogCriticalK"":3.0}",0.0,0.0,[],,[]
